-- MySQL dump 10.13  Distrib 8.0.25, for macos11.3 (x86_64)
--
-- Host: localhost    Database: vk
-- ------------------------------------------------------
-- Server version	8.0.25

/*!40101 SET @OLD_CHARACTER_SET_CLIENT=@@CHARACTER_SET_CLIENT */;
/*!40101 SET @OLD_CHARACTER_SET_RESULTS=@@CHARACTER_SET_RESULTS */;
/*!40101 SET @OLD_COLLATION_CONNECTION=@@COLLATION_CONNECTION */;
/*!50503 SET NAMES utf8mb4 */;
/*!40103 SET @OLD_TIME_ZONE=@@TIME_ZONE */;
/*!40103 SET TIME_ZONE='+00:00' */;
/*!40014 SET @OLD_UNIQUE_CHECKS=@@UNIQUE_CHECKS, UNIQUE_CHECKS=0 */;
/*!40014 SET @OLD_FOREIGN_KEY_CHECKS=@@FOREIGN_KEY_CHECKS, FOREIGN_KEY_CHECKS=0 */;
/*!40101 SET @OLD_SQL_MODE=@@SQL_MODE, SQL_MODE='NO_AUTO_VALUE_ON_ZERO' */;
/*!40111 SET @OLD_SQL_NOTES=@@SQL_NOTES, SQL_NOTES=0 */;

--
-- Table structure for table `cities`
--

DROP TABLE IF EXISTS `cities`;
/*!40101 SET @saved_cs_client     = @@character_set_client */;
/*!50503 SET character_set_client = utf8mb4 */;
CREATE TABLE `cities` (
  `id` int unsigned NOT NULL AUTO_INCREMENT,
  `name` varchar(150) CHARACTER SET utf8mb4 COLLATE utf8mb4_unicode_ci NOT NULL,
  `country_id` int unsigned DEFAULT NULL,
  PRIMARY KEY (`id`)
) ENGINE=InnoDB AUTO_INCREMENT=51 DEFAULT CHARSET=utf8mb4 COLLATE=utf8mb4_unicode_ci;
/*!40101 SET character_set_client = @saved_cs_client */;

--
-- Dumping data for table `cities`
--

LOCK TABLES `cities` WRITE;
/*!40000 ALTER TABLE `cities` DISABLE KEYS */;
INSERT INTO `cities` VALUES (1,'aliquid',1),(2,'alias',2),(3,'cupiditate',3),(4,'temporibus',4),(5,'voluptatem',5),(6,'sit',6),(7,'quia',7),(8,'aspernatur',8),(9,'reprehenderit',9),(10,'voluptas',10),(11,'rerum',11),(12,'fugiat',12),(13,'aut',13),(14,'dignissimos',14),(15,'vero',15),(16,'eos',1),(17,'culpa',2),(18,'sed',3),(19,'porro',4),(20,'fuga',5),(21,'in',6),(22,'sint',7),(23,'atque',8),(24,'est',9),(25,'maiores',10),(26,'aut',11),(27,'autem',12),(28,'molestiae',13),(29,'maiores',14),(30,'optio',15);
/*!40000 ALTER TABLE `cities` ENABLE KEYS */;
UNLOCK TABLES;

--
-- Table structure for table `communities`
--

DROP TABLE IF EXISTS `communities`;
/*!40101 SET @saved_cs_client     = @@character_set_client */;
/*!50503 SET character_set_client = utf8mb4 */;
CREATE TABLE `communities` (
  `id` int unsigned NOT NULL AUTO_INCREMENT COMMENT 'Идентификатор сроки',
  `name` varchar(150) CHARACTER SET utf8mb4 COLLATE utf8mb4_unicode_ci NOT NULL COMMENT 'Название группы',
  `created_at` datetime DEFAULT CURRENT_TIMESTAMP COMMENT 'Время создания строки',
  `updated_at` datetime DEFAULT CURRENT_TIMESTAMP ON UPDATE CURRENT_TIMESTAMP COMMENT 'Время обновления строки',
  PRIMARY KEY (`id`),
  UNIQUE KEY `name` (`name`)
) ENGINE=InnoDB AUTO_INCREMENT=41 DEFAULT CHARSET=utf8mb4 COLLATE=utf8mb4_unicode_ci COMMENT='Группы';
/*!40101 SET character_set_client = @saved_cs_client */;

--
-- Dumping data for table `communities`
--

LOCK TABLES `communities` WRITE;
/*!40000 ALTER TABLE `communities` DISABLE KEYS */;
INSERT INTO `communities` VALUES (1,'ipsa','2016-12-16 22:35:43','2020-05-16 15:31:15'),(2,'sint','2018-09-22 10:44:31','2012-11-10 03:50:18'),(3,'consequatur','2016-05-04 08:41:59','2012-11-07 13:14:56'),(4,'repudiandae','2014-03-29 11:28:42','2012-04-05 20:26:24'),(5,'eum','2019-05-27 06:30:42','2019-02-08 16:20:45'),(6,'repellat','2020-06-22 22:09:12','2014-12-23 23:39:38'),(7,'deleniti','2016-01-05 03:56:20','2017-08-10 10:14:04'),(8,'et','2018-10-23 16:50:50','2013-08-06 20:02:56'),(9,'quidem','2013-06-13 17:59:33','2013-12-24 21:07:45'),(10,'quod','2013-02-17 10:21:50','2018-11-24 21:36:52'),(11,'temporibus','2018-05-14 10:42:33','2013-02-22 02:57:43'),(12,'repellendus','2014-03-12 20:25:11','2012-06-08 05:56:08'),(13,'nihil','2015-09-14 10:09:15','2018-08-17 05:38:48'),(14,'ea','2011-09-22 15:13:39','2014-04-09 16:57:48'),(15,'deserunt','2018-06-28 11:50:55','2015-05-13 15:38:33'),(16,'pariatur','2016-10-06 18:27:23','2016-05-12 06:12:09'),(17,'maxime','2012-10-23 05:54:13','2015-06-14 00:40:06'),(18,'odit','2012-05-14 00:11:41','2014-10-19 17:54:09'),(19,'magnam','2013-09-23 18:15:12','2012-09-04 06:29:31'),(20,'ratione','2016-01-27 12:51:29','2018-05-31 22:46:28'),(21,'quibusdam','2015-10-16 05:36:11','2017-03-01 01:42:42'),(22,'sapiente','2020-08-20 02:51:35','2011-07-18 03:09:45'),(23,'suscipit','2018-07-05 20:36:46','2013-06-22 03:30:48'),(24,'aliquam','2017-09-19 20:05:45','2015-09-10 22:16:53'),(25,'reprehenderit','2018-04-16 15:22:45','2014-07-26 23:23:58'),(26,'qui','2015-11-08 20:08:38','2018-01-30 09:10:56'),(27,'voluptas','2018-10-14 21:38:31','2016-03-24 22:02:28'),(28,'est','2013-07-03 23:59:25','2021-03-06 22:43:19'),(29,'quam','2015-04-24 23:59:34','2015-02-02 16:51:01'),(30,'iure','2018-07-20 12:12:48','2020-03-23 06:53:29'),(31,'molestias','2018-05-31 23:30:35','2020-04-14 12:48:13'),(32,'provident','2013-12-24 22:42:58','2020-09-25 21:43:13'),(33,'ut','2016-09-11 02:06:33','2020-07-03 05:44:26'),(34,'quaerat','2014-03-20 07:52:27','2013-04-21 17:31:48'),(35,'omnis','2016-01-26 01:49:33','2020-04-28 04:01:56'),(36,'nesciunt','2017-12-04 05:47:29','2018-11-01 00:46:43'),(37,'dolore','2017-03-25 10:05:13','2017-05-14 18:07:41'),(38,'explicabo','2020-09-29 07:16:50','2018-06-24 11:24:25'),(39,'aspernatur','2011-10-22 04:48:19','2013-01-23 19:11:22'),(40,'earum','2020-04-18 11:22:57','2018-04-28 21:56:29');
/*!40000 ALTER TABLE `communities` ENABLE KEYS */;
UNLOCK TABLES;

--
-- Table structure for table `communities_users`
--

DROP TABLE IF EXISTS `communities_users`;
/*!40101 SET @saved_cs_client     = @@character_set_client */;
/*!50503 SET character_set_client = utf8mb4 */;
CREATE TABLE `communities_users` (
  `community_id` int unsigned NOT NULL COMMENT 'Ссылка на группу',
  `user_id` int unsigned NOT NULL COMMENT 'Ссылка на пользователя',
  `created_at` datetime DEFAULT CURRENT_TIMESTAMP COMMENT 'Время создания строки',
  PRIMARY KEY (`community_id`,`user_id`) COMMENT 'Составной первичный ключ'
) ENGINE=InnoDB DEFAULT CHARSET=utf8mb4 COLLATE=utf8mb4_unicode_ci COMMENT='Участники групп, связь между пользователями и группами';
/*!40101 SET character_set_client = @saved_cs_client */;

--
-- Dumping data for table `communities_users`
--

LOCK TABLES `communities_users` WRITE;
/*!40000 ALTER TABLE `communities_users` DISABLE KEYS */;
INSERT INTO `communities_users` VALUES (1,1,'2016-06-19 14:32:20'),(1,21,'2016-02-04 10:41:03'),(1,41,'2011-12-20 06:20:55'),(1,81,'2017-10-27 05:48:09'),(2,2,'2019-03-19 08:47:05'),(2,22,'2012-12-15 09:10:04'),(2,42,'2019-11-04 04:24:40'),(2,82,'2019-01-14 12:05:01'),(3,3,'2020-09-12 10:33:53'),(3,23,'2021-06-13 12:36:25'),(3,43,'2018-11-24 02:46:49'),(3,83,'2014-07-06 16:50:54'),(4,4,'2020-11-07 02:33:12'),(4,24,'2018-10-06 02:42:24'),(4,44,'2020-07-19 08:21:43'),(4,84,'2018-11-07 17:04:03'),(5,5,'2012-04-12 11:49:59'),(5,25,'2011-12-11 01:10:23'),(5,45,'2019-11-20 20:33:20'),(5,85,'2018-08-20 14:52:26'),(6,6,'2019-02-21 23:04:21'),(6,26,'2012-05-04 00:27:20'),(6,46,'2014-03-26 19:48:56'),(6,86,'2021-03-06 16:08:29'),(7,7,'2015-11-04 03:22:25'),(7,27,'2012-06-15 22:16:26'),(7,47,'2015-04-22 01:10:20'),(7,87,'2016-06-05 20:18:36'),(8,8,'2016-07-28 06:29:09'),(8,28,'2014-11-13 18:50:58'),(8,48,'2021-02-28 04:16:49'),(8,88,'2016-10-21 10:55:07'),(9,9,'2013-07-14 20:59:36'),(9,29,'2013-03-21 03:33:58'),(9,49,'2013-02-24 14:51:09'),(9,89,'2012-01-02 17:12:21'),(10,10,'2016-10-19 09:56:29'),(10,30,'2019-12-31 04:41:42'),(10,50,'2012-11-03 16:23:55'),(10,90,'2018-09-19 19:10:10'),(11,11,'2014-07-09 05:10:27'),(11,31,'2013-12-10 15:09:36'),(11,51,'2012-01-14 21:45:28'),(11,91,'2015-05-14 14:06:13'),(12,12,'2018-06-26 03:47:02'),(12,32,'2015-06-05 11:24:32'),(12,52,'2012-04-13 21:58:35'),(12,92,'2018-05-02 00:14:26'),(13,13,'2019-12-22 13:08:31'),(13,33,'2019-02-10 05:25:30'),(13,53,'2013-07-26 05:56:25'),(13,93,'2018-06-19 04:37:57'),(14,14,'2020-06-08 17:04:20'),(14,34,'2021-03-30 12:25:58'),(14,54,'2013-07-03 00:10:37'),(14,94,'2021-05-29 07:09:51'),(15,15,'2012-07-06 05:19:32'),(15,35,'2016-09-29 09:35:44'),(15,55,'2016-10-22 18:37:00'),(15,95,'2016-03-15 23:44:18'),(16,16,'2014-05-23 21:54:55'),(16,36,'2013-11-27 17:11:47'),(16,56,'2020-03-21 16:19:12'),(16,96,'2021-02-24 21:18:27'),(17,17,'2019-04-10 15:49:54'),(17,37,'2012-05-17 21:34:50'),(17,57,'2018-03-18 07:15:03'),(17,97,'2012-08-01 19:25:11'),(18,18,'2020-04-05 14:17:43'),(18,38,'2017-04-02 10:23:09'),(18,58,'2013-06-06 20:41:33'),(18,98,'2015-10-02 04:58:11'),(19,19,'2019-08-31 01:10:15'),(19,39,'2012-09-17 13:52:57'),(19,59,'2016-01-09 13:03:01'),(19,99,'2013-06-30 12:17:20'),(20,20,'2014-05-04 10:14:37'),(20,40,'2012-01-10 02:19:33'),(20,60,'2015-01-11 15:42:27'),(20,100,'2016-05-30 23:49:58'),(21,1,'2013-01-13 23:21:51'),(21,21,'2016-11-11 00:29:10'),(21,41,'2014-05-19 19:39:20'),(21,61,'2020-11-14 19:10:15'),(22,2,'2011-08-03 23:43:25'),(22,22,'2020-07-13 12:10:53'),(22,42,'2020-07-22 18:06:49'),(22,62,'2019-03-15 08:10:24'),(23,3,'2014-04-02 12:56:04'),(23,23,'2014-07-01 17:32:31'),(23,43,'2020-01-13 01:14:18'),(23,63,'2020-06-03 03:32:46'),(24,4,'2018-12-19 04:09:19'),(24,24,'2021-02-07 19:17:40'),(24,44,'2016-11-05 14:04:31'),(24,64,'2014-11-26 04:27:02'),(25,5,'2013-09-01 10:48:34'),(25,25,'2016-08-23 14:12:07'),(25,45,'2014-11-22 21:20:49'),(25,65,'2013-02-10 19:11:51'),(26,6,'2012-11-18 21:54:19'),(26,26,'2016-11-20 12:02:00'),(26,46,'2021-05-18 16:03:48'),(26,66,'2015-11-11 00:34:33'),(27,7,'2015-10-31 10:27:00'),(27,27,'2020-09-26 07:56:39'),(27,47,'2014-09-28 20:59:08'),(27,67,'2021-04-30 19:09:11'),(28,8,'2015-07-06 18:11:16'),(28,28,'2013-01-31 17:17:43'),(28,48,'2011-07-26 23:15:38'),(28,68,'2019-05-30 05:42:50'),(29,9,'2017-08-12 21:49:25'),(29,29,'2015-12-21 23:58:42'),(29,49,'2014-04-09 21:00:55'),(29,69,'2013-04-09 20:28:20'),(30,10,'2013-05-06 23:30:51'),(30,30,'2017-04-23 05:27:57'),(30,50,'2018-05-30 17:10:48'),(30,70,'2019-05-11 01:51:02'),(31,11,'2021-04-09 11:06:57'),(31,31,'2012-08-01 02:43:03'),(31,71,'2017-05-02 16:04:03'),(32,12,'2019-11-12 08:45:48'),(32,32,'2015-09-19 00:09:16'),(32,72,'2013-07-12 10:16:21'),(33,13,'2016-08-24 23:48:02'),(33,33,'2015-09-14 09:08:11'),(33,73,'2017-04-20 18:56:36'),(34,14,'2016-10-07 09:35:56'),(34,34,'2015-01-20 17:24:12'),(34,74,'2012-02-07 08:56:26'),(35,15,'2014-11-09 22:12:50'),(35,35,'2015-06-10 11:03:35'),(35,75,'2014-05-24 00:39:56'),(36,16,'2019-02-23 16:05:08'),(36,36,'2018-08-23 22:06:24'),(36,76,'2020-05-22 18:43:43'),(37,17,'2017-08-02 09:56:26'),(37,37,'2016-07-08 21:08:54'),(37,77,'2018-06-18 22:52:43'),(38,18,'2020-09-06 01:56:07'),(38,38,'2020-03-05 22:00:33'),(38,78,'2012-01-26 19:55:40'),(39,19,'2014-04-12 16:04:20'),(39,39,'2016-08-27 09:33:04'),(39,79,'2020-09-28 01:22:52'),(40,20,'2015-04-24 03:39:30'),(40,40,'2015-07-16 00:33:35'),(40,80,'2011-10-05 18:24:35');
/*!40000 ALTER TABLE `communities_users` ENABLE KEYS */;
UNLOCK TABLES;

--
-- Table structure for table `countries`
--

DROP TABLE IF EXISTS `countries`;
/*!40101 SET @saved_cs_client     = @@character_set_client */;
/*!50503 SET character_set_client = utf8mb4 */;
CREATE TABLE `countries` (
  `id` int unsigned NOT NULL AUTO_INCREMENT,
  `name` varchar(150) CHARACTER SET utf8mb4 COLLATE utf8mb4_unicode_ci NOT NULL,
  PRIMARY KEY (`id`)
) ENGINE=InnoDB AUTO_INCREMENT=16 DEFAULT CHARSET=utf8mb4 COLLATE=utf8mb4_unicode_ci;
/*!40101 SET character_set_client = @saved_cs_client */;

--
-- Dumping data for table `countries`
--

LOCK TABLES `countries` WRITE;
/*!40000 ALTER TABLE `countries` DISABLE KEYS */;
INSERT INTO `countries` VALUES (1,'Japan'),(2,'Japan'),(3,'Japan'),(4,'Germany'),(5,'USA'),(6,'Russia'),(7,'Germany'),(8,'Germany'),(9,'Russia'),(10,'Germany'),(11,'Japan'),(12,'Norway'),(13,'Russia'),(14,'Norway'),(15,'Germany');
/*!40000 ALTER TABLE `countries` ENABLE KEYS */;
UNLOCK TABLES;

--
-- Table structure for table `friendship`
--

DROP TABLE IF EXISTS `friendship`;
/*!40101 SET @saved_cs_client     = @@character_set_client */;
/*!50503 SET character_set_client = utf8mb4 */;
CREATE TABLE `friendship` (
  `user_id` int unsigned NOT NULL COMMENT 'Ссылка на инициатора дружеских отношений',
  `friend_id` int unsigned NOT NULL COMMENT 'Ссылка на получателя приглашения дружить',
  `friendship_status_id` int unsigned NOT NULL COMMENT 'Ссылка на статус (текущее состояние) отношений',
  `confirmed_at` datetime DEFAULT NULL COMMENT 'Время подтверждения приглашения',
  `created_at` datetime DEFAULT CURRENT_TIMESTAMP COMMENT 'Время создания строки',
  `updated_at` datetime DEFAULT CURRENT_TIMESTAMP ON UPDATE CURRENT_TIMESTAMP COMMENT 'Время обновления строки',
  PRIMARY KEY (`user_id`,`friend_id`) COMMENT 'Составной первичный ключ'
) ENGINE=InnoDB DEFAULT CHARSET=utf8mb4 COLLATE=utf8mb4_unicode_ci COMMENT='Таблица дружбы';
/*!40101 SET character_set_client = @saved_cs_client */;

--
-- Dumping data for table `friendship`
--

LOCK TABLES `friendship` WRITE;
/*!40000 ALTER TABLE `friendship` DISABLE KEYS */;
INSERT INTO `friendship` VALUES (1,38,2,'2014-11-29 17:57:55','2013-05-19 06:14:17','2021-07-16 20:03:22'),(4,59,1,'2013-05-13 02:38:27','2016-02-19 01:37:31','2021-07-16 20:03:22'),(8,29,2,'2020-09-02 20:03:40','2016-06-21 11:20:02','2021-07-16 20:06:30'),(8,54,3,'2018-03-08 20:27:17','2012-06-09 17:18:10','2021-07-16 20:06:30'),(9,36,2,'2012-07-21 06:15:35','2011-08-22 11:52:29','2021-07-16 20:03:22'),(9,74,3,'2013-05-02 02:40:17','2016-04-27 18:21:47','2021-07-16 20:03:22'),(9,94,2,'2019-11-08 06:35:26','2020-09-15 06:50:07','2021-07-16 20:03:22'),(10,17,3,'2014-02-16 02:29:30','2021-03-19 20:53:56','2021-07-16 20:06:30'),(12,95,1,'2014-08-08 09:04:50','2016-07-14 16:34:32','2021-07-16 20:06:30'),(13,50,2,'2020-02-18 02:38:14','2017-09-13 15:41:23','2021-07-16 20:06:30'),(14,12,1,'2020-02-08 02:20:54','2020-09-06 06:47:22','2021-07-16 20:06:30'),(14,41,3,'2019-04-26 12:13:52','2020-05-15 08:16:03','2021-07-16 20:06:30'),(14,42,1,'2012-05-06 19:57:04','2014-01-16 04:09:28','2021-07-16 20:06:30'),(14,75,3,'2014-06-11 01:46:35','2019-02-17 21:51:45','2021-07-16 20:06:30'),(14,100,2,'2018-08-27 03:19:18','2018-09-17 23:09:00','2021-07-16 20:06:30'),(16,41,1,'2013-04-03 05:33:36','2017-11-11 17:39:29','2021-07-16 20:06:30'),(19,65,3,'2020-06-16 22:14:49','2019-12-21 08:32:53','2021-07-16 20:03:22'),(19,68,1,'2020-11-25 05:53:21','2012-11-16 12:39:41','2021-07-16 20:03:22'),(20,60,2,'2021-01-13 16:14:15','2016-08-02 14:12:52','2021-07-16 20:06:30'),(20,87,3,'2021-02-15 12:13:26','2013-05-01 20:56:56','2021-07-16 20:03:22'),(21,46,1,'2019-08-16 04:29:15','2015-12-26 11:16:52','2021-07-16 20:03:22'),(21,80,2,'2012-09-11 14:20:57','2016-11-02 22:51:58','2021-07-16 20:06:30'),(22,23,1,'2021-02-26 09:12:58','2016-06-24 20:36:24','2021-07-16 20:06:30'),(23,38,2,'2014-05-06 07:25:48','2011-09-01 06:51:01','2021-07-16 20:03:22'),(25,85,3,'2016-11-04 11:44:51','2019-07-30 02:20:01','2021-07-16 20:06:30'),(26,5,3,'2019-01-25 09:15:38','2021-04-15 00:23:20','2021-07-16 20:06:30'),(26,91,1,'2020-12-13 08:30:20','2017-01-17 09:54:30','2021-07-16 20:06:30'),(27,27,3,'2020-09-21 12:15:52','2017-03-06 16:16:22','2021-07-16 20:03:22'),(29,50,2,'2012-10-31 06:36:36','2017-04-01 03:19:28','2021-07-16 20:03:22'),(30,56,3,'2011-12-02 01:28:08','2017-05-17 19:58:16','2021-07-16 20:03:22'),(31,28,1,'2012-08-28 06:58:44','2015-05-14 19:21:50','2021-07-16 20:06:30'),(31,64,3,'2012-05-28 16:17:04','2011-11-09 10:24:34','2021-07-16 20:06:30'),(35,23,2,'2016-02-20 19:25:54','2014-05-07 17:21:09','2021-07-16 20:03:22'),(35,24,2,'2020-09-25 17:25:11','2015-03-27 19:17:18','2021-07-16 20:03:22'),(36,47,3,'2017-09-28 03:04:40','2015-01-02 07:45:59','2021-07-16 20:03:22'),(36,92,2,'2015-10-30 02:40:26','2015-02-24 09:14:16','2021-07-16 20:06:30'),(36,99,2,'2020-10-25 08:29:14','2012-06-30 16:48:41','2021-07-16 20:06:30'),(37,5,1,'2015-12-13 05:14:48','2015-04-22 17:52:03','2021-07-16 20:06:30'),(38,50,1,'2013-05-03 19:14:35','2019-07-30 23:45:26','2021-07-16 20:03:22'),(38,66,1,'2015-01-28 09:59:38','2014-05-20 02:49:44','2021-07-16 20:06:30'),(39,69,3,'2020-03-08 20:42:26','2019-05-14 19:48:18','2021-07-16 20:06:30'),(41,17,1,'2015-08-02 01:39:43','2017-01-15 11:26:03','2021-07-16 20:06:30'),(41,23,2,'2015-04-11 14:13:18','2019-08-12 06:40:09','2021-07-16 20:06:30'),(41,40,1,'2012-04-07 20:56:47','2019-01-31 23:59:19','2021-07-16 20:06:30'),(43,93,2,'2016-04-01 22:18:43','2015-10-17 19:26:09','2021-07-16 20:06:30'),(45,41,2,'2013-04-06 05:14:01','2017-04-04 16:01:56','2021-07-16 20:06:30'),(45,98,2,'2018-06-03 17:48:00','2013-12-26 07:35:36','2021-07-16 20:06:30'),(47,70,2,'2016-03-31 07:34:31','2015-06-25 00:49:49','2021-07-16 20:06:30'),(49,25,2,'2015-02-18 01:40:29','2012-09-26 04:05:12','2021-07-16 20:06:30'),(49,27,1,'2015-08-14 17:57:53','2012-08-22 05:11:05','2021-07-16 20:06:30'),(49,61,3,'2017-07-11 22:21:13','2020-07-13 14:37:38','2021-07-16 20:03:22'),(49,75,1,'2020-02-18 02:24:04','2015-03-01 02:34:43','2021-07-16 20:06:30'),(49,90,3,'2018-10-26 05:06:48','2012-05-07 13:42:26','2021-07-16 20:06:30'),(50,74,2,'2019-09-08 17:37:54','2012-02-15 21:46:26','2021-07-16 20:06:30'),(54,21,1,'2016-06-18 10:17:21','2018-09-19 17:26:51','2021-07-16 20:03:22'),(54,60,3,'2013-04-04 23:10:44','2013-06-07 21:18:05','2021-07-16 20:03:22'),(54,76,2,'2017-03-13 19:33:30','2017-09-09 17:24:10','2021-07-16 20:03:22'),(55,76,3,'2012-01-04 11:26:36','2018-06-29 00:23:34','2021-07-16 20:06:30'),(55,90,1,'2013-06-29 00:46:40','2015-03-08 17:11:48','2021-07-16 20:06:30'),(55,95,3,'2016-04-11 20:37:26','2020-10-10 05:14:14','2021-07-16 20:06:30'),(56,73,1,'2021-01-24 22:46:39','2018-12-20 12:14:36','2021-07-16 20:03:22'),(59,71,3,'2015-02-06 10:05:51','2019-11-20 15:59:40','2021-07-16 20:03:22'),(59,77,1,'2015-06-10 22:01:49','2013-06-30 13:32:12','2021-07-16 20:06:30'),(60,79,1,'2016-12-06 20:02:49','2014-04-22 20:08:01','2021-07-16 20:03:22'),(61,44,2,'2015-01-09 22:17:50','2021-05-19 14:19:26','2021-07-16 20:03:22'),(61,53,1,'2014-05-08 17:33:23','2019-01-14 06:03:30','2021-07-16 20:03:22'),(61,84,3,'2021-01-10 12:19:03','2012-12-25 08:27:01','2021-07-16 20:06:30'),(63,42,2,'2017-10-19 05:43:54','2012-10-21 09:28:01','2021-07-16 20:06:30'),(66,77,1,'2013-08-14 20:48:06','2018-11-03 21:47:48','2021-07-16 20:06:30'),(67,8,2,'2016-10-14 00:42:26','2019-06-29 17:08:21','2021-07-16 20:06:30'),(68,17,3,'2020-12-19 19:58:37','2018-08-26 02:38:57','2021-07-16 20:06:30'),(68,21,3,'2016-02-06 05:03:38','2011-07-16 21:05:47','2021-07-16 20:06:30'),(68,46,2,'2016-03-26 23:04:33','2019-05-28 21:37:13','2021-07-16 20:06:30'),(68,73,2,'2012-09-19 12:55:56','2016-04-14 20:55:13','2021-07-16 20:06:30'),(69,3,2,'2020-09-16 07:12:58','2013-11-14 05:12:48','2021-07-16 20:03:22'),(72,78,3,'2015-02-13 10:59:51','2019-01-28 15:33:28','2021-07-16 20:06:30'),(73,3,1,'2012-02-07 06:55:38','2019-06-06 09:37:19','2021-07-16 20:06:30'),(74,36,1,'2012-09-12 18:16:24','2017-12-09 10:31:03','2021-07-16 20:06:30'),(74,97,3,'2018-09-02 06:11:39','2014-05-01 00:55:23','2021-07-16 20:06:30'),(75,58,2,'2015-08-05 07:03:44','2020-05-05 04:33:23','2021-07-16 20:06:30'),(76,60,1,'2015-11-22 13:54:22','2014-09-17 11:19:37','2021-07-16 20:06:30'),(77,9,1,'2011-12-10 18:29:22','2012-01-27 02:22:15','2021-07-16 20:06:30'),(78,74,2,'2011-10-17 05:09:39','2020-06-17 21:26:58','2021-07-16 20:06:30'),(80,93,3,'2012-03-07 21:04:16','2017-02-18 04:52:52','2021-07-16 20:06:30'),(81,53,1,'2019-06-13 14:07:40','2019-02-06 11:00:31','2021-07-16 20:06:30'),(81,96,1,'2020-01-13 02:07:21','2014-10-05 21:58:56','2021-07-16 20:06:30'),(82,52,3,'2014-05-27 13:21:31','2013-02-26 03:05:39','2021-07-16 20:06:30'),(83,10,3,'2012-09-19 18:15:46','2018-01-30 12:20:49','2021-07-16 20:06:30'),(84,5,2,'2020-06-24 07:05:23','2015-03-25 21:28:09','2021-07-16 20:06:30'),(84,40,3,'2012-06-01 08:58:39','2019-01-12 14:58:31','2021-07-16 20:06:30'),(87,55,1,'2019-11-09 05:18:46','2012-05-23 15:36:29','2021-07-16 20:06:30'),(88,6,3,'2013-04-09 07:23:34','2020-07-26 07:09:03','2021-07-16 20:06:30'),(88,42,1,'2020-03-07 16:00:43','2013-07-12 16:44:54','2021-07-16 20:06:30'),(88,69,2,'2020-09-22 04:34:11','2015-01-31 12:47:07','2021-07-16 20:06:30'),(91,87,1,'2017-12-28 08:05:42','2013-01-25 20:00:05','2021-07-16 20:03:22'),(92,89,1,'2019-07-18 03:12:32','2013-07-10 09:25:22','2021-07-16 20:06:30'),(94,63,1,'2013-08-21 07:07:39','2016-12-02 14:23:04','2021-07-16 20:06:30'),(97,64,1,'2020-09-20 19:50:44','2012-04-04 08:03:09','2021-07-16 20:06:30'),(100,36,3,'2019-09-21 12:44:52','2012-02-08 00:30:01','2021-07-16 20:06:30'),(100,72,3,'2012-01-30 03:41:21','2014-07-04 00:31:10','2021-07-16 20:03:22');
/*!40000 ALTER TABLE `friendship` ENABLE KEYS */;
UNLOCK TABLES;

--
-- Table structure for table `friendship_statuses`
--

DROP TABLE IF EXISTS `friendship_statuses`;
/*!40101 SET @saved_cs_client     = @@character_set_client */;
/*!50503 SET character_set_client = utf8mb4 */;
CREATE TABLE `friendship_statuses` (
  `id` int unsigned NOT NULL AUTO_INCREMENT COMMENT 'Идентификатор строки',
  `name` varchar(150) CHARACTER SET utf8mb4 COLLATE utf8mb4_unicode_ci NOT NULL COMMENT 'Название статуса',
  `created_at` datetime DEFAULT CURRENT_TIMESTAMP COMMENT 'Время создания строки',
  `updated_at` datetime DEFAULT CURRENT_TIMESTAMP ON UPDATE CURRENT_TIMESTAMP COMMENT 'Время обновления строки',
  PRIMARY KEY (`id`),
  UNIQUE KEY `name` (`name`)
) ENGINE=InnoDB AUTO_INCREMENT=4 DEFAULT CHARSET=utf8mb4 COLLATE=utf8mb4_unicode_ci COMMENT='Статусы дружбы';
/*!40101 SET character_set_client = @saved_cs_client */;

--
-- Dumping data for table `friendship_statuses`
--

LOCK TABLES `friendship_statuses` WRITE;
/*!40000 ALTER TABLE `friendship_statuses` DISABLE KEYS */;
INSERT INTO `friendship_statuses` VALUES (1,'requested','2021-07-16 20:05:33','2021-07-16 20:05:33'),(2,'confirmed','2021-07-16 20:05:33','2021-07-16 20:05:33'),(3,'rejected','2021-07-16 20:05:33','2021-07-16 20:05:33');
/*!40000 ALTER TABLE `friendship_statuses` ENABLE KEYS */;
UNLOCK TABLES;

--
-- Table structure for table `media`
--

DROP TABLE IF EXISTS `media`;
/*!40101 SET @saved_cs_client     = @@character_set_client */;
/*!50503 SET character_set_client = utf8mb4 */;
CREATE TABLE `media` (
  `id` int unsigned NOT NULL AUTO_INCREMENT COMMENT 'Идентификатор строки',
  `user_id` int unsigned NOT NULL COMMENT 'Ссылка на пользователя, который загрузил файл',
  `filename` varchar(255) CHARACTER SET utf8mb4 COLLATE utf8mb4_unicode_ci NOT NULL COMMENT 'Путь к файлу',
  `size` int NOT NULL COMMENT 'Размер файла',
  `metadata` json DEFAULT NULL,
  `media_type_id` int unsigned NOT NULL COMMENT 'Ссылка на тип контента',
  `created_at` datetime DEFAULT CURRENT_TIMESTAMP COMMENT 'Время создания строки',
  `updated_at` datetime DEFAULT CURRENT_TIMESTAMP ON UPDATE CURRENT_TIMESTAMP COMMENT 'Время обновления строки',
  PRIMARY KEY (`id`),
  CONSTRAINT `media_chk_1` CHECK (json_valid(`metadata`))
) ENGINE=InnoDB AUTO_INCREMENT=401 DEFAULT CHARSET=utf8mb4 COLLATE=utf8mb4_unicode_ci COMMENT='Медиафайлы';
/*!40101 SET character_set_client = @saved_cs_client */;

--
-- Dumping data for table `media`
--

LOCK TABLES `media` WRITE;
/*!40000 ALTER TABLE `media` DISABLE KEYS */;
INSERT INTO `media` VALUES (1,74,'http://cloudfil.es/ftp/vk/officiis.avi',5682,'{\"owner\": \"Fiona Bogisich\"}',2,'2021-05-20 01:15:53','2021-07-16 19:57:47'),(2,48,'http://cloudfil.es/ftp/vk/ex.png',6163,'{\"owner\": \"Addison Stoltenberg\"}',2,'2018-12-13 16:03:10','2021-07-16 19:51:10'),(3,17,'http://cloudfil.es/ftp/vk/mollitia.gif',2770,'{\"owner\": \"Jaclyn Kuhlman\"}',3,'2014-12-27 12:06:00','2021-07-16 19:51:10'),(4,41,'http://cloudfil.es/ftp/vk/rerum.png',4363,'{\"owner\": \"Kiel Lesch\"}',2,'2014-02-08 03:12:07','2021-07-16 19:57:47'),(5,54,'http://cloudfil.es/ftp/vk/quia.avi',2504,'{\"owner\": \"Emilie Gaylord\"}',3,'2013-09-03 07:22:11','2021-07-16 19:57:47'),(6,47,'http://cloudfil.es/ftp/vk/necessitatibus.avi',8430,'{\"owner\": \"Florida Haag\"}',1,'2018-05-19 20:36:17','2021-07-16 19:57:47'),(7,72,'http://cloudfil.es/ftp/vk/ducimus.png',3639,'{\"owner\": \"Jamal Cronin\"}',1,'2018-08-31 12:58:01','2021-07-16 19:51:10'),(8,18,'http://cloudfil.es/ftp/vk/molestiae.mp3',1908,'{\"owner\": \"Macy Friesen\"}',3,'2015-09-07 12:59:14','2021-07-16 19:57:47'),(9,73,'http://cloudfil.es/ftp/vk/quo.gif',7620,'{\"owner\": \"Ima Reichert\"}',3,'2019-08-24 02:44:25','2021-07-16 19:51:10'),(10,12,'http://cloudfil.es/ftp/vk/eius.mov',1379,'{\"owner\": \"Floy Gorczany\"}',3,'2018-08-02 06:01:18','2021-07-16 19:57:47'),(11,40,'http://cloudfil.es/ftp/vk/sequi.jpeg',3035,'{\"owner\": \"Sally Wehner\"}',2,'2011-12-27 22:00:38','2021-07-16 19:57:47'),(12,62,'http://cloudfil.es/ftp/vk/unde.png',10039,'{\"owner\": \"Chyna Bashirian\"}',2,'2017-01-08 01:41:06','2021-07-16 19:57:47'),(13,90,'http://cloudfil.es/ftp/vk/assumenda.avi',10091,'{\"owner\": \"Dexter Monahan\"}',2,'2017-10-28 05:56:12','2021-07-16 19:57:47'),(14,62,'http://cloudfil.es/ftp/vk/id.mov',9338,'{\"owner\": \"Chyna Bashirian\"}',2,'2016-01-06 10:06:02','2021-07-16 19:51:10'),(15,41,'http://cloudfil.es/ftp/vk/quam.mp3',5419,'{\"owner\": \"Kiel Lesch\"}',3,'2012-01-08 07:38:06','2021-07-16 19:51:10'),(16,19,'http://cloudfil.es/ftp/vk/quibusdam.jpeg',8080,'{\"owner\": \"Gerard Gaylord\"}',3,'2013-09-23 20:00:33','2021-07-16 19:57:47'),(17,70,'http://cloudfil.es/ftp/vk/rem.png',3144,'{\"owner\": \"Joy Pouros\"}',3,'2011-09-30 06:31:25','2021-07-16 19:57:47'),(18,92,'http://cloudfil.es/ftp/vk/molestiae.png',10480,'{\"owner\": \"Tyree Mraz\"}',3,'2014-10-12 10:36:56','2021-07-16 19:57:47'),(19,50,'http://cloudfil.es/ftp/vk/cumque.jpeg',1970,'{\"owner\": \"Maude Langworth\"}',3,'2020-01-05 20:45:32','2021-07-16 19:57:47'),(20,72,'http://cloudfil.es/ftp/vk/sed.png',7408,'{\"owner\": \"Jamal Cronin\"}',1,'2021-05-21 19:16:52','2021-07-16 19:57:47'),(21,10,'http://cloudfil.es/ftp/vk/aut.avi',10131,'{\"owner\": \"Marcia Johnston\"}',2,'2013-06-07 17:37:16','2021-07-16 19:57:47'),(22,33,'http://cloudfil.es/ftp/vk/doloremque.avi',7431,'{\"owner\": \"Earline Sauer\"}',3,'2015-01-29 11:14:58','2021-07-16 19:57:47'),(23,34,'http://cloudfil.es/ftp/vk/voluptatibus.avi',5764,'{\"owner\": \"Carolyne Medhurst\"}',1,'2014-10-30 14:44:56','2021-07-16 19:57:47'),(24,73,'http://cloudfil.es/ftp/vk/vero.mov',5528,'{\"owner\": \"Ima Reichert\"}',2,'2012-04-17 02:39:36','2021-07-16 19:57:47'),(25,60,'http://cloudfil.es/ftp/vk/molestias.mov',9347,'{\"owner\": \"Simone Brown\"}',3,'2014-11-21 18:31:48','2021-07-16 19:57:47'),(26,83,'http://cloudfil.es/ftp/vk/quo.jpeg',9152,'{\"owner\": \"Tevin Doyle\"}',3,'2013-03-17 10:22:06','2021-07-16 19:57:47'),(27,33,'http://cloudfil.es/ftp/vk/praesentium.gif',6717,'{\"owner\": \"Earline Sauer\"}',2,'2018-07-27 18:03:07','2021-07-16 19:57:47'),(28,17,'http://cloudfil.es/ftp/vk/perferendis.png',5133,'{\"owner\": \"Jaclyn Kuhlman\"}',2,'2011-08-16 03:31:39','2021-07-16 19:57:47'),(29,87,'http://cloudfil.es/ftp/vk/id.avi',4513,'{\"owner\": \"Ocie Bradtke\"}',1,'2012-01-17 06:28:57','2021-07-16 19:57:47'),(30,80,'http://cloudfil.es/ftp/vk/aliquid.mp3',6166,'{\"owner\": \"Orlo Denesik\"}',3,'2015-12-21 02:53:00','2021-07-16 19:57:47'),(31,40,'http://cloudfil.es/ftp/vk/quis.jpeg',6294,'{\"owner\": \"Sally Wehner\"}',1,'2015-05-18 19:50:18','2021-07-16 19:51:10'),(32,61,'http://cloudfil.es/ftp/vk/et.gif',1972,'{\"owner\": \"Stacey Trantow\"}',3,'2012-02-18 09:46:48','2021-07-16 19:57:47'),(33,85,'http://cloudfil.es/ftp/vk/non.jpeg',9976,'{\"owner\": \"Earlene Kulas\"}',3,'2020-09-26 23:05:25','2021-07-16 19:51:10'),(34,39,'http://cloudfil.es/ftp/vk/assumenda.jpeg',2968,'{\"owner\": \"Christine Hettinger\"}',2,'2019-04-14 23:51:10','2021-07-16 19:57:47'),(35,41,'http://cloudfil.es/ftp/vk/dolores.mp3',3909,'{\"owner\": \"Kiel Lesch\"}',1,'2019-09-19 01:14:31','2021-07-16 19:57:47'),(36,89,'http://cloudfil.es/ftp/vk/totam.mov',9642,'{\"owner\": \"Viola Corwin\"}',1,'2018-12-16 11:30:24','2021-07-16 19:57:47'),(37,20,'http://cloudfil.es/ftp/vk/ipsam.jpeg',5485,'{\"owner\": \"Marcelo Legros\"}',1,'2020-04-01 07:09:33','2021-07-16 19:51:10'),(38,32,'http://cloudfil.es/ftp/vk/eaque.png',7499,'{\"owner\": \"Kelsi Schuster\"}',3,'2012-10-23 23:41:20','2021-07-16 19:57:47'),(39,98,'http://cloudfil.es/ftp/vk/quaerat.gif',10039,'{\"owner\": \"Dakota Barton\"}',3,'2011-10-30 23:56:18','2021-07-16 19:51:10'),(40,95,'http://cloudfil.es/ftp/vk/et.mov',6698,'{\"owner\": \"Pasquale Stehr\"}',1,'2015-08-08 23:37:08','2021-07-16 19:57:47'),(41,78,'http://cloudfil.es/ftp/vk/nulla.avi',2373,'{\"owner\": \"Jerome Reynolds\"}',2,'2013-03-02 15:56:32','2021-07-16 19:57:47'),(42,8,'http://cloudfil.es/ftp/vk/aliquam.avi',10771,'{\"owner\": \"Marie Rempel\"}',1,'2018-03-01 16:31:33','2021-07-16 19:57:47'),(43,4,'http://cloudfil.es/ftp/vk/porro.mov',5736,'{\"owner\": \"Tessie Goldner\"}',2,'2014-06-17 03:39:48','2021-07-16 19:57:47'),(44,96,'http://cloudfil.es/ftp/vk/fuga.png',5371,'{\"owner\": \"Karlee Hintz\"}',1,'2019-04-26 19:15:44','2021-07-16 19:57:47'),(45,69,'http://cloudfil.es/ftp/vk/quos.avi',8644,'{\"owner\": \"Theron VonRueden\"}',2,'2018-12-23 18:21:46','2021-07-16 19:57:47'),(46,53,'http://cloudfil.es/ftp/vk/aut.avi',6111,'{\"owner\": \"Joanne Tremblay\"}',2,'2020-09-07 16:03:59','2021-07-16 19:57:47'),(47,60,'http://cloudfil.es/ftp/vk/aut.png',3620,'{\"owner\": \"Simone Brown\"}',1,'2019-10-03 15:41:36','2021-07-16 19:57:47'),(48,41,'http://cloudfil.es/ftp/vk/id.gif',8769,'{\"owner\": \"Kiel Lesch\"}',3,'2019-12-12 03:30:05','2021-07-16 19:57:47'),(49,25,'http://cloudfil.es/ftp/vk/quam.avi',1984,'{\"owner\": \"Shaylee Little\"}',3,'2020-10-17 14:39:18','2021-07-16 19:57:47'),(50,1,'http://cloudfil.es/ftp/vk/explicabo.mp3',2616,'{\"owner\": \"Dave Heaney\"}',1,'2012-10-09 22:15:27','2021-07-16 19:57:47'),(51,30,'http://cloudfil.es/ftp/vk/maxime.mp3',6128,'{\"owner\": \"Helga Hartmann\"}',2,'2014-11-11 06:44:32','2021-07-16 19:57:47'),(52,46,'http://cloudfil.es/ftp/vk/dolorem.mov',1794,'{\"owner\": \"Nikki Waters\"}',2,'2017-05-03 05:34:14','2021-07-16 19:57:47'),(53,39,'http://cloudfil.es/ftp/vk/repellat.png',9585,'{\"owner\": \"Christine Hettinger\"}',1,'2017-03-27 09:01:57','2021-07-16 19:57:47'),(54,57,'http://cloudfil.es/ftp/vk/ut.mp3',1545,'{\"owner\": \"Nettie Rowe\"}',2,'2012-02-15 17:24:45','2021-07-16 19:57:47'),(55,69,'http://cloudfil.es/ftp/vk/corporis.avi',7969,'{\"owner\": \"Theron VonRueden\"}',3,'2016-06-21 17:25:11','2021-07-16 19:57:47'),(56,71,'http://cloudfil.es/ftp/vk/rem.jpeg',4213,'{\"owner\": \"Aubree Kovacek\"}',3,'2014-07-20 20:12:35','2021-07-16 19:57:47'),(57,48,'http://cloudfil.es/ftp/vk/quidem.png',6155,'{\"owner\": \"Addison Stoltenberg\"}',2,'2014-10-27 16:21:52','2021-07-16 19:57:47'),(58,26,'http://cloudfil.es/ftp/vk/mollitia.mp3',7138,'{\"owner\": \"Lindsay Wilkinson\"}',1,'2014-08-16 03:50:32','2021-07-16 19:57:47'),(59,86,'http://cloudfil.es/ftp/vk/ex.gif',6226,'{\"owner\": \"Jovani Dicki\"}',2,'2019-01-21 06:34:23','2021-07-16 19:57:47'),(60,52,'http://cloudfil.es/ftp/vk/et.avi',8715,'{\"owner\": \"Earline Schoen\"}',1,'2012-07-28 16:01:46','2021-07-16 19:57:47'),(61,3,'http://cloudfil.es/ftp/vk/quia.png',3898,'{\"owner\": \"Hillary VonRueden\"}',2,'2015-08-03 09:29:27','2021-07-16 19:57:47'),(62,56,'http://cloudfil.es/ftp/vk/fugit.png',2344,'{\"owner\": \"Fabiola Schaefer\"}',1,'2014-06-01 01:26:41','2021-07-16 19:57:47'),(63,73,'http://cloudfil.es/ftp/vk/cumque.mp3',9029,'{\"owner\": \"Ima Reichert\"}',3,'2016-11-15 07:10:09','2021-07-16 19:51:10'),(64,95,'http://cloudfil.es/ftp/vk/temporibus.png',7115,'{\"owner\": \"Pasquale Stehr\"}',2,'2017-03-17 07:44:24','2021-07-16 19:57:47'),(65,58,'http://cloudfil.es/ftp/vk/doloremque.jpeg',7485,'{\"owner\": \"Eveline Olson\"}',3,'2013-09-26 21:57:28','2021-07-16 19:57:47'),(66,2,'http://cloudfil.es/ftp/vk/inventore.gif',5082,'{\"owner\": \"Caroline Lindgren\"}',3,'2019-05-25 16:12:22','2021-07-16 19:57:47'),(67,37,'http://cloudfil.es/ftp/vk/est.avi',1955,'{\"owner\": \"Georgianna Cremin\"}',2,'2012-05-08 07:55:48','2021-07-16 19:57:47'),(68,78,'http://cloudfil.es/ftp/vk/nesciunt.mp3',3530,'{\"owner\": \"Jerome Reynolds\"}',1,'2014-03-04 03:53:37','2021-07-16 19:57:47'),(69,79,'http://cloudfil.es/ftp/vk/accusantium.png',10786,'{\"owner\": \"Malvina Swaniawski\"}',3,'2014-10-31 11:58:11','2021-07-16 19:51:10'),(70,62,'http://cloudfil.es/ftp/vk/voluptas.png',2338,'{\"owner\": \"Chyna Bashirian\"}',1,'2017-02-19 11:34:58','2021-07-16 19:57:47'),(71,70,'http://cloudfil.es/ftp/vk/velit.mov',8334,'{\"owner\": \"Joy Pouros\"}',3,'2020-02-15 14:37:48','2021-07-16 19:57:47'),(72,63,'http://cloudfil.es/ftp/vk/delectus.gif',3658,'{\"owner\": \"Moses Funk\"}',1,'2014-07-18 15:43:12','2021-07-16 19:57:47'),(73,6,'http://cloudfil.es/ftp/vk/nesciunt.gif',2285,'{\"owner\": \"Chanelle Parisian\"}',3,'2020-04-18 17:12:25','2021-07-16 19:57:47'),(74,39,'http://cloudfil.es/ftp/vk/aut.gif',9455,'{\"owner\": \"Christine Hettinger\"}',2,'2013-04-09 07:14:55','2021-07-16 19:51:10'),(75,77,'http://cloudfil.es/ftp/vk/magnam.mov',9417,'{\"owner\": \"Tressie Schulist\"}',3,'2019-06-29 08:27:14','2021-07-16 19:51:10'),(76,67,'http://cloudfil.es/ftp/vk/natus.png',7723,'{\"owner\": \"Sydney Reilly\"}',1,'2017-01-31 19:04:07','2021-07-16 19:57:47'),(77,4,'http://cloudfil.es/ftp/vk/qui.jpeg',9364,'{\"owner\": \"Tessie Goldner\"}',2,'2013-03-22 20:04:30','2021-07-16 19:57:47'),(78,19,'http://cloudfil.es/ftp/vk/nihil.jpeg',2650,'{\"owner\": \"Gerard Gaylord\"}',1,'2013-12-28 18:25:15','2021-07-16 19:57:47'),(79,80,'http://cloudfil.es/ftp/vk/ducimus.png',4161,'{\"owner\": \"Orlo Denesik\"}',3,'2016-08-25 22:34:44','2021-07-16 19:57:47'),(80,45,'http://cloudfil.es/ftp/vk/voluptatem.mp3',1852,'{\"owner\": \"Rosalinda Howe\"}',2,'2017-01-01 04:38:01','2021-07-16 19:51:10'),(81,85,'http://cloudfil.es/ftp/vk/harum.gif',5781,'{\"owner\": \"Earlene Kulas\"}',3,'2013-04-20 01:16:48','2021-07-16 19:51:10'),(82,87,'http://cloudfil.es/ftp/vk/expedita.png',2350,'{\"owner\": \"Ocie Bradtke\"}',2,'2014-12-06 03:20:06','2021-07-16 19:57:47'),(83,79,'http://cloudfil.es/ftp/vk/quia.gif',3405,'{\"owner\": \"Malvina Swaniawski\"}',3,'2016-02-15 03:25:12','2021-07-16 19:57:47'),(84,33,'http://cloudfil.es/ftp/vk/accusantium.mp3',8975,'{\"owner\": \"Earline Sauer\"}',2,'2015-05-25 23:09:03','2021-07-16 19:57:47'),(85,31,'http://cloudfil.es/ftp/vk/laudantium.mp3',3660,'{\"owner\": \"Johnny Stracke\"}',3,'2016-01-13 17:38:39','2021-07-16 19:57:47'),(86,53,'http://cloudfil.es/ftp/vk/vel.mov',10377,'{\"owner\": \"Joanne Tremblay\"}',3,'2018-02-08 06:50:58','2021-07-16 19:57:47'),(87,72,'http://cloudfil.es/ftp/vk/vel.mp3',9905,'{\"owner\": \"Jamal Cronin\"}',1,'2021-06-30 07:16:07','2021-07-16 19:57:47'),(88,99,'http://cloudfil.es/ftp/vk/possimus.gif',7395,'{\"owner\": \"Bridie Carter\"}',3,'2012-02-21 09:00:15','2021-07-16 19:57:47'),(89,80,'http://cloudfil.es/ftp/vk/ut.png',6259,'{\"owner\": \"Orlo Denesik\"}',1,'2013-05-07 07:36:25','2021-07-16 19:57:47'),(90,4,'http://cloudfil.es/ftp/vk/aut.mp3',8112,'{\"owner\": \"Tessie Goldner\"}',2,'2020-02-12 12:37:57','2021-07-16 19:57:47'),(91,77,'http://cloudfil.es/ftp/vk/sint.avi',10783,'{\"owner\": \"Tressie Schulist\"}',1,'2012-06-22 19:58:32','2021-07-16 19:51:10'),(92,74,'http://cloudfil.es/ftp/vk/architecto.avi',8579,'{\"owner\": \"Fiona Bogisich\"}',3,'2014-11-08 15:53:19','2021-07-16 19:57:47'),(93,39,'http://cloudfil.es/ftp/vk/et.mp3',9546,'{\"owner\": \"Christine Hettinger\"}',2,'2016-11-21 14:32:05','2021-07-16 19:57:47'),(94,72,'http://cloudfil.es/ftp/vk/voluptas.avi',10993,'{\"owner\": \"Jamal Cronin\"}',3,'2017-07-29 21:04:36','2021-07-16 19:57:47'),(95,43,'http://cloudfil.es/ftp/vk/et.jpeg',5328,'{\"owner\": \"Royce Fisher\"}',1,'2015-02-09 06:21:40','2021-07-16 19:57:47'),(96,100,'http://cloudfil.es/ftp/vk/distinctio.mp3',2661,'{\"owner\": \"Broderick Dibbert\"}',1,'2013-01-03 06:04:58','2021-07-16 19:57:47'),(97,68,'http://cloudfil.es/ftp/vk/maxime.avi',6321,'{\"owner\": \"Louisa Marks\"}',3,'2013-09-19 19:19:45','2021-07-16 19:57:47'),(98,42,'http://cloudfil.es/ftp/vk/omnis.gif',2622,'{\"owner\": \"Myron Mayer\"}',1,'2012-09-02 19:39:23','2021-07-16 19:57:47'),(99,4,'http://cloudfil.es/ftp/vk/est.png',3149,'{\"owner\": \"Tessie Goldner\"}',3,'2012-12-04 17:36:01','2021-07-16 19:51:10'),(100,92,'http://cloudfil.es/ftp/vk/sunt.gif',6877,'{\"owner\": \"Tyree Mraz\"}',1,'2018-05-12 14:42:32','2021-07-16 19:57:47'),(101,49,'http://cloudfil.es/ftp/vk/eaque.mov',3942,'{\"owner\": \"America Grant\"}',1,'2019-06-16 22:35:58','2021-07-16 19:57:47'),(102,67,'http://cloudfil.es/ftp/vk/eum.gif',8077,'{\"owner\": \"Sydney Reilly\"}',3,'2012-11-28 21:46:56','2021-07-16 19:57:47'),(103,88,'http://cloudfil.es/ftp/vk/ut.png',7560,'{\"owner\": \"Blaise Wiza\"}',1,'2016-01-13 08:01:34','2021-07-16 19:51:10'),(104,38,'http://cloudfil.es/ftp/vk/ut.mp3',2568,'{\"owner\": \"Kimberly Dach\"}',1,'2019-04-07 19:33:52','2021-07-16 19:57:47'),(105,27,'http://cloudfil.es/ftp/vk/esse.gif',9164,'{\"owner\": \"Jett Weber\"}',2,'2017-02-07 09:38:18','2021-07-16 19:57:47'),(106,19,'http://cloudfil.es/ftp/vk/rerum.gif',7113,'{\"owner\": \"Gerard Gaylord\"}',2,'2016-07-29 08:16:50','2021-07-16 19:57:47'),(107,15,'http://cloudfil.es/ftp/vk/dicta.gif',7076,'{\"owner\": \"Rosalee Sawayn\"}',2,'2017-10-24 15:30:01','2021-07-16 19:57:47'),(108,19,'http://cloudfil.es/ftp/vk/quia.mov',3040,'{\"owner\": \"Gerard Gaylord\"}',3,'2014-08-20 14:27:07','2021-07-16 19:57:47'),(109,46,'http://cloudfil.es/ftp/vk/ipsa.png',2971,'{\"owner\": \"Nikki Waters\"}',2,'2012-03-02 20:33:22','2021-07-16 19:57:47'),(110,74,'http://cloudfil.es/ftp/vk/sed.gif',4737,'{\"owner\": \"Fiona Bogisich\"}',3,'2015-10-12 18:09:38','2021-07-16 19:57:47'),(111,33,'http://cloudfil.es/ftp/vk/doloribus.png',3772,'{\"owner\": \"Earline Sauer\"}',2,'2013-01-20 17:13:16','2021-07-16 19:57:47'),(112,43,'http://cloudfil.es/ftp/vk/quasi.avi',3651,'{\"owner\": \"Royce Fisher\"}',1,'2015-05-18 05:05:46','2021-07-16 19:57:47'),(113,14,'http://cloudfil.es/ftp/vk/voluptate.gif',5937,'{\"owner\": \"Mackenzie Lang\"}',2,'2011-10-15 06:41:26','2021-07-16 19:57:47'),(114,39,'http://cloudfil.es/ftp/vk/aliquid.mp3',7735,'{\"owner\": \"Christine Hettinger\"}',1,'2016-05-12 08:44:35','2021-07-16 19:57:47'),(115,52,'http://cloudfil.es/ftp/vk/odit.jpeg',9864,'{\"owner\": \"Earline Schoen\"}',1,'2017-03-01 18:20:46','2021-07-16 19:51:10'),(116,46,'http://cloudfil.es/ftp/vk/earum.mov',5116,'{\"owner\": \"Nikki Waters\"}',3,'2020-10-06 06:40:10','2021-07-16 19:57:47'),(117,70,'http://cloudfil.es/ftp/vk/quam.mov',4988,'{\"owner\": \"Joy Pouros\"}',3,'2013-11-22 13:08:56','2021-07-16 19:51:10'),(118,12,'http://cloudfil.es/ftp/vk/aliquid.mov',8594,'{\"owner\": \"Floy Gorczany\"}',3,'2017-05-06 22:40:31','2021-07-16 19:57:47'),(119,52,'http://cloudfil.es/ftp/vk/qui.gif',7007,'{\"owner\": \"Earline Schoen\"}',1,'2013-04-14 03:53:14','2021-07-16 19:57:47'),(120,21,'http://cloudfil.es/ftp/vk/est.mov',8251,'{\"owner\": \"Sadie Bosco\"}',1,'2019-12-10 03:40:42','2021-07-16 19:57:47'),(121,48,'http://cloudfil.es/ftp/vk/in.png',9235,'{\"owner\": \"Addison Stoltenberg\"}',2,'2016-11-06 02:20:59','2021-07-16 19:57:47'),(122,77,'http://cloudfil.es/ftp/vk/placeat.jpeg',10424,'{\"owner\": \"Tressie Schulist\"}',1,'2019-02-14 06:58:11','2021-07-16 19:57:47'),(123,41,'http://cloudfil.es/ftp/vk/ea.mov',3417,'{\"owner\": \"Kiel Lesch\"}',2,'2016-05-01 23:23:45','2021-07-16 19:57:47'),(124,75,'http://cloudfil.es/ftp/vk/rerum.mp3',4810,'{\"owner\": \"Emelia Wilkinson\"}',1,'2018-07-06 04:06:23','2021-07-16 19:57:47'),(125,48,'http://cloudfil.es/ftp/vk/vel.gif',2801,'{\"owner\": \"Addison Stoltenberg\"}',3,'2019-11-19 22:07:27','2021-07-16 19:57:47'),(126,17,'http://cloudfil.es/ftp/vk/dolore.jpeg',8574,'{\"owner\": \"Jaclyn Kuhlman\"}',3,'2019-08-06 20:03:06','2021-07-16 19:57:47'),(127,42,'http://cloudfil.es/ftp/vk/vel.mp3',3466,'{\"owner\": \"Myron Mayer\"}',3,'2016-06-29 00:49:22','2021-07-16 19:57:47'),(128,56,'http://cloudfil.es/ftp/vk/tempora.mp3',10612,'{\"owner\": \"Fabiola Schaefer\"}',2,'2017-12-11 23:49:49','2021-07-16 19:51:10'),(129,53,'http://cloudfil.es/ftp/vk/error.mp3',1660,'{\"owner\": \"Joanne Tremblay\"}',1,'2012-09-25 18:49:51','2021-07-16 19:57:47'),(130,96,'http://cloudfil.es/ftp/vk/voluptate.gif',5465,'{\"owner\": \"Karlee Hintz\"}',1,'2018-09-30 20:01:26','2021-07-16 19:57:47'),(131,22,'http://cloudfil.es/ftp/vk/omnis.mov',1344,'{\"owner\": \"Linda Hirthe\"}',3,'2015-12-25 15:47:17','2021-07-16 19:57:47'),(132,22,'http://cloudfil.es/ftp/vk/et.png',9327,'{\"owner\": \"Linda Hirthe\"}',1,'2012-04-01 15:23:25','2021-07-16 19:57:47'),(133,42,'http://cloudfil.es/ftp/vk/voluptatum.jpeg',1605,'{\"owner\": \"Myron Mayer\"}',2,'2012-03-09 01:59:45','2021-07-16 19:57:47'),(134,45,'http://cloudfil.es/ftp/vk/velit.jpeg',9042,'{\"owner\": \"Rosalinda Howe\"}',1,'2012-09-20 04:26:30','2021-07-16 19:57:47'),(135,100,'http://cloudfil.es/ftp/vk/debitis.mp3',9397,'{\"owner\": \"Broderick Dibbert\"}',1,'2019-08-28 19:22:44','2021-07-16 19:57:47'),(136,63,'http://cloudfil.es/ftp/vk/odit.jpeg',8857,'{\"owner\": \"Moses Funk\"}',1,'2012-07-08 10:09:37','2021-07-16 19:57:47'),(137,15,'http://cloudfil.es/ftp/vk/explicabo.png',5098,'{\"owner\": \"Rosalee Sawayn\"}',3,'2015-03-20 09:35:25','2021-07-16 19:57:47'),(138,83,'http://cloudfil.es/ftp/vk/tempora.png',7916,'{\"owner\": \"Tevin Doyle\"}',1,'2014-12-23 16:17:06','2021-07-16 19:57:47'),(139,71,'http://cloudfil.es/ftp/vk/cum.jpeg',3288,'{\"owner\": \"Aubree Kovacek\"}',3,'2018-11-14 12:18:09','2021-07-16 19:57:47'),(140,6,'http://cloudfil.es/ftp/vk/amet.mp3',1692,'{\"owner\": \"Chanelle Parisian\"}',3,'2017-03-23 07:01:47','2021-07-16 19:57:47'),(141,16,'http://cloudfil.es/ftp/vk/omnis.mov',7598,'{\"owner\": \"Rosamond Ruecker\"}',3,'2019-09-24 08:18:56','2021-07-16 19:51:10'),(142,61,'http://cloudfil.es/ftp/vk/excepturi.mov',1912,'{\"owner\": \"Stacey Trantow\"}',2,'2018-10-12 04:34:09','2021-07-16 19:57:47'),(143,59,'http://cloudfil.es/ftp/vk/nihil.avi',5768,'{\"owner\": \"Darrion Will\"}',3,'2016-11-02 18:40:56','2021-07-16 19:57:47'),(144,8,'http://cloudfil.es/ftp/vk/consequatur.png',2105,'{\"owner\": \"Marie Rempel\"}',2,'2021-02-24 07:30:19','2021-07-16 19:57:47'),(145,65,'http://cloudfil.es/ftp/vk/similique.png',2220,'{\"owner\": \"Brandy Rogahn\"}',3,'2015-07-30 21:37:52','2021-07-16 19:57:47'),(146,1,'http://cloudfil.es/ftp/vk/fugiat.jpeg',3786,'{\"owner\": \"Dave Heaney\"}',3,'2020-06-22 16:47:44','2021-07-16 19:57:47'),(147,8,'http://cloudfil.es/ftp/vk/deserunt.png',1270,'{\"owner\": \"Marie Rempel\"}',3,'2014-06-29 21:40:12','2021-07-16 19:51:10'),(148,35,'http://cloudfil.es/ftp/vk/quo.gif',3995,'{\"owner\": \"Verona Schroeder\"}',3,'2014-07-17 00:05:45','2021-07-16 19:57:47'),(149,52,'http://cloudfil.es/ftp/vk/aut.mov',5162,'{\"owner\": \"Earline Schoen\"}',1,'2020-06-20 06:49:43','2021-07-16 19:57:47'),(150,56,'http://cloudfil.es/ftp/vk/et.jpeg',2828,'{\"owner\": \"Fabiola Schaefer\"}',1,'2014-06-03 12:06:59','2021-07-16 19:57:47'),(151,24,'http://cloudfil.es/ftp/vk/ipsum.png',7656,'{\"owner\": \"Whitney Kulas\"}',1,'2019-12-14 18:25:11','2021-07-16 19:51:10'),(152,49,'http://cloudfil.es/ftp/vk/aut.gif',8794,'{\"owner\": \"America Grant\"}',2,'2017-05-15 14:02:37','2021-07-16 19:51:10'),(153,75,'http://cloudfil.es/ftp/vk/sit.mp3',10005,'{\"owner\": \"Emelia Wilkinson\"}',2,'2011-09-15 04:41:26','2021-07-16 19:57:47'),(154,26,'http://cloudfil.es/ftp/vk/sed.gif',2643,'{\"owner\": \"Lindsay Wilkinson\"}',3,'2016-12-12 14:55:32','2021-07-16 19:57:47'),(155,5,'http://cloudfil.es/ftp/vk/eveniet.avi',2199,'{\"owner\": \"Laurianne Fadel\"}',3,'2018-09-12 14:35:58','2021-07-16 19:57:47'),(156,45,'http://cloudfil.es/ftp/vk/labore.jpeg',2069,'{\"owner\": \"Rosalinda Howe\"}',2,'2015-09-30 23:41:17','2021-07-16 19:57:47'),(157,10,'http://cloudfil.es/ftp/vk/aut.avi',2746,'{\"owner\": \"Marcia Johnston\"}',1,'2011-10-13 19:01:12','2021-07-16 19:51:10'),(158,17,'http://cloudfil.es/ftp/vk/modi.gif',6525,'{\"owner\": \"Jaclyn Kuhlman\"}',2,'2018-07-06 16:23:11','2021-07-16 19:51:10'),(159,52,'http://cloudfil.es/ftp/vk/aut.gif',3387,'{\"owner\": \"Earline Schoen\"}',2,'2018-12-22 23:05:11','2021-07-16 19:57:47'),(160,11,'http://cloudfil.es/ftp/vk/voluptas.mov',6359,'{\"owner\": \"Amelie Kiehn\"}',2,'2016-05-21 17:19:30','2021-07-16 19:57:47'),(161,96,'http://cloudfil.es/ftp/vk/ut.png',10636,'{\"owner\": \"Karlee Hintz\"}',3,'2017-08-21 20:45:08','2021-07-16 19:57:47'),(162,48,'http://cloudfil.es/ftp/vk/aut.png',3101,'{\"owner\": \"Addison Stoltenberg\"}',3,'2012-05-09 18:00:41','2021-07-16 19:57:47'),(163,52,'http://cloudfil.es/ftp/vk/reiciendis.gif',2600,'{\"owner\": \"Earline Schoen\"}',1,'2018-03-09 05:49:47','2021-07-16 19:51:10'),(164,15,'http://cloudfil.es/ftp/vk/quos.avi',2696,'{\"owner\": \"Rosalee Sawayn\"}',3,'2018-03-23 13:09:56','2021-07-16 19:57:47'),(165,18,'http://cloudfil.es/ftp/vk/suscipit.gif',4683,'{\"owner\": \"Macy Friesen\"}',2,'2019-11-19 10:08:26','2021-07-16 19:57:47'),(166,43,'http://cloudfil.es/ftp/vk/illum.mov',4325,'{\"owner\": \"Royce Fisher\"}',2,'2014-02-06 11:49:09','2021-07-16 19:57:47'),(167,62,'http://cloudfil.es/ftp/vk/odio.mp3',6577,'{\"owner\": \"Chyna Bashirian\"}',3,'2018-06-28 08:31:57','2021-07-16 19:57:47'),(168,81,'http://cloudfil.es/ftp/vk/occaecati.mp3',8913,'{\"owner\": \"Garnet Stoltenberg\"}',3,'2015-08-30 01:06:21','2021-07-16 19:57:47'),(169,19,'http://cloudfil.es/ftp/vk/ullam.gif',3832,'{\"owner\": \"Gerard Gaylord\"}',3,'2012-02-01 10:33:08','2021-07-16 19:57:47'),(170,51,'http://cloudfil.es/ftp/vk/atque.mp3',1423,'{\"owner\": \"Cali Kertzmann\"}',3,'2013-03-03 00:54:32','2021-07-16 19:57:47'),(171,99,'http://cloudfil.es/ftp/vk/consequatur.jpeg',4620,'{\"owner\": \"Bridie Carter\"}',3,'2019-05-14 10:50:49','2021-07-16 19:51:10'),(172,42,'http://cloudfil.es/ftp/vk/ut.png',7829,'{\"owner\": \"Myron Mayer\"}',2,'2016-05-27 05:23:43','2021-07-16 19:57:47'),(173,12,'http://cloudfil.es/ftp/vk/iusto.avi',4286,'{\"owner\": \"Floy Gorczany\"}',3,'2021-05-07 13:06:42','2021-07-16 19:57:47'),(174,32,'http://cloudfil.es/ftp/vk/repellat.mp3',6945,'{\"owner\": \"Kelsi Schuster\"}',1,'2013-03-24 21:57:07','2021-07-16 19:57:47'),(175,22,'http://cloudfil.es/ftp/vk/possimus.avi',10867,'{\"owner\": \"Linda Hirthe\"}',1,'2014-03-15 02:11:18','2021-07-16 19:51:10'),(176,17,'http://cloudfil.es/ftp/vk/ut.mov',2501,'{\"owner\": \"Jaclyn Kuhlman\"}',3,'2018-11-08 11:01:07','2021-07-16 19:57:47'),(177,17,'http://cloudfil.es/ftp/vk/maxime.mp3',8904,'{\"owner\": \"Jaclyn Kuhlman\"}',3,'2020-03-24 18:19:17','2021-07-16 19:51:10'),(178,35,'http://cloudfil.es/ftp/vk/sit.jpeg',6017,'{\"owner\": \"Verona Schroeder\"}',3,'2013-05-28 03:54:07','2021-07-16 19:57:47'),(179,20,'http://cloudfil.es/ftp/vk/veritatis.jpeg',2375,'{\"owner\": \"Marcelo Legros\"}',3,'2014-08-15 05:49:42','2021-07-16 19:57:47'),(180,98,'http://cloudfil.es/ftp/vk/asperiores.mp3',2823,'{\"owner\": \"Dakota Barton\"}',2,'2016-06-15 22:59:41','2021-07-16 19:57:47'),(181,29,'http://cloudfil.es/ftp/vk/quaerat.jpeg',5992,'{\"owner\": \"Stephan Bosco\"}',3,'2017-01-24 23:17:50','2021-07-16 19:57:47'),(182,50,'http://cloudfil.es/ftp/vk/vel.mov',10490,'{\"owner\": \"Maude Langworth\"}',3,'2017-05-04 02:36:39','2021-07-16 19:57:47'),(183,62,'http://cloudfil.es/ftp/vk/est.png',3476,'{\"owner\": \"Chyna Bashirian\"}',1,'2019-12-12 23:38:11','2021-07-16 19:57:47'),(184,60,'http://cloudfil.es/ftp/vk/rerum.avi',4908,'{\"owner\": \"Simone Brown\"}',2,'2015-07-07 02:12:07','2021-07-16 19:57:47'),(185,15,'http://cloudfil.es/ftp/vk/odio.png',3113,'{\"owner\": \"Rosalee Sawayn\"}',2,'2019-09-09 18:07:59','2021-07-16 19:57:47'),(186,94,'http://cloudfil.es/ftp/vk/quidem.mp3',9841,'{\"owner\": \"Carolyne Nader\"}',1,'2016-08-31 17:02:36','2021-07-16 19:57:47'),(187,25,'http://cloudfil.es/ftp/vk/exercitationem.gif',8865,'{\"owner\": \"Shaylee Little\"}',2,'2014-07-19 10:49:26','2021-07-16 19:57:47'),(188,43,'http://cloudfil.es/ftp/vk/numquam.jpeg',3805,'{\"owner\": \"Royce Fisher\"}',3,'2021-02-09 20:31:16','2021-07-16 19:57:47'),(189,38,'http://cloudfil.es/ftp/vk/omnis.avi',1428,'{\"owner\": \"Kimberly Dach\"}',1,'2011-09-01 16:27:48','2021-07-16 19:57:47'),(190,59,'http://cloudfil.es/ftp/vk/omnis.mp3',4726,'{\"owner\": \"Darrion Will\"}',3,'2016-09-20 03:40:12','2021-07-16 19:57:47'),(191,82,'http://cloudfil.es/ftp/vk/excepturi.avi',8348,'{\"owner\": \"Rosario Dibbert\"}',1,'2021-04-04 20:38:12','2021-07-16 19:57:47'),(192,31,'http://cloudfil.es/ftp/vk/at.mp3',6564,'{\"owner\": \"Johnny Stracke\"}',1,'2018-01-26 01:04:38','2021-07-16 19:57:47'),(193,9,'http://cloudfil.es/ftp/vk/ducimus.jpeg',6773,'{\"owner\": \"Francisca McCullough\"}',2,'2015-08-30 16:59:47','2021-07-16 19:57:47'),(194,53,'http://cloudfil.es/ftp/vk/exercitationem.avi',3176,'{\"owner\": \"Joanne Tremblay\"}',3,'2015-10-23 13:26:16','2021-07-16 19:57:47'),(195,36,'http://cloudfil.es/ftp/vk/qui.jpeg',4559,'{\"owner\": \"Piper Schaefer\"}',1,'2011-11-29 02:36:44','2021-07-16 19:57:47'),(196,21,'http://cloudfil.es/ftp/vk/sapiente.png',2269,'{\"owner\": \"Sadie Bosco\"}',3,'2012-06-12 20:49:55','2021-07-16 19:57:47'),(197,95,'http://cloudfil.es/ftp/vk/corrupti.gif',6668,'{\"owner\": \"Pasquale Stehr\"}',3,'2019-03-24 20:11:57','2021-07-16 19:57:47'),(198,13,'http://cloudfil.es/ftp/vk/odit.png',5534,'{\"owner\": \"Jarod Gaylord\"}',2,'2012-02-04 23:58:40','2021-07-16 19:57:47'),(199,81,'http://cloudfil.es/ftp/vk/quia.mp3',6668,'{\"owner\": \"Garnet Stoltenberg\"}',3,'2014-05-20 02:42:30','2021-07-16 19:57:47'),(200,63,'http://cloudfil.es/ftp/vk/ea.avi',5735,'{\"owner\": \"Moses Funk\"}',3,'2017-10-03 16:54:40','2021-07-16 19:57:47'),(201,73,'http://cloudfil.es/ftp/vk/quo.gif',7674,'{\"owner\": \"Ima Reichert\"}',3,'2012-09-20 05:26:22','2021-07-16 19:51:10'),(202,77,'http://cloudfil.es/ftp/vk/harum.gif',10167,'{\"owner\": \"Tressie Schulist\"}',1,'2016-12-21 05:11:45','2021-07-16 19:57:47'),(203,63,'http://cloudfil.es/ftp/vk/distinctio.jpeg',6812,'{\"owner\": \"Moses Funk\"}',1,'2013-11-11 00:55:05','2021-07-16 19:57:47'),(204,85,'http://cloudfil.es/ftp/vk/voluptatem.jpeg',2559,'{\"owner\": \"Earlene Kulas\"}',1,'2020-03-23 14:04:08','2021-07-16 19:57:47'),(205,34,'http://cloudfil.es/ftp/vk/quidem.mp3',1358,'{\"owner\": \"Carolyne Medhurst\"}',2,'2014-01-10 00:10:51','2021-07-16 19:57:47'),(206,15,'http://cloudfil.es/ftp/vk/atque.mov',8114,'{\"owner\": \"Rosalee Sawayn\"}',1,'2018-03-22 12:11:56','2021-07-16 19:57:47'),(207,71,'http://cloudfil.es/ftp/vk/minima.jpeg',5497,'{\"owner\": \"Aubree Kovacek\"}',1,'2021-06-26 22:21:48','2021-07-16 19:57:47'),(208,11,'http://cloudfil.es/ftp/vk/dolores.jpeg',2146,'{\"owner\": \"Amelie Kiehn\"}',3,'2019-11-18 22:49:38','2021-07-16 19:57:47'),(209,43,'http://cloudfil.es/ftp/vk/est.avi',3236,'{\"owner\": \"Royce Fisher\"}',3,'2013-07-15 14:47:52','2021-07-16 19:57:47'),(210,80,'http://cloudfil.es/ftp/vk/qui.avi',8745,'{\"owner\": \"Orlo Denesik\"}',1,'2017-12-18 14:08:49','2021-07-16 19:57:47'),(211,71,'http://cloudfil.es/ftp/vk/quo.gif',3017,'{\"owner\": \"Aubree Kovacek\"}',3,'2014-09-09 00:17:32','2021-07-16 19:57:47'),(212,15,'http://cloudfil.es/ftp/vk/libero.png',7850,'{\"owner\": \"Rosalee Sawayn\"}',1,'2014-02-17 14:31:11','2021-07-16 19:57:47'),(213,61,'http://cloudfil.es/ftp/vk/quis.avi',9198,'{\"owner\": \"Stacey Trantow\"}',2,'2015-02-01 05:26:27','2021-07-16 19:57:47'),(214,60,'http://cloudfil.es/ftp/vk/laborum.gif',1443,'{\"owner\": \"Simone Brown\"}',2,'2013-05-01 06:57:38','2021-07-16 19:57:47'),(215,14,'http://cloudfil.es/ftp/vk/esse.avi',8619,'{\"owner\": \"Mackenzie Lang\"}',3,'2013-07-16 21:05:56','2021-07-16 19:57:47'),(216,92,'http://cloudfil.es/ftp/vk/quia.mov',7768,'{\"owner\": \"Tyree Mraz\"}',3,'2015-03-20 19:18:35','2021-07-16 19:57:47'),(217,15,'http://cloudfil.es/ftp/vk/molestiae.png',1981,'{\"owner\": \"Rosalee Sawayn\"}',2,'2020-10-15 16:47:54','2021-07-16 19:57:47'),(218,99,'http://cloudfil.es/ftp/vk/ipsam.gif',5605,'{\"owner\": \"Bridie Carter\"}',1,'2021-01-22 17:20:00','2021-07-16 19:57:47'),(219,49,'http://cloudfil.es/ftp/vk/illum.avi',1080,'{\"owner\": \"America Grant\"}',3,'2019-05-28 08:50:04','2021-07-16 19:51:10'),(220,48,'http://cloudfil.es/ftp/vk/aspernatur.jpeg',7586,'{\"owner\": \"Addison Stoltenberg\"}',2,'2013-05-04 14:13:12','2021-07-16 19:57:47'),(221,93,'http://cloudfil.es/ftp/vk/quis.avi',3692,'{\"owner\": \"Sim Jakubowski\"}',3,'2019-10-27 13:21:55','2021-07-16 19:57:47'),(222,21,'http://cloudfil.es/ftp/vk/a.avi',4703,'{\"owner\": \"Sadie Bosco\"}',1,'2015-05-26 19:22:23','2021-07-16 19:57:47'),(223,27,'http://cloudfil.es/ftp/vk/quia.avi',1440,'{\"owner\": \"Jett Weber\"}',3,'2017-03-10 07:50:33','2021-07-16 19:57:47'),(224,68,'http://cloudfil.es/ftp/vk/quo.avi',2091,'{\"owner\": \"Louisa Marks\"}',3,'2014-05-27 00:55:54','2021-07-16 19:57:47'),(225,61,'http://cloudfil.es/ftp/vk/omnis.mov',5136,'{\"owner\": \"Stacey Trantow\"}',2,'2016-10-16 06:07:48','2021-07-16 19:57:47'),(226,99,'http://cloudfil.es/ftp/vk/minus.gif',8408,'{\"owner\": \"Bridie Carter\"}',1,'2019-02-19 14:28:36','2021-07-16 19:57:47'),(227,11,'http://cloudfil.es/ftp/vk/illum.png',5632,'{\"owner\": \"Amelie Kiehn\"}',1,'2018-05-24 19:25:54','2021-07-16 19:57:47'),(228,59,'http://cloudfil.es/ftp/vk/necessitatibus.avi',1937,'{\"owner\": \"Darrion Will\"}',3,'2020-07-08 04:36:50','2021-07-16 19:57:47'),(229,60,'http://cloudfil.es/ftp/vk/et.mov',1788,'{\"owner\": \"Simone Brown\"}',1,'2019-11-11 07:50:16','2021-07-16 19:51:10'),(230,22,'http://cloudfil.es/ftp/vk/cum.jpeg',2130,'{\"owner\": \"Linda Hirthe\"}',1,'2019-10-04 20:38:40','2021-07-16 19:57:47'),(231,29,'http://cloudfil.es/ftp/vk/occaecati.mov',4286,'{\"owner\": \"Stephan Bosco\"}',2,'2013-07-13 18:48:21','2021-07-16 19:57:47'),(232,81,'http://cloudfil.es/ftp/vk/iure.jpeg',4040,'{\"owner\": \"Garnet Stoltenberg\"}',3,'2020-07-16 15:17:22','2021-07-16 19:57:47'),(233,17,'http://cloudfil.es/ftp/vk/nesciunt.avi',6342,'{\"owner\": \"Jaclyn Kuhlman\"}',2,'2013-03-13 08:08:09','2021-07-16 19:57:47'),(234,41,'http://cloudfil.es/ftp/vk/totam.mp3',8593,'{\"owner\": \"Kiel Lesch\"}',1,'2015-11-16 17:13:37','2021-07-16 19:57:47'),(235,53,'http://cloudfil.es/ftp/vk/in.jpeg',2939,'{\"owner\": \"Joanne Tremblay\"}',1,'2017-01-13 17:23:50','2021-07-16 19:51:10'),(236,42,'http://cloudfil.es/ftp/vk/magni.jpeg',7918,'{\"owner\": \"Myron Mayer\"}',3,'2018-11-16 12:42:41','2021-07-16 19:57:47'),(237,51,'http://cloudfil.es/ftp/vk/incidunt.gif',9773,'{\"owner\": \"Cali Kertzmann\"}',3,'2013-07-22 01:36:27','2021-07-16 19:51:10'),(238,27,'http://cloudfil.es/ftp/vk/veniam.jpeg',4109,'{\"owner\": \"Jett Weber\"}',2,'2016-07-02 01:36:16','2021-07-16 19:57:47'),(239,81,'http://cloudfil.es/ftp/vk/et.png',10229,'{\"owner\": \"Garnet Stoltenberg\"}',1,'2014-08-15 07:29:41','2021-07-16 19:57:47'),(240,23,'http://cloudfil.es/ftp/vk/et.jpeg',7819,'{\"owner\": \"Fausto Lind\"}',3,'2019-04-15 20:59:48','2021-07-16 19:57:47'),(241,73,'http://cloudfil.es/ftp/vk/fugit.mp3',7409,'{\"owner\": \"Ima Reichert\"}',2,'2012-12-26 07:44:58','2021-07-16 19:57:47'),(242,96,'http://cloudfil.es/ftp/vk/quisquam.png',2588,'{\"owner\": \"Karlee Hintz\"}',1,'2011-09-06 18:18:20','2021-07-16 19:57:47'),(243,60,'http://cloudfil.es/ftp/vk/consectetur.jpeg',9713,'{\"owner\": \"Simone Brown\"}',3,'2017-09-08 06:36:57','2021-07-16 19:51:10'),(244,13,'http://cloudfil.es/ftp/vk/distinctio.mov',9803,'{\"owner\": \"Jarod Gaylord\"}',1,'2014-11-09 02:36:51','2021-07-16 19:57:47'),(245,83,'http://cloudfil.es/ftp/vk/ullam.gif',8874,'{\"owner\": \"Tevin Doyle\"}',3,'2012-11-02 07:46:12','2021-07-16 19:57:47'),(246,78,'http://cloudfil.es/ftp/vk/quasi.gif',3960,'{\"owner\": \"Jerome Reynolds\"}',2,'2014-09-04 08:42:40','2021-07-16 19:57:47'),(247,38,'http://cloudfil.es/ftp/vk/quidem.png',2182,'{\"owner\": \"Kimberly Dach\"}',2,'2015-07-10 10:01:04','2021-07-16 19:57:47'),(248,55,'http://cloudfil.es/ftp/vk/illum.mp3',8031,'{\"owner\": \"Jovanny Hand\"}',2,'2018-04-02 21:17:51','2021-07-16 19:51:10'),(249,60,'http://cloudfil.es/ftp/vk/perspiciatis.gif',2609,'{\"owner\": \"Simone Brown\"}',1,'2017-09-22 01:28:38','2021-07-16 19:57:47'),(250,35,'http://cloudfil.es/ftp/vk/natus.mov',7952,'{\"owner\": \"Verona Schroeder\"}',2,'2017-06-27 09:29:15','2021-07-16 19:57:47'),(251,93,'http://cloudfil.es/ftp/vk/labore.png',10933,'{\"owner\": \"Sim Jakubowski\"}',3,'2019-09-08 04:21:59','2021-07-16 19:57:47'),(252,62,'http://cloudfil.es/ftp/vk/error.gif',9809,'{\"owner\": \"Chyna Bashirian\"}',2,'2013-11-05 13:01:06','2021-07-16 19:57:47'),(253,31,'http://cloudfil.es/ftp/vk/ducimus.jpeg',5245,'{\"owner\": \"Johnny Stracke\"}',2,'2016-10-20 13:35:39','2021-07-16 19:57:47'),(254,66,'http://cloudfil.es/ftp/vk/quia.mp3',5802,'{\"owner\": \"Alycia Armstrong\"}',3,'2019-07-05 04:19:12','2021-07-16 19:57:47'),(255,37,'http://cloudfil.es/ftp/vk/dolor.mp3',2272,'{\"owner\": \"Georgianna Cremin\"}',1,'2019-12-21 13:55:48','2021-07-16 19:57:47'),(256,87,'http://cloudfil.es/ftp/vk/sint.png',2957,'{\"owner\": \"Ocie Bradtke\"}',1,'2017-10-02 21:55:39','2021-07-16 19:57:47'),(257,23,'http://cloudfil.es/ftp/vk/harum.png',6969,'{\"owner\": \"Fausto Lind\"}',2,'2015-09-09 01:44:34','2021-07-16 19:57:47'),(258,53,'http://cloudfil.es/ftp/vk/aut.jpeg',4972,'{\"owner\": \"Joanne Tremblay\"}',3,'2016-11-29 18:57:59','2021-07-16 19:57:47'),(259,95,'http://cloudfil.es/ftp/vk/omnis.gif',2957,'{\"owner\": \"Pasquale Stehr\"}',2,'2021-05-30 17:11:17','2021-07-16 19:57:47'),(260,17,'http://cloudfil.es/ftp/vk/omnis.avi',8869,'{\"owner\": \"Jaclyn Kuhlman\"}',2,'2021-01-28 10:53:08','2021-07-16 19:51:10'),(261,99,'http://cloudfil.es/ftp/vk/ab.mp3',4475,'{\"owner\": \"Bridie Carter\"}',2,'2018-11-12 17:06:31','2021-07-16 19:57:47'),(262,45,'http://cloudfil.es/ftp/vk/quaerat.jpeg',4768,'{\"owner\": \"Rosalinda Howe\"}',2,'2016-09-17 20:04:21','2021-07-16 19:57:47'),(263,25,'http://cloudfil.es/ftp/vk/ut.avi',9416,'{\"owner\": \"Shaylee Little\"}',3,'2011-08-19 16:23:31','2021-07-16 19:57:47'),(264,90,'http://cloudfil.es/ftp/vk/doloremque.mp3',1774,'{\"owner\": \"Dexter Monahan\"}',1,'2020-05-10 00:37:51','2021-07-16 19:57:47'),(265,75,'http://cloudfil.es/ftp/vk/architecto.mov',9626,'{\"owner\": \"Emelia Wilkinson\"}',2,'2012-07-17 02:50:14','2021-07-16 19:57:47'),(266,4,'http://cloudfil.es/ftp/vk/ut.mov',1805,'{\"owner\": \"Tessie Goldner\"}',2,'2019-03-16 21:17:44','2021-07-16 19:51:10'),(267,93,'http://cloudfil.es/ftp/vk/consequatur.jpeg',9149,'{\"owner\": \"Sim Jakubowski\"}',2,'2016-11-15 12:49:17','2021-07-16 19:57:47'),(268,54,'http://cloudfil.es/ftp/vk/ut.mov',9331,'{\"owner\": \"Emilie Gaylord\"}',3,'2018-09-05 18:37:55','2021-07-16 19:57:47'),(269,88,'http://cloudfil.es/ftp/vk/illum.mov',8206,'{\"owner\": \"Blaise Wiza\"}',3,'2020-11-27 22:35:39','2021-07-16 19:57:47'),(270,80,'http://cloudfil.es/ftp/vk/est.gif',2041,'{\"owner\": \"Orlo Denesik\"}',1,'2018-06-06 11:38:34','2021-07-16 19:57:47'),(271,35,'http://cloudfil.es/ftp/vk/quibusdam.gif',4585,'{\"owner\": \"Verona Schroeder\"}',2,'2014-04-05 02:59:05','2021-07-16 19:57:47'),(272,34,'http://cloudfil.es/ftp/vk/ut.gif',5803,'{\"owner\": \"Carolyne Medhurst\"}',2,'2021-04-22 11:11:07','2021-07-16 19:51:10'),(273,65,'http://cloudfil.es/ftp/vk/est.mov',4261,'{\"owner\": \"Brandy Rogahn\"}',2,'2019-12-09 17:57:17','2021-07-16 19:57:47'),(274,23,'http://cloudfil.es/ftp/vk/incidunt.png',2896,'{\"owner\": \"Fausto Lind\"}',1,'2016-01-21 04:29:25','2021-07-16 19:57:47'),(275,18,'http://cloudfil.es/ftp/vk/ipsum.avi',10699,'{\"owner\": \"Macy Friesen\"}',3,'2021-02-21 07:58:47','2021-07-16 19:57:47'),(276,22,'http://cloudfil.es/ftp/vk/enim.jpeg',3809,'{\"owner\": \"Linda Hirthe\"}',3,'2017-07-29 14:58:59','2021-07-16 19:57:47'),(277,55,'http://cloudfil.es/ftp/vk/earum.png',5945,'{\"owner\": \"Jovanny Hand\"}',3,'2012-05-23 13:01:40','2021-07-16 19:57:47'),(278,11,'http://cloudfil.es/ftp/vk/facilis.png',7299,'{\"owner\": \"Amelie Kiehn\"}',2,'2016-02-28 02:58:31','2021-07-16 19:51:10'),(279,86,'http://cloudfil.es/ftp/vk/doloremque.mov',7659,'{\"owner\": \"Jovani Dicki\"}',2,'2012-06-08 02:32:07','2021-07-16 19:57:47'),(280,97,'http://cloudfil.es/ftp/vk/modi.avi',5402,'{\"owner\": \"Rusty Haag\"}',2,'2014-07-16 01:45:59','2021-07-16 19:57:47'),(281,28,'http://cloudfil.es/ftp/vk/illo.png',3031,'{\"owner\": \"Anjali Grimes\"}',3,'2020-04-15 06:59:57','2021-07-16 19:57:47'),(282,46,'http://cloudfil.es/ftp/vk/quis.jpeg',7950,'{\"owner\": \"Nikki Waters\"}',1,'2012-02-15 15:42:48','2021-07-16 19:57:47'),(283,48,'http://cloudfil.es/ftp/vk/dolores.avi',9658,'{\"owner\": \"Addison Stoltenberg\"}',1,'2019-11-27 01:06:24','2021-07-16 19:51:10'),(284,2,'http://cloudfil.es/ftp/vk/quibusdam.mp3',3440,'{\"owner\": \"Caroline Lindgren\"}',1,'2015-07-13 15:36:05','2021-07-16 19:57:47'),(285,65,'http://cloudfil.es/ftp/vk/fuga.avi',7229,'{\"owner\": \"Brandy Rogahn\"}',3,'2013-01-17 09:34:50','2021-07-16 19:51:10'),(286,19,'http://cloudfil.es/ftp/vk/sit.mp3',4822,'{\"owner\": \"Gerard Gaylord\"}',3,'2013-07-12 16:42:11','2021-07-16 19:57:47'),(287,1,'http://cloudfil.es/ftp/vk/sunt.mp3',1424,'{\"owner\": \"Dave Heaney\"}',2,'2013-08-01 19:24:23','2021-07-16 19:57:47'),(288,46,'http://cloudfil.es/ftp/vk/enim.mov',1657,'{\"owner\": \"Nikki Waters\"}',1,'2018-02-18 23:09:31','2021-07-16 19:57:47'),(289,26,'http://cloudfil.es/ftp/vk/animi.jpeg',3012,'{\"owner\": \"Lindsay Wilkinson\"}',1,'2013-11-06 00:11:00','2021-07-16 19:51:10'),(290,94,'http://cloudfil.es/ftp/vk/dicta.jpeg',9091,'{\"owner\": \"Carolyne Nader\"}',2,'2019-10-12 15:09:30','2021-07-16 19:51:10'),(291,89,'http://cloudfil.es/ftp/vk/quis.png',5417,'{\"owner\": \"Viola Corwin\"}',3,'2016-11-25 15:48:01','2021-07-16 19:51:10'),(292,62,'http://cloudfil.es/ftp/vk/laborum.gif',8814,'{\"owner\": \"Chyna Bashirian\"}',3,'2019-11-03 11:34:32','2021-07-16 19:57:47'),(293,42,'http://cloudfil.es/ftp/vk/dolor.gif',6818,'{\"owner\": \"Myron Mayer\"}',1,'2019-10-20 05:35:18','2021-07-16 19:57:47'),(294,23,'http://cloudfil.es/ftp/vk/labore.mov',6650,'{\"owner\": \"Fausto Lind\"}',2,'2016-12-19 19:07:47','2021-07-16 19:57:47'),(295,89,'http://cloudfil.es/ftp/vk/voluptatem.jpeg',1797,'{\"owner\": \"Viola Corwin\"}',2,'2019-11-22 01:19:07','2021-07-16 19:57:47'),(296,77,'http://cloudfil.es/ftp/vk/rem.gif',8034,'{\"owner\": \"Tressie Schulist\"}',2,'2018-02-19 05:41:41','2021-07-16 19:51:10'),(297,18,'http://cloudfil.es/ftp/vk/reiciendis.avi',3782,'{\"owner\": \"Macy Friesen\"}',3,'2020-06-10 02:51:49','2021-07-16 19:51:10'),(298,59,'http://cloudfil.es/ftp/vk/quis.jpeg',3806,'{\"owner\": \"Darrion Will\"}',3,'2015-09-26 07:16:32','2021-07-16 19:57:47'),(299,40,'http://cloudfil.es/ftp/vk/et.mp3',6686,'{\"owner\": \"Sally Wehner\"}',1,'2019-05-03 12:32:47','2021-07-16 19:57:47'),(300,21,'http://cloudfil.es/ftp/vk/corporis.mov',1011,'{\"owner\": \"Sadie Bosco\"}',2,'2017-12-04 10:36:54','2021-07-16 19:57:47'),(301,84,'http://cloudfil.es/ftp/vk/quas.mov',4000,'{\"owner\": \"Jordane Bahringer\"}',2,'2013-09-29 09:54:48','2021-07-16 19:57:47'),(302,56,'http://cloudfil.es/ftp/vk/est.avi',5966,'{\"owner\": \"Fabiola Schaefer\"}',1,'2018-10-18 21:59:28','2021-07-16 19:57:47'),(303,28,'http://cloudfil.es/ftp/vk/omnis.png',6830,'{\"owner\": \"Anjali Grimes\"}',3,'2018-08-07 14:02:07','2021-07-16 19:51:10'),(304,72,'http://cloudfil.es/ftp/vk/culpa.avi',5252,'{\"owner\": \"Jamal Cronin\"}',1,'2021-02-08 15:28:17','2021-07-16 19:57:47'),(305,77,'http://cloudfil.es/ftp/vk/omnis.gif',4773,'{\"owner\": \"Tressie Schulist\"}',3,'2014-10-16 06:38:49','2021-07-16 19:57:47'),(306,66,'http://cloudfil.es/ftp/vk/beatae.avi',7107,'{\"owner\": \"Alycia Armstrong\"}',1,'2019-09-11 08:07:31','2021-07-16 19:57:47'),(307,1,'http://cloudfil.es/ftp/vk/ratione.mov',10219,'{\"owner\": \"Dave Heaney\"}',3,'2018-08-02 18:20:36','2021-07-16 19:57:47'),(308,6,'http://cloudfil.es/ftp/vk/neque.mov',8775,'{\"owner\": \"Chanelle Parisian\"}',3,'2014-04-22 23:58:55','2021-07-16 19:57:47'),(309,26,'http://cloudfil.es/ftp/vk/fuga.mp3',2219,'{\"owner\": \"Lindsay Wilkinson\"}',3,'2012-06-07 02:37:01','2021-07-16 19:51:10'),(310,12,'http://cloudfil.es/ftp/vk/sequi.png',3771,'{\"owner\": \"Floy Gorczany\"}',3,'2013-05-06 15:41:56','2021-07-16 19:57:47'),(311,83,'http://cloudfil.es/ftp/vk/est.mp3',1197,'{\"owner\": \"Tevin Doyle\"}',2,'2016-10-19 12:56:00','2021-07-16 19:57:47'),(312,78,'http://cloudfil.es/ftp/vk/alias.mov',3675,'{\"owner\": \"Jerome Reynolds\"}',1,'2013-02-28 02:33:08','2021-07-16 19:57:47'),(313,40,'http://cloudfil.es/ftp/vk/cupiditate.png',3782,'{\"owner\": \"Sally Wehner\"}',1,'2017-01-15 11:24:45','2021-07-16 19:51:10'),(314,66,'http://cloudfil.es/ftp/vk/reprehenderit.jpeg',6887,'{\"owner\": \"Alycia Armstrong\"}',2,'2017-04-19 08:44:41','2021-07-16 19:51:10'),(315,7,'http://cloudfil.es/ftp/vk/sint.gif',2087,'{\"owner\": \"Flo Jones\"}',3,'2020-04-03 06:24:17','2021-07-16 19:51:10'),(316,39,'http://cloudfil.es/ftp/vk/quia.png',8777,'{\"owner\": \"Christine Hettinger\"}',3,'2014-02-11 02:12:29','2021-07-16 19:57:47'),(317,72,'http://cloudfil.es/ftp/vk/et.png',6623,'{\"owner\": \"Jamal Cronin\"}',2,'2012-04-21 07:24:39','2021-07-16 19:57:47'),(318,41,'http://cloudfil.es/ftp/vk/nobis.gif',5785,'{\"owner\": \"Kiel Lesch\"}',2,'2012-06-14 09:28:06','2021-07-16 19:57:47'),(319,92,'http://cloudfil.es/ftp/vk/est.jpeg',8058,'{\"owner\": \"Tyree Mraz\"}',3,'2012-11-04 22:36:01','2021-07-16 19:57:47'),(320,35,'http://cloudfil.es/ftp/vk/quis.mp3',1936,'{\"owner\": \"Verona Schroeder\"}',3,'2016-10-31 07:40:30','2021-07-16 19:57:47'),(321,100,'http://cloudfil.es/ftp/vk/quia.gif',4505,'{\"owner\": \"Broderick Dibbert\"}',2,'2012-03-21 12:23:40','2021-07-16 19:57:47'),(322,95,'http://cloudfil.es/ftp/vk/ipsam.jpeg',5719,'{\"owner\": \"Pasquale Stehr\"}',3,'2013-12-02 17:54:38','2021-07-16 19:57:47'),(323,73,'http://cloudfil.es/ftp/vk/atque.avi',4081,'{\"owner\": \"Ima Reichert\"}',3,'2017-05-01 19:13:43','2021-07-16 19:57:47'),(324,81,'http://cloudfil.es/ftp/vk/quae.png',2249,'{\"owner\": \"Garnet Stoltenberg\"}',2,'2020-04-14 09:01:48','2021-07-16 19:57:47'),(325,86,'http://cloudfil.es/ftp/vk/numquam.avi',8000,'{\"owner\": \"Jovani Dicki\"}',2,'2018-12-14 22:28:46','2021-07-16 19:57:47'),(326,85,'http://cloudfil.es/ftp/vk/quisquam.mov',2256,'{\"owner\": \"Earlene Kulas\"}',2,'2016-03-09 18:26:22','2021-07-16 19:51:10'),(327,65,'http://cloudfil.es/ftp/vk/enim.mov',6280,'{\"owner\": \"Brandy Rogahn\"}',3,'2020-02-24 13:37:56','2021-07-16 19:51:10'),(328,71,'http://cloudfil.es/ftp/vk/molestiae.mov',3633,'{\"owner\": \"Aubree Kovacek\"}',3,'2012-07-27 22:58:54','2021-07-16 19:57:47'),(329,61,'http://cloudfil.es/ftp/vk/dolorum.mov',8325,'{\"owner\": \"Stacey Trantow\"}',1,'2021-05-31 03:24:57','2021-07-16 19:57:47'),(330,90,'http://cloudfil.es/ftp/vk/est.mp3',9728,'{\"owner\": \"Dexter Monahan\"}',1,'2015-05-19 03:15:36','2021-07-16 19:57:47'),(331,65,'http://cloudfil.es/ftp/vk/qui.gif',2665,'{\"owner\": \"Brandy Rogahn\"}',1,'2020-06-28 22:57:54','2021-07-16 19:51:10'),(332,57,'http://cloudfil.es/ftp/vk/non.avi',3141,'{\"owner\": \"Nettie Rowe\"}',2,'2012-10-17 02:48:05','2021-07-16 19:51:10'),(333,88,'http://cloudfil.es/ftp/vk/quas.gif',6712,'{\"owner\": \"Blaise Wiza\"}',1,'2015-03-06 12:49:14','2021-07-16 19:57:47'),(334,70,'http://cloudfil.es/ftp/vk/doloremque.mov',3134,'{\"owner\": \"Joy Pouros\"}',3,'2018-11-26 04:54:13','2021-07-16 19:57:47'),(335,86,'http://cloudfil.es/ftp/vk/et.mp3',4538,'{\"owner\": \"Jovani Dicki\"}',2,'2019-08-21 16:42:07','2021-07-16 19:57:47'),(336,17,'http://cloudfil.es/ftp/vk/non.png',2286,'{\"owner\": \"Jaclyn Kuhlman\"}',2,'2014-04-16 02:27:31','2021-07-16 19:57:47'),(337,26,'http://cloudfil.es/ftp/vk/vel.avi',6819,'{\"owner\": \"Lindsay Wilkinson\"}',2,'2012-11-30 22:36:15','2021-07-16 19:57:47'),(338,80,'http://cloudfil.es/ftp/vk/sapiente.mov',6235,'{\"owner\": \"Orlo Denesik\"}',2,'2013-06-18 15:17:45','2021-07-16 19:51:10'),(339,20,'http://cloudfil.es/ftp/vk/vel.png',9718,'{\"owner\": \"Marcelo Legros\"}',2,'2014-09-08 01:27:45','2021-07-16 19:57:47'),(340,61,'http://cloudfil.es/ftp/vk/maxime.gif',8885,'{\"owner\": \"Stacey Trantow\"}',1,'2020-12-22 18:31:51','2021-07-16 19:57:47'),(341,43,'http://cloudfil.es/ftp/vk/mollitia.gif',4275,'{\"owner\": \"Royce Fisher\"}',2,'2019-11-11 07:50:45','2021-07-16 19:57:47'),(342,32,'http://cloudfil.es/ftp/vk/libero.jpeg',3717,'{\"owner\": \"Kelsi Schuster\"}',1,'2021-01-22 07:56:36','2021-07-16 19:57:47'),(343,30,'http://cloudfil.es/ftp/vk/inventore.avi',4761,'{\"owner\": \"Helga Hartmann\"}',2,'2020-03-25 10:35:59','2021-07-16 19:57:47'),(344,53,'http://cloudfil.es/ftp/vk/laudantium.mp3',1655,'{\"owner\": \"Joanne Tremblay\"}',1,'2011-09-24 03:01:10','2021-07-16 19:57:47'),(345,77,'http://cloudfil.es/ftp/vk/iure.png',2994,'{\"owner\": \"Tressie Schulist\"}',3,'2018-09-09 06:28:33','2021-07-16 19:51:10'),(346,24,'http://cloudfil.es/ftp/vk/maiores.mp3',9005,'{\"owner\": \"Whitney Kulas\"}',2,'2016-11-14 06:48:48','2021-07-16 19:57:47'),(347,91,'http://cloudfil.es/ftp/vk/earum.png',5044,'{\"owner\": \"Jammie Mosciski\"}',2,'2014-06-09 05:48:02','2021-07-16 19:57:47'),(348,79,'http://cloudfil.es/ftp/vk/aperiam.mov',7203,'{\"owner\": \"Malvina Swaniawski\"}',3,'2014-08-04 05:35:31','2021-07-16 19:57:47'),(349,22,'http://cloudfil.es/ftp/vk/delectus.mov',9886,'{\"owner\": \"Linda Hirthe\"}',1,'2013-12-20 16:59:29','2021-07-16 19:51:10'),(350,72,'http://cloudfil.es/ftp/vk/est.mov',6819,'{\"owner\": \"Jamal Cronin\"}',2,'2013-10-26 21:02:40','2021-07-16 19:51:10'),(351,94,'http://cloudfil.es/ftp/vk/in.mov',3440,'{\"owner\": \"Carolyne Nader\"}',1,'2017-12-27 00:21:52','2021-07-16 19:57:47'),(352,53,'http://cloudfil.es/ftp/vk/eum.gif',5743,'{\"owner\": \"Joanne Tremblay\"}',1,'2012-01-15 20:50:12','2021-07-16 19:57:47'),(353,83,'http://cloudfil.es/ftp/vk/qui.avi',7395,'{\"owner\": \"Tevin Doyle\"}',2,'2020-09-10 18:18:14','2021-07-16 19:57:47'),(354,54,'http://cloudfil.es/ftp/vk/nihil.avi',8745,'{\"owner\": \"Emilie Gaylord\"}',2,'2015-01-24 23:46:49','2021-07-16 19:57:47'),(355,22,'http://cloudfil.es/ftp/vk/at.mov',10543,'{\"owner\": \"Linda Hirthe\"}',2,'2012-01-12 16:51:01','2021-07-16 19:57:47'),(356,45,'http://cloudfil.es/ftp/vk/dolor.gif',5481,'{\"owner\": \"Rosalinda Howe\"}',1,'2011-12-21 05:06:30','2021-07-16 19:57:47'),(357,61,'http://cloudfil.es/ftp/vk/nihil.jpeg',4775,'{\"owner\": \"Stacey Trantow\"}',2,'2018-09-15 05:19:03','2021-07-16 19:57:47'),(358,71,'http://cloudfil.es/ftp/vk/culpa.mov',6433,'{\"owner\": \"Aubree Kovacek\"}',2,'2021-02-11 06:14:46','2021-07-16 19:57:47'),(359,70,'http://cloudfil.es/ftp/vk/adipisci.mov',6840,'{\"owner\": \"Joy Pouros\"}',1,'2015-11-23 11:26:36','2021-07-16 19:57:47'),(360,34,'http://cloudfil.es/ftp/vk/nisi.mov',3902,'{\"owner\": \"Carolyne Medhurst\"}',3,'2018-10-28 07:23:19','2021-07-16 19:57:47'),(361,63,'http://cloudfil.es/ftp/vk/velit.mp3',7992,'{\"owner\": \"Moses Funk\"}',1,'2013-03-09 20:35:20','2021-07-16 19:51:10'),(362,12,'http://cloudfil.es/ftp/vk/recusandae.png',7252,'{\"owner\": \"Floy Gorczany\"}',1,'2012-11-25 14:17:35','2021-07-16 19:57:47'),(363,71,'http://cloudfil.es/ftp/vk/necessitatibus.avi',1286,'{\"owner\": \"Aubree Kovacek\"}',1,'2013-02-06 03:18:36','2021-07-16 19:57:47'),(364,17,'http://cloudfil.es/ftp/vk/qui.jpeg',3675,'{\"owner\": \"Jaclyn Kuhlman\"}',1,'2016-03-18 00:04:02','2021-07-16 19:57:47'),(365,71,'http://cloudfil.es/ftp/vk/temporibus.mp3',3518,'{\"owner\": \"Aubree Kovacek\"}',3,'2020-05-08 05:14:20','2021-07-16 19:57:47'),(366,3,'http://cloudfil.es/ftp/vk/illo.mov',5563,'{\"owner\": \"Hillary VonRueden\"}',3,'2013-03-03 20:42:21','2021-07-16 19:57:47'),(367,2,'http://cloudfil.es/ftp/vk/laudantium.avi',6263,'{\"owner\": \"Caroline Lindgren\"}',3,'2018-06-04 14:13:58','2021-07-16 19:57:47'),(368,1,'http://cloudfil.es/ftp/vk/consequatur.jpeg',3628,'{\"owner\": \"Dave Heaney\"}',3,'2018-08-28 03:08:29','2021-07-16 19:57:47'),(369,97,'http://cloudfil.es/ftp/vk/neque.png',8348,'{\"owner\": \"Rusty Haag\"}',2,'2012-07-27 14:56:31','2021-07-16 19:57:47'),(370,83,'http://cloudfil.es/ftp/vk/molestiae.gif',9860,'{\"owner\": \"Tevin Doyle\"}',2,'2012-09-27 23:11:14','2021-07-16 19:57:47'),(371,23,'http://cloudfil.es/ftp/vk/labore.jpeg',3253,'{\"owner\": \"Fausto Lind\"}',3,'2017-10-25 15:31:15','2021-07-16 19:57:47'),(372,67,'http://cloudfil.es/ftp/vk/natus.gif',5689,'{\"owner\": \"Sydney Reilly\"}',3,'2018-04-17 15:56:49','2021-07-16 19:57:47'),(373,64,'http://cloudfil.es/ftp/vk/ea.jpeg',7683,'{\"owner\": \"Jaime Rutherford\"}',3,'2020-10-28 14:33:01','2021-07-16 19:57:47'),(374,21,'http://cloudfil.es/ftp/vk/repellat.avi',10351,'{\"owner\": \"Sadie Bosco\"}',3,'2021-06-06 16:07:57','2021-07-16 19:57:47'),(375,10,'http://cloudfil.es/ftp/vk/labore.mp3',7707,'{\"owner\": \"Marcia Johnston\"}',1,'2016-04-20 20:20:01','2021-07-16 19:57:47'),(376,87,'http://cloudfil.es/ftp/vk/at.png',6480,'{\"owner\": \"Ocie Bradtke\"}',3,'2020-07-30 16:00:29','2021-07-16 19:57:47'),(377,3,'http://cloudfil.es/ftp/vk/animi.mov',8281,'{\"owner\": \"Hillary VonRueden\"}',1,'2016-03-27 08:33:23','2021-07-16 19:57:47'),(378,56,'http://cloudfil.es/ftp/vk/harum.avi',10965,'{\"owner\": \"Fabiola Schaefer\"}',3,'2019-12-14 23:14:41','2021-07-16 19:57:47'),(379,70,'http://cloudfil.es/ftp/vk/praesentium.gif',8983,'{\"owner\": \"Joy Pouros\"}',1,'2016-12-28 06:55:54','2021-07-16 19:51:10'),(380,82,'http://cloudfil.es/ftp/vk/deleniti.mov',1020,'{\"owner\": \"Rosario Dibbert\"}',1,'2020-03-03 06:40:44','2021-07-16 19:57:47'),(381,1,'http://cloudfil.es/ftp/vk/laborum.png',7153,'{\"owner\": \"Dave Heaney\"}',1,'2014-07-01 06:57:22','2021-07-16 19:57:47'),(382,56,'http://cloudfil.es/ftp/vk/nam.gif',1705,'{\"owner\": \"Fabiola Schaefer\"}',2,'2013-07-24 00:45:27','2021-07-16 19:57:47'),(383,76,'http://cloudfil.es/ftp/vk/quia.mov',6068,'{\"owner\": \"Birdie Hammes\"}',2,'2017-06-12 23:10:02','2021-07-16 19:57:47'),(384,12,'http://cloudfil.es/ftp/vk/quasi.jpeg',4223,'{\"owner\": \"Floy Gorczany\"}',2,'2015-04-28 08:19:03','2021-07-16 19:57:47'),(385,32,'http://cloudfil.es/ftp/vk/recusandae.avi',1914,'{\"owner\": \"Kelsi Schuster\"}',3,'2011-09-19 21:06:05','2021-07-16 19:57:47'),(386,24,'http://cloudfil.es/ftp/vk/vel.jpeg',5900,'{\"owner\": \"Whitney Kulas\"}',2,'2011-08-14 22:38:37','2021-07-16 19:51:10'),(387,22,'http://cloudfil.es/ftp/vk/id.gif',2757,'{\"owner\": \"Linda Hirthe\"}',2,'2020-09-17 05:16:18','2021-07-16 19:57:47'),(388,38,'http://cloudfil.es/ftp/vk/qui.mp3',5089,'{\"owner\": \"Kimberly Dach\"}',2,'2021-05-06 09:30:54','2021-07-16 19:57:47'),(389,25,'http://cloudfil.es/ftp/vk/iste.avi',6172,'{\"owner\": \"Shaylee Little\"}',2,'2015-09-09 15:00:19','2021-07-16 19:57:47'),(390,9,'http://cloudfil.es/ftp/vk/optio.mp3',4593,'{\"owner\": \"Francisca McCullough\"}',1,'2011-11-12 08:24:45','2021-07-16 19:57:47'),(391,69,'http://cloudfil.es/ftp/vk/aut.avi',3451,'{\"owner\": \"Theron VonRueden\"}',3,'2013-08-12 17:28:57','2021-07-16 19:57:47'),(392,19,'http://cloudfil.es/ftp/vk/et.mp3',2476,'{\"owner\": \"Gerard Gaylord\"}',3,'2012-04-27 03:02:59','2021-07-16 19:57:47'),(393,86,'http://cloudfil.es/ftp/vk/voluptas.avi',1029,'{\"owner\": \"Jovani Dicki\"}',3,'2018-04-24 19:58:17','2021-07-16 19:51:10'),(394,75,'http://cloudfil.es/ftp/vk/non.avi',6715,'{\"owner\": \"Emelia Wilkinson\"}',3,'2020-04-23 13:35:14','2021-07-16 19:57:47'),(395,16,'http://cloudfil.es/ftp/vk/voluptatum.gif',9489,'{\"owner\": \"Rosamond Ruecker\"}',1,'2013-03-08 07:25:00','2021-07-16 19:57:47'),(396,55,'http://cloudfil.es/ftp/vk/omnis.jpeg',6301,'{\"owner\": \"Jovanny Hand\"}',2,'2016-07-24 08:28:45','2021-07-16 19:57:47'),(397,25,'http://cloudfil.es/ftp/vk/aut.avi',2039,'{\"owner\": \"Shaylee Little\"}',2,'2016-11-29 20:57:51','2021-07-16 19:57:47'),(398,61,'http://cloudfil.es/ftp/vk/ut.png',10292,'{\"owner\": \"Stacey Trantow\"}',3,'2016-01-26 10:10:11','2021-07-16 19:57:47'),(399,27,'http://cloudfil.es/ftp/vk/cumque.gif',4345,'{\"owner\": \"Jett Weber\"}',2,'2021-01-29 18:30:31','2021-07-16 19:57:47'),(400,53,'http://cloudfil.es/ftp/vk/provident.avi',9847,'{\"owner\": \"Joanne Tremblay\"}',2,'2015-09-25 17:55:11','2021-07-16 19:57:47');
/*!40000 ALTER TABLE `media` ENABLE KEYS */;
UNLOCK TABLES;

--
-- Table structure for table `media_types`
--

DROP TABLE IF EXISTS `media_types`;
/*!40101 SET @saved_cs_client     = @@character_set_client */;
/*!50503 SET character_set_client = utf8mb4 */;
CREATE TABLE `media_types` (
  `id` int unsigned NOT NULL AUTO_INCREMENT COMMENT 'Идентификатор строки',
  `name` varchar(255) CHARACTER SET utf8mb4 COLLATE utf8mb4_unicode_ci NOT NULL COMMENT 'Название типа',
  `created_at` datetime DEFAULT CURRENT_TIMESTAMP COMMENT 'Время создания строки',
  `updated_at` datetime DEFAULT CURRENT_TIMESTAMP ON UPDATE CURRENT_TIMESTAMP COMMENT 'Время обновления строки',
  PRIMARY KEY (`id`),
  UNIQUE KEY `name` (`name`)
) ENGINE=InnoDB AUTO_INCREMENT=7 DEFAULT CHARSET=utf8mb4 COLLATE=utf8mb4_unicode_ci COMMENT='Типы медиафайлов';
/*!40101 SET character_set_client = @saved_cs_client */;

--
-- Dumping data for table `media_types`
--

LOCK TABLES `media_types` WRITE;
/*!40000 ALTER TABLE `media_types` DISABLE KEYS */;
INSERT INTO `media_types` VALUES (1,'images','2012-08-03 09:41:27','2021-07-16 19:55:26'),(2,'audio','2015-08-12 11:19:40','2021-07-16 19:55:59'),(3,'video','2018-02-13 10:19:25','2021-07-16 19:56:02');
/*!40000 ALTER TABLE `media_types` ENABLE KEYS */;
UNLOCK TABLES;

--
-- Table structure for table `messages`
--

DROP TABLE IF EXISTS `messages`;
/*!40101 SET @saved_cs_client     = @@character_set_client */;
/*!50503 SET character_set_client = utf8mb4 */;
CREATE TABLE `messages` (
  `id` int unsigned NOT NULL AUTO_INCREMENT COMMENT 'Идентификатор строки',
  `from_user_id` int unsigned NOT NULL COMMENT 'Ссылка на отправителя сообщения',
  `to_user_id` int unsigned NOT NULL COMMENT 'Ссылка на получателя сообщения',
  `body` text CHARACTER SET utf8mb4 COLLATE utf8mb4_unicode_ci NOT NULL COMMENT 'Текст сообщения',
  `is_important` tinyint(1) DEFAULT NULL COMMENT 'Признак важности',
  `is_delivered` tinyint(1) DEFAULT NULL COMMENT 'Признак доставки',
  `created_at` datetime DEFAULT CURRENT_TIMESTAMP COMMENT 'Время создания строки',
  PRIMARY KEY (`id`)
) ENGINE=InnoDB AUTO_INCREMENT=301 DEFAULT CHARSET=utf8mb4 COLLATE=utf8mb4_unicode_ci COMMENT='Сообщения';
/*!40101 SET character_set_client = @saved_cs_client */;

--
-- Dumping data for table `messages`
--

LOCK TABLES `messages` WRITE;
/*!40000 ALTER TABLE `messages` DISABLE KEYS */;
INSERT INTO `messages` VALUES (1,26,27,'Fugit laborum labore repudiandae assumenda non excepturi. Necessitatibus id optio sequi voluptatem. Maxime doloribus expedita neque distinctio velit nam minus.',0,0,'2019-09-24 11:45:36'),(2,55,95,'Asperiores et dolor sed nihil qui animi. Nihil et consequuntur qui impedit. Adipisci quos fugit qui architecto esse non totam. Enim voluptatibus ipsum fugit sit voluptatem maiores alias excepturi.',0,0,'2019-06-23 14:32:05'),(3,7,50,'Laborum sed iste rem recusandae aut quidem dolores. Tempore ut aspernatur est autem exercitationem dolorem consequatur. Et quo voluptatem qui soluta amet.',1,1,'2012-12-02 06:57:21'),(4,30,99,'Aut at alias veniam ex occaecati aspernatur. Omnis reiciendis ipsa ea nostrum omnis officiis id. Aut qui pariatur rerum ea maiores laudantium asperiores.',0,0,'2018-05-19 18:40:21'),(5,6,31,'Totam consequatur corporis porro accusantium. Vero dolores quaerat perspiciatis. Itaque voluptatibus eum omnis repellendus.',0,1,'2017-08-30 03:44:18'),(6,36,88,'Aut delectus vel vel non autem aliquam ipsum. Ut minima eligendi dolor vel velit aut. Neque molestiae sapiente sequi quis et ut vel.',1,0,'2015-12-30 12:50:32'),(7,33,98,'Labore accusamus deserunt corrupti cum magnam ratione illo. Occaecati error incidunt beatae possimus dolore sit debitis. Minus officia repudiandae laudantium explicabo asperiores reprehenderit. Nihil ut rerum officia dignissimos est doloribus.',1,0,'2013-05-12 00:35:42'),(8,93,69,'Dolores assumenda aspernatur a animi autem vel. Illum quae eum ea quo vel. Officia harum est omnis nesciunt et.',0,1,'2019-09-24 05:29:21'),(9,65,19,'Est provident ipsa labore vitae velit iste eos. Qui placeat ipsa voluptatibus rerum dolor. Eius consequatur est temporibus autem.',0,1,'2021-05-05 20:21:56'),(10,97,28,'Aut molestiae laboriosam temporibus quis dolor. Et aut qui at officiis. Et ut laborum modi occaecati maxime. Et alias qui voluptatum voluptatem fugit voluptates.',1,0,'2020-12-02 12:05:04'),(11,50,67,'Neque consequatur molestias quis rerum ratione voluptatem sint. Id et et nemo rerum distinctio reiciendis iure. Quae quisquam deleniti quia.',1,1,'2015-01-18 03:47:58'),(12,82,7,'Est maxime et consequatur et tempore id facilis. Assumenda dolores rerum iure ad neque quo. Ipsam illo et est. Commodi quas et provident aliquam.',1,1,'2019-07-13 06:39:05'),(13,92,37,'Ullam adipisci sed iste enim libero. Modi placeat ex possimus et eligendi voluptas qui aut. Qui beatae aut temporibus. Et reiciendis iste non corrupti. Est libero voluptas qui sunt iure aut.',1,0,'2012-05-24 05:34:19'),(14,10,37,'Saepe doloremque quis tempora necessitatibus deleniti veniam. Facilis iusto est est. Earum sit sint molestiae ut excepturi. Voluptatem cupiditate et laudantium doloremque temporibus excepturi quas. Ducimus ducimus incidunt velit cum.',1,0,'2012-01-15 00:43:07'),(15,53,56,'Minima at corrupti facilis repudiandae aut laborum officiis. Repellendus dolorem quidem neque. Est exercitationem velit asperiores blanditiis fuga. Ex adipisci et voluptatibus possimus est. Explicabo ducimus ratione amet maiores corporis.',1,1,'2018-06-18 18:51:03'),(16,20,33,'Animi suscipit dolorem qui et dicta similique. Quos corporis delectus fuga.',0,1,'2013-03-31 17:22:42'),(17,4,20,'Asperiores perferendis aspernatur sunt suscipit sed consectetur quia. Omnis facilis repudiandae doloribus magnam perferendis et qui possimus. Assumenda fuga id molestiae debitis fuga debitis quos consequuntur. Neque labore minus porro dolorum voluptatibus. Porro et dolor hic ut facere.',1,1,'2020-11-25 10:50:27'),(18,87,74,'Magnam minima dolorem voluptates ab. In necessitatibus qui pariatur laudantium. Enim enim est repellat qui. Recusandae consequatur pariatur totam necessitatibus modi.',0,1,'2019-06-03 07:57:43'),(19,11,32,'Perferendis laudantium distinctio tenetur aperiam perferendis deserunt facere. Quo sit quis aut. Enim odit rerum nisi nemo reprehenderit. Rem ullam rerum voluptatem eaque consequuntur.',0,0,'2020-04-21 13:55:48'),(20,26,32,'Mollitia neque autem nam voluptas nesciunt aut ullam. Commodi veritatis ea nulla.',1,1,'2014-12-02 13:33:27'),(21,81,8,'Similique est dolor odit veniam et est. Quisquam qui consequuntur corrupti dolorem qui quae animi quibusdam.',0,0,'2020-10-08 03:00:55'),(22,98,66,'Natus nulla quidem quis possimus. Et eius aut aut corrupti sunt. Quisquam blanditiis id excepturi. Quae ipsum officia aperiam unde.',0,0,'2011-08-08 01:06:06'),(23,35,75,'Aliquam nostrum ut tempora ad est sit maiores. Est voluptatem in et laudantium eaque iste minus.',0,1,'2013-09-07 22:48:38'),(24,73,36,'Aut voluptatem quae magni ad velit impedit autem. Necessitatibus fugiat qui consequatur sapiente eaque est. Qui et illo et qui maiores est voluptate.',0,0,'2017-10-16 23:54:16'),(25,62,1,'Molestias nihil laboriosam error autem earum sed. Labore magni quidem sapiente dolorum nam quo. Dolorem sunt non aut earum hic sed. Non consectetur illum consequuntur necessitatibus doloremque ut eligendi.',0,0,'2021-03-25 17:01:44'),(26,18,88,'Autem accusantium quam et quae. Nobis ipsum odio aspernatur totam voluptatem. Eius harum ut quam quibusdam voluptatem. Rerum et expedita quos est.',0,1,'2013-09-13 23:17:09'),(27,86,65,'Itaque qui voluptatem blanditiis id. Est voluptatem recusandae voluptatem et. Consequatur dolor unde quo autem sint enim quasi. Non voluptatem officiis nihil sequi numquam.',1,1,'2017-06-20 03:18:46'),(28,65,29,'Quos praesentium nisi ipsum excepturi est fugit laudantium. Enim soluta voluptatem error itaque voluptatem iure sapiente. Cum officiis quia voluptatem repellat. Fugit reiciendis sit vitae sed earum.',1,1,'2012-04-22 14:21:38'),(29,49,59,'Inventore ad reprehenderit fugit modi accusantium ea libero. Omnis quasi consectetur quaerat alias expedita cumque tenetur. Et placeat exercitationem ut odio. Cumque sequi maiores sunt nesciunt fugiat nam.',0,0,'2013-06-02 07:04:26'),(30,47,59,'Facere eum iste dolor et. Repudiandae distinctio aliquam in voluptas deleniti maxime. Praesentium velit eligendi optio qui.',1,0,'2019-12-02 22:40:59'),(31,54,91,'Illum placeat aut quod beatae. Consequuntur aperiam expedita cumque enim. Quae quod occaecati atque velit.',0,0,'2013-04-18 00:36:00'),(32,93,90,'Ipsam qui dolores qui nemo aspernatur odio est. Inventore ut quo corrupti eius deserunt nihil voluptas. Consequatur id quisquam illum voluptates. Alias odio qui voluptas laborum rerum voluptate.',0,0,'2012-08-25 08:59:48'),(33,71,84,'Ratione itaque quo mollitia vitae perspiciatis dolorem distinctio aut. Et ad voluptate dolores dolorem eum culpa veniam. Consectetur nulla omnis laboriosam sunt dolores aliquid.',0,1,'2017-07-27 23:09:21'),(34,6,77,'Voluptatem saepe dolor eius doloremque laborum quisquam. Consequatur consequatur aut ullam autem iste officia. Fugit quod omnis quo.',0,0,'2015-12-20 17:37:14'),(35,67,5,'Qui et est tempore nesciunt amet. Temporibus quibusdam harum ducimus. Rerum dolore sint consectetur assumenda sunt sapiente et. Sit ea tempora qui corporis cum voluptas animi.',0,0,'2013-10-03 02:15:00'),(36,22,94,'Distinctio labore unde velit corporis. Consectetur necessitatibus dolores perferendis. Cum alias quod voluptatem et sunt voluptas. Reprehenderit qui excepturi sit quibusdam.',0,1,'2021-07-02 14:36:07'),(37,2,31,'Ut corrupti qui est. Et sint voluptatibus molestias beatae aut atque error quaerat. Vitae commodi qui ut et.',1,1,'2019-03-29 03:36:18'),(38,45,33,'Tempore rerum aut commodi earum possimus a ad ut. Ex reiciendis porro voluptatibus eum ipsam est ad. Illo ducimus quod tempore fuga temporibus.',1,0,'2020-06-01 05:13:44'),(39,31,55,'Quis et dolore cumque qui dolorem maiores voluptas et. Explicabo deserunt earum repudiandae numquam quia unde. Qui necessitatibus et sed similique. Aut reprehenderit corrupti inventore quibusdam.',1,1,'2012-10-14 19:47:26'),(40,82,42,'Voluptas pariatur rerum et atque vel et natus. Vitae assumenda exercitationem distinctio laborum voluptatum sapiente unde. Porro dolorum odit ducimus laudantium modi.',1,1,'2013-03-06 15:57:34'),(41,66,1,'Quaerat accusantium adipisci consequatur eligendi accusantium quae. Quo at quidem unde sunt. Beatae et laborum aut aperiam aut et.',1,0,'2019-05-17 14:08:59'),(42,9,41,'Quis impedit iste sit animi. Vero laudantium necessitatibus qui deserunt illum cumque velit consequatur. Et et illo et ad.',1,0,'2017-12-15 03:46:26'),(43,76,58,'Aut et quasi sunt suscipit. Deserunt mollitia et neque et. Commodi saepe voluptatum debitis libero et. Cum impedit iure eum possimus possimus.',1,0,'2017-03-21 18:32:40'),(44,60,26,'Quia explicabo neque non sunt illo id iste. Quo exercitationem laboriosam hic quidem tempore repudiandae. Modi repudiandae tempora qui sunt autem rerum.',1,1,'2012-03-06 23:24:01'),(45,48,61,'Odio doloribus eum sed quis sint assumenda occaecati beatae. Vel recusandae id blanditiis commodi. Voluptatem voluptas enim eligendi facere quisquam. Accusantium officiis dignissimos quia pariatur omnis laborum ut. Dolores sed error magnam doloremque dicta exercitationem.',0,1,'2014-04-23 21:46:20'),(46,64,34,'Natus et voluptas adipisci harum non. Itaque aperiam maxime ullam excepturi quas voluptatem incidunt. Quod voluptatem quidem officiis et sapiente.',1,1,'2020-03-31 00:42:13'),(47,77,82,'Enim temporibus id minima totam. Quo accusamus in voluptas neque quo quis asperiores. Est possimus aut tempore doloremque enim voluptates.',0,1,'2018-01-04 07:10:56'),(48,77,42,'Dolores nostrum laudantium commodi. Omnis explicabo aut maiores est ipsam at quae. Consequatur et laboriosam laudantium rerum.',0,1,'2020-05-29 08:20:24'),(49,76,55,'Qui itaque consequatur voluptatem unde est omnis voluptates. Ullam vel quidem quisquam porro id. Qui quidem et omnis sed nam dolores qui.',0,1,'2014-02-04 01:10:23'),(50,46,63,'Tempore voluptas cum dolorum non et sit omnis. Aliquid temporibus saepe ut nihil qui sequi. Ut consequatur fugiat non fugiat excepturi quia.',0,1,'2021-05-24 06:59:00'),(51,78,1,'Quis in laudantium consequuntur aut est optio. Ducimus voluptatem occaecati ut ut.',0,0,'2012-11-23 04:42:37'),(52,70,46,'Earum aut nihil voluptates et nisi. Qui quia et quibusdam alias. Neque dolor eius natus et. Est consequatur aut eum vel.',0,1,'2018-01-01 20:39:24'),(53,21,68,'Deleniti aut nulla est voluptate numquam asperiores. Voluptatem sequi voluptas provident. Aliquam ipsum voluptatum itaque sit. Et provident porro neque adipisci nostrum.',0,1,'2011-12-26 04:11:04'),(54,73,64,'Rem est accusamus aliquam non officiis beatae. Perspiciatis velit voluptatem illo minus qui et. Ex et sed facere in dolore eum et.',1,0,'2014-05-04 14:54:53'),(55,97,94,'Molestias ex iure explicabo vel ea. Cupiditate sed quos incidunt vel eos. Alias ullam amet sed provident deserunt deserunt illo.',0,0,'2017-07-27 02:46:58'),(56,78,8,'Consequatur necessitatibus laudantium dolorem aut. Culpa sunt rem a voluptatem vel molestiae. Placeat quibusdam facere quibusdam quo vel ad quis. Nesciunt beatae animi maiores odit.',0,0,'2018-05-31 19:10:58'),(57,7,9,'Dignissimos quis nesciunt quia error modi ea. Libero alias id temporibus dolores qui. Ut commodi est molestiae et qui asperiores omnis. Ratione quis eos voluptatem laudantium beatae suscipit.',1,1,'2014-12-28 18:09:52'),(58,22,83,'Aliquid adipisci ipsam doloribus quod cupiditate quam. Facilis quia minima a. Rerum voluptates voluptas omnis amet dicta error. Ex ratione in voluptas sit nostrum est velit nemo. Unde nulla nulla necessitatibus.',1,0,'2018-04-28 12:20:28'),(59,49,95,'Voluptatem repellendus non alias consequatur. Nemo quo nobis nulla ea et accusamus nisi. Aliquam molestiae placeat rerum est maiores.',1,0,'2013-01-24 00:21:37'),(60,30,62,'Error ratione suscipit vel ut. Et cum labore reiciendis nisi maxime dolor. Veniam temporibus eveniet doloremque quia qui quia.',1,1,'2019-03-17 12:40:14'),(61,21,18,'Et qui alias consequatur aut cupiditate dolor. Consequatur ut eligendi cum officia odio.',0,1,'2021-06-08 09:00:44'),(62,28,83,'Sunt voluptatibus quia hic unde. Et est voluptate quas et. Esse error blanditiis porro vel occaecati non dolorem harum.',1,1,'2012-08-17 00:11:45'),(63,32,11,'Sint quisquam quo omnis facilis qui nesciunt. Perspiciatis deserunt facilis modi non molestiae consectetur beatae esse. Dignissimos aut a ab accusamus magnam.',0,1,'2019-07-26 22:16:07'),(64,56,49,'Facere laboriosam placeat nihil distinctio distinctio sequi. Quos laborum voluptatem accusantium rerum vero fuga iure. Et occaecati cum quae blanditiis unde. Dolores ipsa rerum saepe eos asperiores corporis voluptatem. Beatae ea dicta mollitia est vitae.',1,0,'2020-08-15 12:45:57'),(65,74,24,'Quam distinctio odio odit aliquam dolores vitae. Omnis occaecati quia qui modi accusantium. Dolor et architecto ea necessitatibus deserunt. Maiores et quia ullam est.',1,0,'2011-09-01 14:20:37'),(66,98,19,'Quia labore nemo doloribus. Odio ipsum in ab et sed. Eligendi molestiae cupiditate fugiat corporis necessitatibus molestiae neque. Et quisquam beatae nobis occaecati excepturi veritatis accusamus.',1,1,'2017-09-29 05:06:15'),(67,98,32,'Magnam id asperiores sed qui. Molestiae nesciunt et sit cum molestias qui. Quia et officiis ut quis dolores aspernatur. Dolorem maxime fugiat tempore libero non.',0,0,'2012-09-16 02:35:51'),(68,66,35,'Sequi nemo aut molestiae explicabo quasi. Porro molestiae aut unde et. Tempora voluptas et vel odio. Neque consequatur exercitationem neque.',0,0,'2014-07-09 17:44:17'),(69,75,69,'Quo ducimus ut nesciunt non. Suscipit ut et corporis illo voluptatum qui non. Et ipsum veniam velit ea sed ut quas. Temporibus non quasi aut quo aperiam reprehenderit.',0,1,'2018-03-04 18:36:47'),(70,21,96,'Reiciendis dolorum cum qui et molestias qui sunt. Delectus consequatur aut sit ullam. Neque consectetur dolorem deserunt eum.',0,0,'2016-06-03 08:32:31'),(71,19,3,'Deleniti et modi labore rerum. Sed qui et quibusdam reiciendis iusto sed. Quia qui fuga rem fugit fugiat. Cupiditate repellat vitae accusantium animi dignissimos fuga.',1,1,'2016-07-02 00:04:13'),(72,61,93,'Esse quidem dolorem eaque eligendi laborum ut. Modi illum quaerat sint quae. Molestias aut corporis sit alias tempore suscipit. Quam qui libero et iste voluptas assumenda.',0,1,'2016-02-24 09:53:09'),(73,84,40,'Repellat qui ut nulla eligendi. Dolor eaque corrupti magnam quo repellat. Earum esse labore temporibus consequatur.',1,1,'2012-08-20 15:38:28'),(74,49,22,'Magnam temporibus reprehenderit velit error. Dolorem sit cumque esse. Beatae incidunt dignissimos velit animi doloribus eos est.',1,1,'2018-09-11 04:52:57'),(75,61,41,'Consectetur molestias vel eos tempore inventore quo nemo. Ullam assumenda dignissimos in dolores dolorem repellat hic nam. Odio et mollitia facere beatae deleniti in ipsa. Fugiat deserunt occaecati maxime corrupti nihil.',1,1,'2012-11-28 18:03:28'),(76,20,78,'Labore sed ut commodi at blanditiis et. Ut quaerat qui in exercitationem reprehenderit ipsa ut. Voluptate qui doloribus iusto quia. Dolor nemo consequatur totam dolores ea.',1,1,'2013-04-01 07:29:56'),(77,27,4,'Eum dolorem ut unde sit sapiente dignissimos molestiae. Totam dignissimos placeat ut nihil alias accusamus dolores. Est ut optio voluptatem consequatur qui. Quam sit ex accusamus deserunt cupiditate ut cupiditate.',0,0,'2021-06-04 23:59:17'),(78,35,64,'Ipsa aut ducimus sunt possimus. Et et consequatur labore magni porro aliquid voluptatem aut. Voluptas in vel et tempora totam mollitia.',1,0,'2011-10-22 04:18:35'),(79,15,84,'Ea error omnis pariatur. Officia et est et voluptas et asperiores eum. Omnis mollitia corporis hic exercitationem totam.',0,0,'2015-07-03 14:00:06'),(80,72,8,'Excepturi fugiat pariatur hic. Nostrum veritatis possimus quia et inventore. Tempora qui magnam maiores et odio quos.',0,0,'2016-06-21 17:59:31'),(81,24,97,'Itaque illum possimus sit sint qui. Blanditiis expedita omnis quae quibusdam. Tenetur minus molestiae enim rem aut quo sit. Sed nihil ea at accusantium commodi dolorum.',0,0,'2013-08-04 04:50:32'),(82,10,61,'Quo odit unde debitis voluptatem corrupti. Consequatur exercitationem et voluptatem et cumque. Ipsum nostrum culpa cumque consequuntur recusandae voluptatem. Est non et odio doloremque molestiae autem suscipit.',1,1,'2019-11-17 23:03:23'),(83,73,80,'Perspiciatis assumenda sit necessitatibus iste. Reprehenderit et ipsa nemo et numquam. Eos harum totam autem earum excepturi tempore nemo nisi. Quo voluptatem laboriosam nostrum veniam.',1,0,'2020-11-22 10:34:25'),(84,81,65,'Enim beatae enim magnam architecto eligendi vel cum soluta. Distinctio rerum eum enim repudiandae nisi labore velit consequatur. Aut minima accusantium aliquam dolores repudiandae.',0,1,'2016-01-18 04:37:40'),(85,84,21,'Nesciunt aut quia in velit. Autem voluptas laboriosam est et iste. Deserunt aut corporis et labore minus. Voluptatem sed rerum minima et commodi excepturi sint. Dolorem molestias corrupti voluptatem doloremque deleniti laboriosam.',1,1,'2015-06-08 21:49:39'),(86,53,4,'Eveniet possimus quae minus. In voluptatem sed et ut. Repellat rerum ipsam soluta quis. Repellat aut eligendi ex sed qui sit.',0,0,'2016-12-06 04:35:38'),(87,59,83,'Et mollitia aliquid repellendus deserunt atque. Dicta magni tempore non quia.',1,1,'2013-10-23 11:06:18'),(88,37,34,'Natus beatae vitae et ducimus optio qui qui. Placeat eos dicta quia id. Cum sit delectus eligendi saepe quasi quia.',0,0,'2011-08-03 17:57:06'),(89,58,87,'Repellendus voluptas sit quasi at nisi consequatur deserunt. Et vitae praesentium ut quibusdam. Officiis soluta non quis rem laboriosam cupiditate a.',0,1,'2017-10-13 13:20:49'),(90,60,40,'Voluptatem nesciunt beatae est laudantium esse. Sed et id nesciunt iste et id aut. Nihil odit qui aut voluptates officia. Ullam aliquam ut alias unde quia rerum est modi.',1,1,'2015-11-06 18:06:49'),(91,20,80,'Veniam voluptatum dolore magnam voluptas voluptas. Earum voluptas sit aut minima dolorem magni. Omnis ut ad ducimus. Voluptas quod aut enim esse nam accusamus odit. Dicta temporibus sint odio sit blanditiis iure.',0,1,'2019-03-07 17:24:24'),(92,37,46,'Laborum illo adipisci natus distinctio laudantium nostrum adipisci. Explicabo quo aspernatur sunt aliquid accusantium doloremque. Qui exercitationem maiores quae enim repellat.',0,0,'2013-09-21 14:41:58'),(93,18,54,'Ut quas ut tenetur facilis aspernatur sed. Est eos molestiae est vero expedita deleniti ex dolorem. Ipsa cupiditate molestiae voluptatem quasi distinctio. Illo mollitia magnam aut aperiam facere. Exercitationem et architecto quos distinctio.',1,1,'2017-09-20 17:49:29'),(94,12,98,'Ea commodi pariatur sint odit. Assumenda facilis et delectus blanditiis. Magni vitae rerum eos et eligendi.',1,0,'2013-01-12 12:07:08'),(95,54,77,'Et omnis dolore qui qui voluptatem minima. Error ad odio et quia adipisci iure officiis quis. Voluptatem qui vel fuga aut. Voluptas sapiente illum aperiam hic voluptatem et.',0,1,'2017-07-01 04:19:55'),(96,23,83,'Est accusamus qui optio dolores dolorum aut. Consequatur ut consequatur et rerum quaerat. Alias soluta sint sequi et harum.',1,1,'2020-08-18 07:37:41'),(97,47,82,'Neque voluptate sint minus est iste asperiores. Et earum aut et aut. Vitae inventore nemo deserunt tenetur quasi ea ullam. Quisquam at et tempora ut qui molestiae quia ipsa.',0,1,'2014-05-08 14:44:14'),(98,71,10,'Vitae dolorem id modi. Doloremque cupiditate sed magnam facilis. Ipsum dolorem est saepe quae. Cumque laboriosam quam dolores sint aut.',1,1,'2017-11-29 19:09:01'),(99,35,44,'Ratione quae ullam iure enim eveniet quis qui. Molestias sed beatae nihil qui ducimus consectetur. Necessitatibus tenetur facilis quis quod et. Soluta et quaerat aut adipisci. Qui saepe magni quibusdam sint rerum ut.',0,1,'2016-02-24 15:07:45'),(100,13,33,'Eos aut ut nesciunt quam. Sit distinctio magnam repudiandae est. Dolore cum veritatis doloribus dolores. Aperiam consequuntur quia vero sapiente qui occaecati.',1,1,'2019-10-11 11:07:52'),(101,25,28,'Dolorem ipsum praesentium accusamus aut maiores. Cumque in voluptas impedit. Sunt modi asperiores tenetur deleniti dolor occaecati velit.',0,1,'2011-11-03 20:32:17'),(102,61,23,'Et dolore sed officiis voluptatibus distinctio accusantium ratione. Libero et et ullam ut omnis. Reprehenderit quo perspiciatis et.',1,0,'2017-11-23 03:14:15'),(103,31,84,'Consectetur a enim vero ad consequatur rerum iusto in. Culpa recusandae consequatur esse. Ut dignissimos porro officiis possimus consequatur.',1,1,'2018-01-13 16:14:03'),(104,27,83,'Voluptatum modi in mollitia quae itaque. Pariatur non in vel dolorem. Aut totam ut et deleniti.',0,0,'2015-11-24 08:46:45'),(105,35,26,'Voluptatem aut repellat ducimus doloribus dicta recusandae eaque vitae. Eius est molestiae asperiores qui assumenda non sunt. Dignissimos rerum incidunt consequatur.',0,1,'2016-12-21 06:59:28'),(106,23,35,'Cumque nam adipisci ut voluptatibus at reprehenderit quibusdam veniam. Praesentium rerum qui ipsam velit laborum et. Architecto qui pariatur expedita nihil sed ea corrupti.',0,1,'2012-05-19 13:27:41'),(107,9,37,'Id voluptate alias et praesentium eos. Aliquid perspiciatis id dolor quo. Temporibus aut voluptatem non accusamus aliquid nobis. Similique in rem mollitia dignissimos. Magnam asperiores libero tempore velit pariatur quia iure consequatur.',0,0,'2016-11-16 07:12:39'),(108,56,72,'Nesciunt ut ipsa quis repellendus sed ut enim. Maiores natus alias exercitationem officia laborum quod.',1,1,'2013-10-11 18:31:33'),(109,89,31,'Quis velit tempore ullam aut qui nihil in temporibus. Esse molestias quo commodi voluptatibus. Et cupiditate suscipit rerum error architecto. Soluta eius nam consequuntur quia assumenda.',0,1,'2020-11-04 07:47:14'),(110,87,40,'Aut soluta ipsa id omnis repellat omnis. Vitae sit ut aut eos beatae. Provident nisi error amet numquam dolores incidunt occaecati. Porro maiores quia sit et.',1,0,'2015-10-21 02:43:44'),(111,40,79,'Adipisci debitis eos iste reiciendis voluptas tempora maxime. Aliquid libero id sunt doloremque officia rem sint. Possimus error ut ipsam sit.',0,0,'2012-09-18 05:31:50'),(112,75,36,'Qui perspiciatis consequatur dolores ullam asperiores velit possimus est. Ut molestiae qui consequatur ab aliquid perspiciatis soluta iusto. Maiores voluptates reprehenderit dicta tempora rerum ullam et minima. Voluptas corrupti dolor quidem aut sed ab eos repudiandae.',1,1,'2020-01-25 07:14:20'),(113,55,66,'Commodi tempora praesentium non. Rem voluptatem corporis omnis cumque. Cumque aspernatur fugiat repellendus quod. Et quasi rerum placeat perspiciatis aut quidem. Et eius odio et ipsum quis quia.',0,0,'2016-06-30 09:40:07'),(114,65,26,'Nisi consequatur sint mollitia et nam. Dolorum possimus omnis nemo officia rerum quae. Rem dignissimos aut qui quaerat consectetur ad porro omnis. Non maxime sit sit voluptatem. Commodi cupiditate vitae facilis quae et dicta itaque qui.',0,1,'2019-04-06 16:19:01'),(115,34,93,'Dolor error quis consequatur dignissimos doloribus sed tenetur. Qui accusamus asperiores a aperiam enim. Quod delectus possimus quis veritatis totam optio.',1,0,'2021-05-10 21:44:23'),(116,60,21,'Unde tempora ut facilis. Molestias earum quaerat nulla consequuntur et molestiae ipsam. Et molestiae voluptas cupiditate. At sunt enim accusamus.',0,0,'2020-03-22 13:58:41'),(117,27,69,'Pariatur vel in odit iste ut dolorem nesciunt. Quia aut est qui quam nostrum quis debitis. Ea ad necessitatibus natus ullam sit consectetur.',1,0,'2017-11-01 16:52:49'),(118,63,8,'Cum ab omnis quidem iusto rerum. A et sit ex architecto officia autem. Officia ipsam officia laudantium saepe est nam.',1,1,'2016-02-18 17:18:40'),(119,50,26,'Et eveniet facere voluptas blanditiis fuga. Voluptatibus minima vitae rerum et.',1,1,'2012-05-10 18:44:45'),(120,78,12,'Rerum exercitationem aut officiis. Quas consequatur laudantium dolorum et qui quam deserunt. Rerum accusamus dolores minus inventore fugit. Unde ut et mollitia omnis soluta nisi deleniti.',0,1,'2015-03-21 10:53:55'),(121,27,96,'Maxime aut temporibus et ipsam distinctio. Quia repellendus enim dolore rerum libero nemo accusantium quia. Aut quo facilis quia id.',0,0,'2017-02-26 14:19:50'),(122,98,4,'Beatae facilis voluptates aut aliquid cupiditate et. Cupiditate est ipsa iure quo dolorem. Numquam aut delectus fugit ut explicabo molestiae veritatis est. Et eius est quis quasi dolor a. Voluptatem alias ullam voluptatem est.',0,0,'2015-01-12 03:48:15'),(123,25,12,'In non iusto aut est qui reiciendis laborum. Et dolorum velit necessitatibus voluptatem modi neque aperiam. Modi odit aspernatur et quia ullam rem impedit. Perferendis molestias voluptatem quia nulla reiciendis modi reiciendis. Praesentium beatae et qui.',1,0,'2016-11-28 16:48:31'),(124,85,89,'Quia consequatur et aspernatur quasi et culpa cumque. Quibusdam labore ut repellendus eos voluptas et.',1,0,'2013-09-30 18:45:19'),(125,89,76,'Eius dolores eaque cupiditate sit et. Quas hic dolor aperiam nemo corrupti. Eos asperiores eum fugiat sit et aspernatur molestiae. Adipisci omnis ab nihil libero.',0,0,'2015-11-01 19:42:47'),(126,13,37,'Modi dolor id dolorem rerum laborum quidem magni. Mollitia sequi maiores neque reprehenderit. Ratione alias mollitia voluptas.',0,0,'2014-06-24 20:24:26'),(127,44,11,'Aliquid eius aut neque. Molestiae excepturi enim rerum perspiciatis. Assumenda eos commodi accusamus optio eos. Amet est distinctio nihil fugiat.',0,0,'2016-04-04 23:20:42'),(128,23,79,'Vel alias omnis eos velit eum qui et. Minima adipisci qui voluptates ut. Dolorum et beatae labore est quia amet explicabo.',1,0,'2017-06-07 12:07:15'),(129,25,87,'Quo mollitia consequatur perferendis porro. Quas deleniti eius ut sit tempora quis. Enim inventore eos qui. Odit est distinctio sit autem praesentium magnam dolorem.',0,1,'2016-03-26 23:03:14'),(130,62,49,'Itaque dolores et voluptas assumenda. Voluptates dolorum rerum nam. Aperiam voluptas minima perferendis debitis dolorem.',1,0,'2011-07-24 05:29:20'),(131,58,40,'Sed necessitatibus consequuntur et minima provident voluptate sed. Fugit magni ea aut. Debitis eos dolorem autem assumenda. Hic dolores fuga facilis tenetur.',1,1,'2016-05-24 08:42:29'),(132,28,18,'Et consectetur voluptatem et corporis voluptatem. Voluptas asperiores autem necessitatibus quo culpa. Ducimus recusandae consequuntur aut ipsa explicabo architecto omnis.',1,0,'2013-09-11 21:54:23'),(133,7,81,'Velit et ut facere deleniti. Aperiam sint quos iure nisi quae. Et maiores aut odio laboriosam aliquam natus sit.',1,1,'2020-06-08 14:17:11'),(134,83,72,'Exercitationem quasi voluptas odit dolores molestiae adipisci. Unde omnis rerum commodi libero qui sint deserunt. Nam placeat culpa tempora in.',1,0,'2017-02-19 14:45:04'),(135,11,37,'Voluptatem nihil necessitatibus earum nihil. Praesentium modi et et qui. Sunt omnis rem quibusdam blanditiis optio voluptatem ut.',0,1,'2018-06-01 11:54:06'),(136,53,53,'Rerum voluptas nisi voluptatem odio ipsa et dicta dolorem. Delectus voluptatem soluta et tempore. Quia vel est excepturi nam omnis est fuga eos.',1,1,'2019-09-02 19:28:27'),(137,3,59,'Eligendi quidem ducimus eaque et voluptas aut consequatur. Saepe et quos libero aut at. Fugiat tempore sapiente aliquam accusamus sit quos. Eligendi eos iusto labore ratione reiciendis porro.',0,1,'2017-10-19 23:12:11'),(138,83,39,'Similique quas sit ipsa velit quasi beatae. Inventore officia voluptatem nobis voluptatem qui aut enim. Amet ducimus repellat est similique ex.',0,1,'2011-08-25 07:07:58'),(139,44,4,'Dolorum culpa cum corporis voluptatem aut provident ratione. Mollitia reprehenderit dolorem ut inventore est molestiae sed. Et ad expedita veniam accusantium. Ut quasi quia autem sed.',0,0,'2021-04-30 10:43:37'),(140,86,16,'Saepe excepturi ipsam doloremque nihil ducimus. Labore et esse rerum dolorum maiores aut quas.',0,1,'2014-03-07 03:16:46'),(141,24,72,'Qui qui veritatis ab amet. Totam sequi fugit et magni dignissimos non et. Facere enim vel repellat nemo aliquam nulla veniam. Quia voluptatem eos sit tenetur sunt quibusdam.',1,0,'2020-05-29 09:16:58'),(142,87,20,'Officiis quis et omnis voluptas cupiditate vero id. Et esse at id voluptatibus unde unde. Illum qui voluptatum debitis corporis assumenda eligendi illum.',0,0,'2014-05-13 01:20:17'),(143,37,25,'Aliquid blanditiis sed voluptas consequatur expedita et eligendi. Quo neque fugit ducimus error qui enim. Qui blanditiis ut numquam omnis.',0,0,'2011-12-28 16:37:24'),(144,14,93,'Odio dolorem praesentium dolorem nostrum optio eligendi. Alias hic ex placeat quidem ut. Reiciendis et rem et odio numquam quod ipsa autem. Quia ut repellendus assumenda.',1,0,'2017-01-04 14:32:17'),(145,24,40,'Cupiditate perferendis corporis est aut autem amet enim. Exercitationem ut inventore impedit accusantium ipsum perspiciatis ratione. Iusto sequi autem blanditiis aut.',0,1,'2018-06-05 01:49:25'),(146,27,14,'Provident distinctio possimus quaerat exercitationem mollitia omnis quia. Modi quo rerum eos. Dolorum et veritatis et minus in quas et quia.',0,1,'2014-07-14 01:08:53'),(147,87,94,'Repudiandae architecto quaerat officiis fugit. Quasi dolore voluptas esse unde expedita nihil assumenda. Illum consequatur illo eligendi quaerat consequuntur ipsa. Dolorem nisi consequuntur minima sequi deserunt tenetur ut officia.',0,0,'2015-04-08 10:37:11'),(148,8,57,'Deleniti recusandae quisquam recusandae deleniti excepturi et perspiciatis. Placeat et amet rem. Sunt rerum aspernatur ad saepe a. Totam nihil quia voluptate id.',0,1,'2018-07-10 07:00:11'),(149,63,43,'Velit cum quasi et expedita. Voluptas corporis officia sed quo esse facilis distinctio reiciendis. Natus possimus dolorem dolor non quibusdam magni veniam quam.',0,1,'2013-06-06 03:50:54'),(150,23,86,'Possimus voluptates et sed ipsum temporibus quaerat blanditiis. Debitis eveniet quos nostrum iusto eligendi ut quia. Distinctio cupiditate possimus maxime dicta. Vel incidunt saepe expedita.',1,0,'2020-06-05 05:22:13'),(151,61,46,'Molestias facilis illum eos minima temporibus nihil non. Qui consequuntur velit eum ea nesciunt. Dolor non voluptatem nesciunt dicta impedit et quam.',1,0,'2015-04-26 08:40:41'),(152,45,88,'Adipisci maxime placeat accusamus ut rerum eos impedit. Est dolores et commodi quia totam est. Excepturi nemo in facere eum et. Ipsum pariatur quas aliquid.',1,0,'2013-03-14 18:39:54'),(153,6,66,'Sed et expedita animi delectus. Sit ut est ullam et. Quod sapiente consequatur molestiae assumenda. Placeat sit dolor est vel nulla veniam accusantium.',0,1,'2016-08-02 18:17:44'),(154,12,58,'Dolores accusantium possimus at et non at. Quo soluta ab aut architecto. Sit et aliquid iste placeat. Autem ipsa nihil ut magnam.',1,1,'2012-02-22 11:19:22'),(155,57,9,'Saepe sapiente alias eos consequuntur quis reiciendis facilis. Sed enim eligendi cumque. Temporibus possimus ut facilis qui necessitatibus cupiditate et natus. Dolor et consequatur nisi dolor quis fuga.',0,0,'2013-05-26 01:28:46'),(156,75,46,'Eum adipisci eaque aut reprehenderit libero in soluta sint. Odit ut tempore ut modi placeat eos dolorum. Voluptas quis est qui deleniti ipsum accusamus animi.',0,1,'2014-01-28 02:57:49'),(157,4,80,'Ex debitis pariatur et mollitia. Excepturi error sequi dolores dolorem est. Minus totam dicta ut reiciendis qui velit.',1,0,'2019-02-20 12:09:51'),(158,90,8,'Consequatur est alias ipsa debitis repellat eius deserunt. Sapiente sequi dolore vel. Voluptatem est rerum suscipit quo. Et possimus quia laboriosam eum odit rerum quia.',0,0,'2014-06-19 00:40:00'),(159,69,21,'Illum ullam assumenda molestiae et temporibus saepe qui sit. Beatae sunt at optio earum. Magni et soluta quisquam praesentium iste quos.',0,1,'2020-08-05 19:51:42'),(160,96,17,'Iusto perferendis perspiciatis aut eius eius eum. Veniam accusamus officia ut a dolorem. Enim quaerat sit eveniet. Laborum eaque dicta sit dolor.',1,1,'2013-03-22 10:28:38'),(161,97,32,'Eos accusamus iste ut ducimus eos. Veniam quis et tenetur magni quis. Qui nostrum perferendis alias quos rem ex.',0,1,'2017-02-09 18:34:36'),(162,69,47,'Iure natus quam inventore quibusdam. Exercitationem accusantium sapiente autem. Quia porro omnis rerum mollitia. Accusamus molestias maiores voluptatum aliquid.',0,0,'2020-01-08 15:44:44'),(163,30,9,'Adipisci dolorem id ut et ut dolorum adipisci. Commodi vel deserunt nisi nam exercitationem. Autem tempora ea corporis.',1,1,'2014-03-06 03:57:37'),(164,52,35,'Et officiis veritatis quia. Facilis quidem ut quia repudiandae reprehenderit deserunt corrupti. Nobis suscipit omnis alias omnis magnam et ducimus sequi. Voluptate rerum rem ut eos repudiandae.',1,1,'2014-11-23 09:05:08'),(165,18,86,'Eum et nulla non deserunt. Est velit iusto neque. Qui excepturi enim est asperiores aut rerum corrupti. Quae reiciendis sapiente consequatur suscipit repudiandae.',1,1,'2013-04-01 15:12:34'),(166,72,4,'Culpa temporibus a dolorum reprehenderit eum et omnis reiciendis. Minima modi mollitia voluptatum cupiditate ut excepturi sequi. Nisi nesciunt nam non id quia ut quisquam nulla. Non id omnis libero explicabo.',0,0,'2017-11-10 07:17:59'),(167,3,3,'Dolore numquam aperiam enim culpa doloremque ratione blanditiis earum. Sit sed eaque cupiditate vitae deleniti ab itaque. Et recusandae dicta officiis porro esse error. Voluptas voluptas deleniti veniam eos nemo.',0,0,'2015-03-02 22:36:22'),(168,5,17,'Vitae ea rem facere ut aperiam. Provident minima sed et at molestias. Dolorum beatae qui natus dolore veritatis qui ut.',1,1,'2015-02-27 16:21:35'),(169,68,88,'Reprehenderit laudantium sit voluptas id blanditiis. Officia non possimus quo culpa aut. Ut optio et laborum adipisci enim exercitationem.',1,0,'2014-04-06 01:49:45'),(170,36,13,'Non quaerat non doloribus quae. Reiciendis sunt quo eveniet saepe. Autem in id laborum iure blanditiis. Labore sit reprehenderit tempora. Quia soluta consequuntur aliquam eaque vel.',1,0,'2020-07-26 08:58:37'),(171,60,61,'Sit non facilis rerum quibusdam. Consequatur aspernatur fugiat voluptas sed a. Qui odit hic odit dolores fuga laborum exercitationem.',0,0,'2013-09-16 12:50:01'),(172,22,28,'Sed id eum reprehenderit eum dolorem et eum. Eveniet consequuntur tempora pariatur consectetur. Accusantium distinctio voluptas impedit omnis autem dolores. Provident et cum molestias illo.',0,1,'2016-12-25 14:23:07'),(173,75,89,'Nulla accusamus aut itaque. Vel et et adipisci est quibusdam molestiae. Et culpa hic non. Suscipit saepe ea in ut aut optio distinctio quia.',1,0,'2018-01-17 14:54:25'),(174,22,39,'Dolor laboriosam nesciunt nostrum culpa aut modi et. Consequatur quis accusamus cum repellendus rem harum. Molestiae explicabo debitis enim rerum aut veritatis. Qui id facere occaecati dolor ullam nihil fugiat.',0,1,'2018-01-28 00:22:47'),(175,29,26,'Mollitia voluptatem vero ipsa voluptatem ab ut. Ab molestias earum autem incidunt sed quo ipsam. Illo mollitia autem in quibusdam quia.',0,1,'2018-05-17 19:45:12'),(176,45,47,'Accusamus et aperiam nam vel consequuntur laborum aliquid. Et nesciunt minus delectus expedita. Voluptatem voluptatem cupiditate porro quo.',1,1,'2014-01-15 06:44:38'),(177,99,52,'Explicabo voluptates et incidunt quia. Eum ut necessitatibus iusto quos error et distinctio. Qui dolorem in nobis dolores voluptatem ratione vero. Magni maxime cupiditate vitae eos autem non at inventore.',1,0,'2016-12-20 23:35:29'),(178,63,60,'Nobis delectus voluptates fuga ipsa recusandae error officiis. Eligendi natus quo animi sit accusamus quo est. Fuga voluptatibus sunt repellat aut explicabo similique. Quos quia earum adipisci aperiam.',1,1,'2019-03-05 18:09:00'),(179,9,65,'Ea omnis sequi sed aut saepe tempore. Laudantium eius optio velit quis fuga neque. Voluptatem ex officia sunt ex rerum ut incidunt.',0,0,'2019-01-12 07:23:40'),(180,99,99,'Consequatur mollitia iusto laborum consequatur ea quia. Omnis deserunt quidem officiis asperiores error molestiae distinctio. Omnis eveniet quasi impedit aut esse dolor. Non quia autem accusantium fugiat.',1,0,'2014-12-10 11:13:38'),(181,95,80,'Incidunt praesentium hic delectus nisi ut aliquid doloremque. Dolorum voluptatem modi assumenda voluptates dolorem aliquam vitae. Qui quas nam ut quibusdam.',1,0,'2012-07-06 12:12:55'),(182,14,27,'Iure omnis cupiditate et. Veniam molestias voluptatem quaerat omnis quasi reprehenderit neque. Voluptatum soluta qui ad totam perspiciatis consectetur et. Occaecati odit ad velit quam assumenda voluptatibus exercitationem laboriosam.',0,0,'2018-11-08 08:32:46'),(183,95,93,'Explicabo vero dolorem ab quia tempore consequatur nulla temporibus. Tenetur ducimus incidunt maiores. Iusto at ut nisi. Magni voluptas occaecati molestias ducimus eum. Sit harum iusto nihil voluptatem tenetur pariatur veniam.',0,1,'2012-09-01 14:09:38'),(184,78,14,'Velit velit rerum qui modi sed. Ut asperiores quibusdam facilis harum. Voluptatem sed temporibus numquam ratione et eum.',1,0,'2020-04-22 07:46:48'),(185,32,19,'Quidem fugit fugit sit molestias. Illo ipsum maxime dicta ullam. Voluptatem odit aspernatur tempore omnis illum et magni qui. Facilis accusantium qui sit sit et. Sint ut totam architecto quod eveniet recusandae beatae quas.',0,1,'2011-12-25 21:25:53'),(186,97,29,'Iusto quia dolorem est velit occaecati autem ut. Facilis est saepe consequatur. Qui ipsam ex sequi et. Est est voluptas omnis omnis ut dolores.',1,1,'2017-03-21 03:31:46'),(187,54,81,'Quia expedita aut id labore. Veniam impedit magni autem laboriosam. Illo quidem illum illum omnis omnis asperiores.',1,1,'2018-08-16 05:43:22'),(188,45,78,'Molestias aliquid totam atque explicabo. Ipsam dolorum asperiores enim et consequatur. Cupiditate sed ad ea perspiciatis. Accusantium quia ad beatae vitae.',0,0,'2016-09-04 07:48:44'),(189,56,46,'Itaque ducimus velit impedit possimus perferendis laborum fuga. Quaerat rerum vitae magni ex. Delectus reprehenderit sequi debitis sit odio in officia.',0,0,'2013-08-30 12:35:17'),(190,62,73,'Delectus tenetur quaerat blanditiis molestiae possimus ipsum aut et. Est perferendis ut enim illum porro perspiciatis. Illo odio eligendi eius a vero amet sed. Consequatur corporis est magnam sint adipisci cupiditate.',0,0,'2016-08-10 11:40:00'),(191,76,62,'Tenetur qui harum est. Architecto vero molestiae iure porro architecto qui et. Aut quidem et eius consequuntur ut iure autem quia.',0,0,'2011-10-08 09:38:18'),(192,82,23,'Iure ullam nisi tenetur cum est quisquam. Eum sint maxime laborum rerum aliquid. Assumenda dolorem hic exercitationem eum accusamus accusamus sed.',0,0,'2019-05-25 08:16:38'),(193,69,77,'Dignissimos doloribus sint animi fugit. Ullam natus recusandae earum rerum earum. Praesentium ut asperiores et dignissimos aspernatur. Cum dolorem id reprehenderit voluptatum velit consequatur.',0,0,'2020-01-25 18:37:16'),(194,75,45,'Sit alias veniam et. Dolores soluta distinctio sunt quisquam nulla itaque ex. Voluptatem quis aut velit architecto dignissimos debitis. Ea iste eum illo quam incidunt quod quo.',1,1,'2014-09-10 16:57:22'),(195,99,62,'Odit totam praesentium consequatur necessitatibus. Aliquid mollitia id doloribus aut. Est animi nihil sint vel.',0,0,'2018-09-29 05:14:39'),(196,9,60,'Ut velit voluptatem nesciunt ducimus blanditiis voluptate assumenda. Tempore at consectetur et voluptatibus mollitia eos doloribus. Et dicta porro laboriosam illo. Harum non dolorum aliquam neque eaque. Impedit incidunt omnis tempora animi dolore sint.',0,1,'2018-02-02 08:38:53'),(197,70,72,'Vero vero veniam incidunt aliquam ut quam voluptas. Tenetur adipisci tempore facere consequatur illo aliquid. Nemo unde dolores aut ut praesentium vel libero.',0,1,'2014-05-20 14:33:39'),(198,49,27,'Eius ut est quasi accusantium. Quo est molestiae autem id mollitia. Aut id delectus eos illum harum sint dicta.',1,1,'2018-08-22 20:34:12'),(199,88,58,'Aut eos numquam facilis. Itaque laudantium libero beatae labore quia nulla. Minus voluptate quam veritatis reiciendis blanditiis. Quaerat distinctio unde repellat facilis.',1,1,'2014-06-05 15:18:40'),(200,28,65,'Non totam voluptas laudantium architecto optio aspernatur culpa. Illo dolorem repudiandae facilis autem est et perferendis. Quia et error quis qui aliquid. Ut expedita eius deleniti. Expedita id id voluptas quo distinctio corporis quo.',1,0,'2019-03-28 15:19:06'),(201,40,5,'Velit enim dolores hic odio. Eaque dolorem eligendi repudiandae et corporis iste sed. Nam et quos delectus ratione sit. Voluptatem voluptatem similique velit blanditiis quis est rerum.',0,0,'2017-12-14 16:41:44'),(202,4,7,'Commodi cum voluptas deserunt id. Repellendus quia eius quis culpa consequatur veniam veritatis nisi. Veritatis est sunt exercitationem facilis architecto mollitia cumque. Dicta voluptatem rem aut illo quo. Iusto veniam voluptas eveniet sint eum non.',0,0,'2011-12-14 19:24:50'),(203,19,77,'Dolor assumenda maiores qui recusandae tenetur. Delectus quia iusto et nesciunt facilis. Consectetur explicabo magnam sint dolorum quia deleniti ut.',0,0,'2020-04-02 11:26:18'),(204,25,94,'Sed id magni quod doloribus minima. Voluptatum aliquam voluptate voluptatem. Rem eum praesentium voluptas assumenda sint. Sed sequi consequatur aut dolorum.',1,1,'2019-06-24 03:18:29'),(205,96,96,'Ea et nobis fugit qui. Consequatur voluptas corrupti ut doloribus aut expedita eos sunt. Repellat voluptatem placeat est voluptatem aut.',1,0,'2012-05-29 07:38:06'),(206,91,67,'Earum libero voluptatibus voluptates eveniet et ut. Amet quibusdam magni officiis et. Minus sed temporibus accusamus eum.',0,0,'2018-08-17 13:37:36'),(207,61,6,'Aperiam repellat debitis odio dolores omnis fugiat. Sit quibusdam consequatur ea mollitia consectetur aliquam vero. Fuga sint est eum vitae qui vitae. Debitis recusandae officiis dolores culpa sed pariatur.',1,1,'2017-01-20 23:47:55'),(208,45,4,'Nemo veniam in vero. Sunt asperiores ab illo debitis minus. Veritatis vero eveniet modi.',0,1,'2016-02-01 09:59:21'),(209,88,28,'Est molestiae expedita nesciunt aut autem error quis blanditiis. Veritatis dolores quam officia at aliquam quasi. Fugiat ab aut omnis dolor nobis.',1,0,'2016-07-24 12:44:42'),(210,73,81,'Quis maxime velit sunt. Dignissimos animi ea saepe totam et impedit sunt. Delectus sed id deleniti non. Quaerat doloribus consectetur laboriosam sit animi natus. Atque nobis ut beatae eligendi nam.',1,0,'2018-09-08 00:36:47'),(211,84,80,'Consequatur nesciunt odio soluta qui vel. Quia ipsum quos rerum. Illum voluptas quam non atque quae molestiae. Aut nihil excepturi omnis corrupti et.',0,1,'2017-05-30 07:27:06'),(212,44,81,'Aliquam odit in unde. Iure voluptas autem est ex dolores ut dignissimos. Qui commodi eligendi ut earum iste praesentium sit. Atque non et cum dolores nisi natus.',0,0,'2018-04-10 03:51:26'),(213,73,23,'Minima error in quidem quaerat cupiditate quo ut. Debitis animi et deleniti laudantium perferendis velit modi. Voluptatem facere et totam dolorum maxime esse.',0,1,'2020-12-25 10:22:49'),(214,94,100,'Quasi ipsa sunt odio quia rerum. Dolor aut quae pariatur placeat autem temporibus sunt. Unde a similique pariatur reprehenderit.',1,0,'2018-06-02 12:12:02'),(215,20,97,'Earum quisquam voluptas assumenda a sit sit facilis eaque. Recusandae qui molestiae hic nihil et laudantium necessitatibus. Itaque labore facilis voluptatem ipsum suscipit nihil.',1,1,'2016-12-10 06:06:32'),(216,25,34,'Labore temporibus ut expedita quos totam aperiam nostrum. Nemo officiis ut sint ratione animi recusandae.',1,0,'2016-02-15 16:24:26'),(217,96,74,'Eius magni laborum quis nisi corporis. Tempora sit voluptatum autem. Amet culpa qui cupiditate cupiditate dolores. Nobis et voluptatem nam id.',1,1,'2013-05-27 16:21:04'),(218,84,96,'Alias error est nemo et recusandae. Molestiae consequatur vel et et et velit fugit. Sunt quibusdam et cupiditate sint aut.',0,1,'2016-07-23 04:04:32'),(219,30,60,'Dolor eveniet velit eius fugit laborum. Ut tempora perferendis et est inventore reprehenderit. Corporis rerum quia repudiandae ut aut non aut. Non ipsa in suscipit corporis consequatur.',1,0,'2014-07-12 06:01:56'),(220,9,67,'Porro rem non et accusamus placeat molestiae itaque. Qui id molestias natus. Et esse possimus dolores reiciendis voluptas est nisi repellendus. Blanditiis qui perspiciatis eaque laborum ipsam ex.',1,0,'2014-06-18 23:34:18'),(221,5,23,'Officia quia sequi quaerat in praesentium. Illum tempore rerum nesciunt. Modi consequatur totam temporibus possimus fugiat. Eum tenetur voluptatum dolores quaerat qui nostrum quia.',1,1,'2012-06-18 13:23:15'),(222,99,25,'Similique consequatur rem eum. Iusto cumque et rerum fuga a. Cum provident magnam nesciunt quis ullam.',0,0,'2011-08-25 18:07:33'),(223,30,72,'Animi doloremque magni tenetur suscipit rem et voluptate. Sed itaque sint cum autem. Quod reprehenderit veniam velit eum ex temporibus odio.',0,0,'2021-05-12 18:41:14'),(224,70,33,'Quis provident in reiciendis ea reiciendis. Ad eum sed perspiciatis reiciendis qui et praesentium. Sit tenetur natus aut nesciunt vitae quibusdam id. Iure sed minima dolor minima voluptatem.',1,1,'2015-03-11 18:36:44'),(225,54,71,'Ut quam nam eveniet molestiae sint vitae quo. Molestiae sunt consequatur similique corporis corporis eum. Laboriosam id rerum aut et hic facilis.',0,1,'2015-11-22 17:22:58'),(226,93,53,'Quaerat similique iure accusamus quae excepturi enim totam. Ut aut delectus itaque amet dolores numquam. Quo quos architecto non quod ut. Nostrum odit fugit est dolores ab. Voluptas quas cupiditate qui dolor sed sed.',1,0,'2013-05-29 04:58:32'),(227,83,56,'Error et commodi voluptatem. Nihil eius dolorem hic omnis. Nulla ut dignissimos ut ducimus nostrum. Modi consequuntur excepturi recusandae quia delectus accusamus earum iusto.',0,1,'2013-05-03 11:18:38'),(228,32,89,'Exercitationem et quo laborum aliquam autem adipisci fuga. Est et vitae id officia saepe animi iste. Est aspernatur sunt debitis voluptatem a.',1,0,'2012-12-22 01:40:20'),(229,48,72,'Fugiat voluptas soluta nemo. Provident tempore deleniti incidunt id aliquam at quidem qui. Illo qui sit hic expedita voluptatibus deserunt ut.',0,1,'2016-06-06 07:42:24'),(230,18,74,'Sequi veniam deserunt quis unde expedita. Dignissimos delectus libero nihil et nisi. Velit ullam aut illum reiciendis qui ut voluptatem. Mollitia quia et molestiae distinctio sequi quo.',1,0,'2013-07-21 02:40:22'),(231,14,50,'Dolor voluptates quis ad dicta similique odit. Et soluta similique ut. Sapiente tempora et explicabo sint voluptas rerum ut.',1,1,'2012-04-22 12:54:37'),(232,4,71,'Qui iste ipsum laborum recusandae id maiores similique facere. Distinctio libero voluptatem doloribus magnam hic corrupti quibusdam nostrum. Expedita consequuntur et quidem reiciendis magni enim debitis.',1,0,'2012-03-24 07:48:14'),(233,44,5,'Aut soluta nisi quasi laboriosam. Laudantium quibusdam reprehenderit dolorum. Optio quibusdam voluptas rem et aliquid similique inventore.',1,0,'2018-03-15 10:52:46'),(234,92,45,'Sapiente et et sit veniam. Officia corrupti ut fugiat dolorem enim est illo. Nulla quis architecto occaecati tenetur nesciunt.',1,1,'2017-11-30 03:05:07'),(235,48,6,'Deserunt corrupti autem est praesentium non consequatur enim. Qui sint et eum placeat nesciunt explicabo quam. Qui vel qui quod aut optio. Et accusamus dolore eos non quia facilis animi.',1,1,'2020-06-12 14:46:34'),(236,86,10,'Voluptatem et est veritatis quidem omnis dolorem illo ratione. Ipsum esse cupiditate iure ad. Similique debitis placeat sed ullam consequatur quos maiores. Possimus commodi nihil est ex in perspiciatis assumenda.',0,0,'2017-10-04 12:50:02'),(237,92,31,'Eius neque nesciunt dolorem voluptatem. Natus inventore sint doloremque temporibus. Magnam provident dolor minus. Ipsam voluptatem at nulla similique.',0,1,'2011-08-19 17:51:06'),(238,79,100,'Laboriosam aliquam laboriosam unde et unde et aut. Amet sed id accusamus velit temporibus repudiandae ut. Consectetur et voluptas sapiente cum. Facere architecto in eaque sed excepturi repudiandae repellat.',0,0,'2012-09-08 17:13:47'),(239,63,15,'Corrupti in odio esse et ut numquam. Voluptate sed doloribus reiciendis distinctio quae. Placeat nam unde rerum repudiandae quo modi. Et tempora aut architecto qui beatae eaque.',1,0,'2015-01-02 09:46:23'),(240,85,78,'Cupiditate at rerum et excepturi veniam autem laudantium. Aperiam optio commodi quia voluptas ut eaque. Ratione vitae enim quis ratione autem. Vel ipsum facilis vel sint nobis iure consequatur odit.',1,1,'2015-11-29 22:25:39'),(241,37,48,'Molestiae officiis saepe possimus laborum ipsa ea sit. Delectus non a ut et sequi. Explicabo assumenda quis dicta et.',0,0,'2019-04-16 23:17:51'),(242,28,95,'Deleniti velit autem ducimus sint quibusdam adipisci perspiciatis. Voluptatum corrupti et at. Consequuntur sed nostrum saepe aperiam hic asperiores. Eligendi dolor magnam ipsam dolores sunt.',0,0,'2013-05-25 15:49:57'),(243,91,70,'Provident exercitationem voluptatibus tempora dolore a pariatur voluptatibus. Consequatur asperiores tempora dignissimos nihil quos earum. Voluptas ipsum placeat laboriosam eum quisquam. Tempora voluptatem ut et itaque.',0,0,'2015-01-20 08:56:38'),(244,76,69,'Enim ut vel eligendi qui amet porro necessitatibus. Vero consequatur repudiandae nam voluptas laudantium non eos. Sit nulla dolor exercitationem temporibus nihil non ea.',1,0,'2012-11-14 22:04:17'),(245,19,87,'Molestiae unde voluptatum laudantium esse corrupti laborum. Accusantium quia occaecati ab qui repellendus ut quod. Maxime ut doloribus neque.',1,0,'2019-12-28 07:57:44'),(246,75,15,'Sit minus esse doloribus. Ab aut esse sint tenetur laboriosam totam hic molestias. Sit asperiores quasi voluptatem non necessitatibus qui nisi nulla.',0,1,'2012-05-14 05:41:28'),(247,51,10,'Deserunt consequuntur quaerat consequuntur vero aliquid vel et. Facere porro inventore suscipit dolorem. Autem excepturi ipsa quia quidem provident nihil at porro. Incidunt et voluptatem rerum sunt adipisci.',0,1,'2021-07-01 17:37:03'),(248,94,39,'Ut et est molestiae sapiente. Suscipit laborum est dolor adipisci. Et ex facilis et necessitatibus unde dolor. Et consequatur consequatur et molestias et. Dignissimos qui labore accusantium.',1,1,'2017-06-10 17:16:13'),(249,14,54,'In incidunt et nemo illo molestiae omnis. Ex quia totam consequatur occaecati temporibus est. Iusto quas iusto officia et quae aut.',0,0,'2018-12-26 23:33:21'),(250,26,67,'Voluptas et aspernatur quos doloribus hic. Ex mollitia tempora blanditiis modi dolor aspernatur eligendi. Est sapiente animi aut fuga vero vero dicta. Laboriosam illo molestiae velit at fugit quos sequi.',1,1,'2020-05-27 08:44:14'),(251,55,76,'Ex aut illo non non nisi excepturi nisi. Soluta sint nesciunt officia qui et reprehenderit. Aut assumenda consequatur voluptatem occaecati doloribus eius.',1,0,'2014-07-02 04:50:32'),(252,12,31,'In blanditiis enim quo magni dignissimos odit. Est quod consequuntur corrupti ut numquam tempora eligendi aliquid. Occaecati rerum incidunt illum voluptas sit.',0,0,'2013-03-20 03:33:04'),(253,22,13,'Quibusdam ut totam aut eveniet est mollitia. Omnis asperiores aspernatur qui quia sed ea maiores.',0,1,'2015-08-26 10:51:50'),(254,1,67,'Natus natus exercitationem exercitationem autem molestiae voluptatem. Sequi ut doloribus qui et sit. Architecto nihil quo cum dolorum est.',0,1,'2018-05-22 00:09:08'),(255,28,40,'Nobis nulla quia maxime corrupti vel provident cumque. Ipsam quis quisquam laborum quo. Adipisci ullam enim eveniet maxime libero in. Culpa molestiae nostrum omnis qui soluta fugit sunt.',0,1,'2017-01-19 12:54:16'),(256,16,59,'Et ut dolorem voluptatem natus nemo sapiente harum. Amet quas magnam consequuntur vel praesentium dolor error. Neque delectus recusandae et nulla ad sunt.',1,0,'2019-12-03 23:18:04'),(257,45,49,'Cum dolor eaque nulla quia esse ipsam. Consectetur fugit aut aut a dicta et similique. Voluptate est dolores numquam voluptates accusantium.',1,1,'2019-04-30 15:53:16'),(258,8,91,'Illo quia architecto nobis et est. Aut nostrum omnis ut quos provident voluptas qui. Deleniti rerum illum reiciendis. Asperiores voluptas ea deleniti quis aut totam quia aut.',0,0,'2017-09-25 03:33:15'),(259,33,93,'Et deleniti et quia ipsa ea laboriosam sint quidem. Et ducimus fuga ut. Tenetur dolor iusto facere et similique asperiores.',0,0,'2016-06-22 14:20:27'),(260,63,34,'Ducimus voluptatem et asperiores quos. Voluptates autem quis distinctio recusandae. Qui aperiam assumenda debitis unde minima dolorem rerum.',1,0,'2014-10-29 21:15:20'),(261,83,11,'Quaerat quisquam et omnis non ut vitae. Sunt accusantium omnis veniam deleniti sequi reprehenderit. Et laboriosam et consequatur labore maiores dolor quaerat quis. Voluptatem id suscipit est in. Dicta facilis eum aut natus doloribus blanditiis corrupti.',1,0,'2013-10-03 05:22:55'),(262,4,88,'Tempora tempore quo temporibus consequatur quisquam minima sint dolores. Officiis excepturi in qui laborum. Aut laborum ut explicabo nulla dicta ullam. Maxime voluptas cum ex et.',0,0,'2019-01-14 06:56:57'),(263,27,73,'Rerum laudantium ad ut et qui est. Ullam perferendis alias sit. Dolorem aut qui quibusdam quas temporibus.',1,0,'2019-08-01 18:55:07'),(264,80,83,'Exercitationem aut a dolorem rerum. Nam voluptatibus aperiam architecto numquam id accusamus sunt. Adipisci consequuntur aperiam quo corrupti cupiditate animi.',1,0,'2018-04-27 10:42:44'),(265,72,12,'Aut ut enim doloribus facilis quibusdam fugiat numquam enim. Qui voluptatem recusandae non est atque quo aliquam et. Officiis consequatur hic eius aut quo sed nesciunt quia.',0,0,'2012-05-31 23:01:17'),(266,45,87,'Occaecati atque aut assumenda ullam cupiditate qui voluptates similique. Aut repellat dolores nihil facilis dolores. Maiores error cupiditate maiores vero ipsam qui. Deserunt consequatur expedita sint architecto dolores. Distinctio et mollitia quae officiis inventore eligendi.',0,1,'2013-04-05 22:34:17'),(267,100,37,'Et quos laudantium soluta sit quia. Non et quis id sint. Minima laboriosam ut vero ullam error. Qui odio animi cupiditate quos et ipsum rerum.',1,1,'2016-04-25 09:50:08'),(268,84,8,'Sit aut quod voluptatem. Perspiciatis ut debitis aspernatur a repellat quaerat pariatur. Asperiores quasi rerum ipsa facere ut maiores dolores.',1,0,'2013-03-28 15:04:35'),(269,89,19,'Doloremque impedit qui placeat rerum libero nihil. Asperiores odio quae facere. Dolor officia neque commodi provident esse suscipit rerum et.',1,1,'2015-01-03 17:49:36'),(270,27,79,'Adipisci maxime repellendus incidunt nesciunt atque natus ut. Non qui ut accusantium amet aut consequatur. Rerum dicta repudiandae exercitationem. Dolores qui cumque ex consequatur et dolores.',0,1,'2012-08-25 15:09:31'),(271,15,35,'Blanditiis id magnam exercitationem suscipit et aut non. Quas nihil esse perspiciatis. Nesciunt ut quis est. Et cumque dolorum ipsa at in unde.',1,1,'2013-10-30 16:06:40'),(272,31,49,'Cupiditate debitis distinctio neque placeat culpa sed reiciendis. Voluptate porro velit excepturi laboriosam sunt. Enim quis eum et distinctio sit velit.',0,1,'2016-05-16 11:06:56'),(273,53,16,'Omnis aliquam possimus dolor id harum. Animi eum perspiciatis tenetur exercitationem ad.',1,0,'2019-06-07 11:38:16'),(274,20,52,'Optio veritatis tenetur enim rerum nisi ea vitae. Quod nostrum enim ratione libero facilis. Vel consectetur doloribus optio quam assumenda odio.',1,1,'2017-10-15 22:13:58'),(275,2,50,'Autem nobis ratione nihil nobis ab. Ipsam placeat nulla exercitationem quae ducimus amet consequuntur dolorem. Qui magni rerum pariatur sed quasi ex.',1,1,'2013-01-05 10:48:00'),(276,43,68,'In error rerum voluptate exercitationem libero illum aut. Error eum id ut voluptas. Odio necessitatibus explicabo ad nam. Corporis doloribus sint praesentium nesciunt error dolores.',1,1,'2015-02-26 02:39:15'),(277,8,38,'Quisquam et adipisci ratione a velit voluptatem. Quam debitis vel debitis sit. Consequatur omnis rem sunt qui qui dignissimos qui sunt.',0,0,'2011-08-01 04:57:46'),(278,62,98,'Numquam veniam quasi et enim ex placeat. Quia est eos ullam. Debitis mollitia natus aut sint eligendi. Dolor qui veritatis voluptatem quae a deserunt necessitatibus.',1,0,'2018-12-10 10:26:12'),(279,5,27,'Ea odit aliquam ut molestiae qui facilis consectetur est. Et aut optio voluptates porro quia eaque. Dolorem atque natus reprehenderit assumenda officia.',1,1,'2013-01-06 09:37:59'),(280,21,24,'Deserunt aut corrupti omnis aut possimus et. Eos sint omnis quia culpa repudiandae eum. Corrupti minima cumque qui. Corrupti at tenetur ut dolor.',1,1,'2012-07-16 18:18:22'),(281,56,9,'Quia asperiores qui non eaque repellendus dolorem. Enim et at et vel sint voluptas quos. Eum voluptatem iusto laboriosam omnis maxime ea commodi. Quia tempora illo enim laborum illum.',0,0,'2014-03-07 17:10:20'),(282,73,41,'Aspernatur quis explicabo architecto optio quos voluptatem molestiae. Aut sapiente deserunt illum rerum. Modi praesentium quidem alias consequuntur facilis corrupti quis quo.',1,1,'2021-06-11 21:06:06'),(283,85,1,'Odit saepe vel omnis illo. Quam consequatur rerum et totam aliquam at. Facilis et asperiores optio beatae aliquid. Ut voluptatem et consequatur voluptate.',1,0,'2019-09-15 09:44:16'),(284,52,53,'Placeat quaerat commodi mollitia id. Porro quas nihil cumque corporis laborum. Ut dolor maxime earum.',1,1,'2017-03-14 02:43:58'),(285,9,86,'Harum accusantium enim sunt a repellendus nisi sunt sed. Labore voluptas blanditiis voluptatum minus voluptas et. Consequatur quae porro sequi voluptatibus perferendis. Quis enim minus nemo.',0,1,'2015-07-15 17:43:47'),(286,1,50,'Incidunt voluptatem facilis enim corrupti voluptatibus quasi. Qui qui aperiam accusantium ipsum numquam nisi id. Voluptates tempore consequatur aut debitis veritatis.',1,1,'2018-08-20 15:07:42'),(287,43,67,'Et magnam molestiae aut porro. Unde quia et ut magni repellat ullam assumenda perspiciatis. Harum non autem tempore optio nulla rem voluptatem.',0,0,'2018-01-23 13:33:38'),(288,6,30,'Voluptatem soluta vel ea asperiores. Nihil ut eos unde. Est error ut accusantium. Dolore aut libero nisi facilis aliquid voluptas.',0,0,'2017-09-13 00:08:53'),(289,28,52,'Et nemo quo reprehenderit tenetur maxime quia. Est et maiores enim quibusdam tempora nihil. Rerum et qui aut rerum adipisci voluptates ratione.',1,0,'2013-05-13 19:22:04'),(290,76,23,'Consequuntur culpa in illo nulla libero nobis. Corrupti autem quidem optio sint. Nobis veniam quas suscipit itaque aspernatur soluta.',1,1,'2015-06-21 02:08:08'),(291,86,63,'Molestiae dolor perferendis perspiciatis et. Omnis rem explicabo vitae omnis. Qui asperiores et ipsam necessitatibus. Aliquam earum tempore similique autem ut quis.',1,0,'2016-11-02 05:56:36'),(292,54,79,'Velit rem reprehenderit aperiam blanditiis voluptatem quisquam voluptas. Dolorum et repudiandae dignissimos. Cumque sit doloribus autem eum. Dolore nihil praesentium dolorem quod non eos. Enim at explicabo sequi aut.',1,0,'2016-10-05 07:40:12'),(293,36,41,'Nulla aliquam dolorem ut. Culpa ut omnis minima fugit praesentium delectus. Dolorem hic alias culpa et tempora. Necessitatibus ut possimus amet atque.',1,1,'2012-06-04 16:28:23'),(294,96,55,'Magni id nostrum accusamus eum quisquam maxime. Sit nihil dolor earum commodi. Ut odio sunt ex eum ad.',0,1,'2020-01-06 10:49:45'),(295,90,81,'Exercitationem doloremque velit ad et tempora quidem nemo. Expedita aut omnis exercitationem error et. Consequuntur sed unde voluptas quis autem consequatur.',1,0,'2018-09-17 02:15:54'),(296,37,41,'Soluta magni vel aut sed molestias et consequatur. Quia temporibus et corrupti aut. Recusandae error magnam qui.',0,0,'2021-03-18 20:02:25'),(297,91,35,'Et voluptas aut beatae maiores. Praesentium possimus qui earum sit. Nesciunt aperiam ex omnis dolorem optio necessitatibus aliquid. Cum ipsam nesciunt qui mollitia qui recusandae.',1,1,'2012-08-25 15:18:13'),(298,98,87,'Consequatur voluptatem similique eius rerum omnis consequatur nihil. Autem voluptas consequuntur aspernatur rem et nemo. Ut reiciendis quisquam nostrum tenetur ad inventore consequuntur.',1,0,'2017-08-19 06:29:32'),(299,41,42,'Odio consequuntur atque eum quia aperiam odio. Non vero nesciunt eius possimus consectetur.',1,1,'2013-01-04 01:44:40'),(300,87,7,'Illo suscipit est quis quia totam ut magni omnis. Omnis voluptatibus veritatis rerum beatae id cupiditate. Cum molestias qui aut ad.',0,1,'2018-02-25 20:17:39');
/*!40000 ALTER TABLE `messages` ENABLE KEYS */;
UNLOCK TABLES;

--
-- Table structure for table `profiles`
--

DROP TABLE IF EXISTS `profiles`;
/*!40101 SET @saved_cs_client     = @@character_set_client */;
/*!50503 SET character_set_client = utf8mb4 */;
CREATE TABLE `profiles` (
  `user_id` int unsigned NOT NULL COMMENT 'Ссылка на пользователя',
  `gender` enum('m','f') COLLATE utf8mb4_unicode_ci DEFAULT NULL,
  `birthday` date DEFAULT NULL COMMENT 'Дата рождения',
  `city_id` int unsigned DEFAULT NULL COMMENT 'Ссылка на город проживания',
  `created_at` datetime DEFAULT CURRENT_TIMESTAMP COMMENT 'Время создания строки',
  `updated_at` datetime DEFAULT CURRENT_TIMESTAMP ON UPDATE CURRENT_TIMESTAMP COMMENT 'Время обновления строки',
  PRIMARY KEY (`user_id`)
) ENGINE=InnoDB DEFAULT CHARSET=utf8mb4 COLLATE=utf8mb4_unicode_ci COMMENT='Профили';
/*!40101 SET character_set_client = @saved_cs_client */;

--
-- Dumping data for table `profiles`
--

LOCK TABLES `profiles` WRITE;
/*!40000 ALTER TABLE `profiles` DISABLE KEYS */;
INSERT INTO `profiles` VALUES (1,'m','1972-09-21',5,'2015-09-08 09:44:02','2021-07-16 19:51:08'),(2,'m','1982-07-29',29,'2017-02-09 10:36:34','2021-07-16 19:51:08'),(3,'f','1986-09-21',9,'2019-06-29 05:25:43','2021-07-16 19:51:08'),(4,'m','1981-04-03',18,'2014-09-17 01:16:27','2021-07-16 19:51:08'),(5,'f','2012-09-06',2,'2015-03-24 09:25:32','2021-07-16 19:51:08'),(6,'m','1987-08-03',16,'2014-10-21 12:43:41','2021-07-16 19:51:08'),(7,'f','2000-04-11',14,'2015-06-17 06:59:44','2021-07-16 19:51:08'),(8,'m','1996-10-31',22,'2015-08-29 08:36:47','2021-07-16 19:51:08'),(9,'f','2000-09-18',5,'2011-09-20 13:55:29','2021-07-16 19:51:08'),(10,'f','1973-07-10',22,'2015-08-25 17:20:58','2021-07-16 19:51:08'),(11,'f','1978-05-23',2,'2011-08-11 21:17:08','2021-07-16 19:51:08'),(12,'m','2010-11-17',4,'2015-06-04 15:25:23','2021-07-16 19:51:08'),(13,'f','1985-02-23',14,'2012-01-21 17:29:44','2021-07-16 19:51:08'),(14,'m','1997-06-20',27,'2020-04-02 22:48:12','2021-07-16 19:51:08'),(15,'f','1982-01-05',3,'2013-07-18 22:06:50','2021-07-16 19:51:08'),(16,'m','2012-03-03',23,'2012-07-18 14:32:00','2021-07-16 19:51:08'),(17,'m','2009-11-23',14,'2019-05-29 07:23:42','2021-07-16 19:51:08'),(18,'f','1975-03-01',30,'2017-08-01 03:17:57','2021-07-16 19:51:08'),(19,'f','2005-02-28',18,'2013-01-07 15:57:48','2021-07-16 19:51:08'),(20,'f','1984-04-16',29,'2021-06-17 07:37:08','2021-07-16 19:51:08'),(21,'f','2017-01-31',30,'2014-07-19 19:52:57','2021-07-16 19:51:08'),(22,'m','1993-08-23',3,'2020-02-02 09:01:35','2021-07-16 19:51:08'),(23,'f','2007-02-24',17,'2019-04-11 02:16:20','2021-07-16 19:51:08'),(24,'f','2007-12-26',12,'2020-05-28 02:19:56','2021-07-16 19:51:08'),(25,'m','2000-07-04',11,'2012-02-10 03:59:00','2021-07-16 19:51:08'),(26,'f','1990-04-13',16,'2017-05-10 15:23:25','2021-07-16 19:51:08'),(27,'f','1991-10-18',18,'2021-05-14 23:10:40','2021-07-16 19:51:08'),(28,'f','2001-10-23',12,'2015-09-28 19:57:12','2021-07-16 19:51:08'),(29,'f','2006-05-04',4,'2014-12-28 14:46:16','2021-07-16 19:51:08'),(30,'f','2000-12-16',15,'2021-03-26 04:31:32','2021-07-16 19:51:08'),(31,'f','1993-04-08',4,'2015-04-02 01:48:55','2021-07-16 19:51:08'),(32,'m','1979-09-25',3,'2011-10-24 07:23:16','2021-07-16 19:51:08'),(33,'f','1985-05-21',2,'2011-12-02 04:25:52','2021-07-16 19:51:08'),(34,'m','2020-05-13',30,'2017-07-28 01:06:54','2021-07-16 19:51:08'),(35,'f','1981-04-22',26,'2014-08-10 01:22:56','2021-07-16 19:51:08'),(36,'f','2004-11-29',9,'2021-07-13 18:25:34','2021-07-16 19:51:08'),(37,'f','2015-07-22',27,'2013-08-24 18:22:23','2021-07-16 19:51:08'),(38,'f','1999-12-19',17,'2013-06-04 00:42:16','2021-07-16 19:51:08'),(39,'m','2003-08-18',4,'2013-10-24 12:22:55','2021-07-16 19:51:08'),(40,'m','1991-12-13',29,'2015-06-22 15:53:37','2021-07-16 19:51:08'),(41,'m','1979-01-30',12,'2013-07-23 10:32:53','2021-07-16 19:51:08'),(42,'m','2014-09-20',2,'2019-02-01 16:17:14','2021-07-16 19:51:08'),(43,'f','1987-06-04',4,'2015-03-27 12:51:18','2021-07-16 19:51:08'),(44,'m','1978-07-07',14,'2017-01-14 18:32:45','2021-07-16 19:51:08'),(45,'f','2015-08-11',29,'2012-04-29 02:53:27','2021-07-16 19:51:08'),(46,'f','2021-03-10',9,'2016-05-06 22:11:21','2021-07-16 19:51:08'),(47,'f','1987-03-26',19,'2020-10-21 07:12:57','2021-07-16 19:51:08'),(48,'f','1999-08-25',8,'2012-08-19 13:43:56','2021-07-16 19:51:08'),(49,'f','1998-08-15',10,'2012-07-24 19:52:50','2021-07-16 19:51:08'),(50,'m','2010-07-05',27,'2019-03-16 16:14:23','2021-07-16 19:51:08'),(51,'f','1973-01-23',15,'2013-09-23 09:54:39','2021-07-16 19:51:08'),(52,'m','1997-10-26',23,'2015-06-27 00:45:51','2021-07-16 19:51:08'),(53,'m','1975-10-14',10,'2019-05-13 11:57:17','2021-07-16 19:51:08'),(54,'f','1973-07-10',8,'2011-11-18 05:51:34','2021-07-16 19:51:08'),(55,'f','1972-06-20',12,'2019-07-16 16:59:55','2021-07-16 19:51:08'),(56,'f','1985-12-12',7,'2020-12-03 04:46:57','2021-07-16 19:51:08'),(57,'f','1993-08-20',25,'2013-07-17 03:10:53','2021-07-16 19:51:08'),(58,'m','2010-03-30',16,'2016-07-14 15:24:25','2021-07-16 19:51:08'),(59,'m','1987-07-23',5,'2019-02-01 17:02:01','2021-07-16 19:51:08'),(60,'f','1974-08-28',5,'2013-11-01 04:01:32','2021-07-16 19:51:08'),(61,'f','1989-01-30',9,'2016-05-29 08:48:10','2021-07-16 19:51:08'),(62,'f','1989-03-12',29,'2013-11-16 07:23:16','2021-07-16 19:51:08'),(63,'f','1977-10-02',30,'2012-05-30 08:19:09','2021-07-16 19:51:08'),(64,'m','2005-01-03',30,'2011-09-28 08:47:33','2021-07-16 19:51:08'),(65,'m','1973-03-02',1,'2019-05-19 13:36:23','2021-07-16 19:51:08'),(66,'f','2019-02-19',2,'2013-09-24 17:47:47','2021-07-16 19:51:08'),(67,'m','2001-08-30',8,'2018-05-17 06:51:11','2021-07-16 19:51:08'),(68,'m','2005-07-08',3,'2016-01-07 05:50:06','2021-07-16 19:51:08'),(69,'f','1974-08-30',22,'2016-04-14 13:12:22','2021-07-16 19:51:08'),(70,'f','1982-05-17',11,'2013-05-14 14:26:42','2021-07-16 19:51:08'),(71,'f','1981-05-01',16,'2014-11-15 08:48:50','2021-07-16 19:51:08'),(72,'m','2008-05-01',16,'2017-06-28 00:15:00','2021-07-16 19:51:08'),(73,'f','1972-05-31',1,'2018-03-16 08:18:12','2021-07-16 19:51:08'),(74,'m','1981-06-14',17,'2013-03-11 01:49:47','2021-07-16 19:51:08'),(75,'f','1980-12-19',20,'2016-08-07 15:40:23','2021-07-16 19:51:08'),(76,'f','2012-01-13',21,'2021-06-18 07:05:00','2021-07-16 19:51:08'),(77,'m','1998-11-14',12,'2011-08-17 07:07:03','2021-07-16 19:51:08'),(78,'m','1979-08-15',27,'2013-10-31 00:36:29','2021-07-16 19:51:08'),(79,'f','1988-11-23',8,'2015-10-04 15:09:42','2021-07-16 19:51:08'),(80,'f','1985-01-26',17,'2012-02-18 05:22:31','2021-07-16 19:51:08'),(81,'m','1994-05-18',4,'2017-10-16 03:18:53','2021-07-16 19:51:08'),(82,'m','1994-12-19',27,'2011-11-22 12:19:28','2021-07-16 19:51:08'),(83,'m','1982-08-30',3,'2013-02-08 10:53:06','2021-07-16 19:51:08'),(84,'m','2000-01-06',24,'2016-11-26 15:11:18','2021-07-16 19:51:08'),(85,'f','1982-08-03',18,'2020-07-06 05:57:19','2021-07-16 19:51:08'),(86,'f','2002-06-16',21,'2016-09-23 14:35:27','2021-07-16 19:51:08'),(87,'f','1980-10-16',17,'2014-10-23 15:45:11','2021-07-16 19:51:08'),(88,'f','1976-08-17',23,'2012-06-20 00:14:17','2021-07-16 19:51:08'),(89,'m','1989-12-01',3,'2012-09-23 08:18:38','2021-07-16 19:51:08'),(90,'m','1988-12-24',7,'2019-07-29 02:04:31','2021-07-16 19:51:08'),(91,'f','2020-11-09',25,'2021-06-03 21:11:21','2021-07-16 19:51:08'),(92,'m','1973-03-07',14,'2020-12-07 11:21:51','2021-07-16 19:51:08'),(93,'f','1997-02-26',22,'2016-12-14 00:45:14','2021-07-16 19:51:08'),(94,'m','1986-04-16',9,'2016-02-28 16:30:31','2021-07-16 19:51:08'),(95,'m','2001-01-28',9,'2021-03-28 05:44:36','2021-07-16 19:51:08'),(96,'f','2001-02-05',16,'2020-09-07 05:32:28','2021-07-16 19:51:08'),(97,'f','1985-06-30',22,'2021-05-05 20:20:50','2021-07-16 19:51:08'),(98,'f','1993-11-24',4,'2017-04-05 17:18:29','2021-07-16 19:51:08'),(99,'m','2011-02-04',13,'2019-02-10 00:58:11','2021-07-16 19:51:08'),(100,'f','2006-04-20',20,'2021-04-22 00:13:40','2021-07-16 19:51:08');
/*!40000 ALTER TABLE `profiles` ENABLE KEYS */;
UNLOCK TABLES;

--
-- Table structure for table `users`
--

DROP TABLE IF EXISTS `users`;
/*!40101 SET @saved_cs_client     = @@character_set_client */;
/*!50503 SET character_set_client = utf8mb4 */;
CREATE TABLE `users` (
  `id` int unsigned NOT NULL AUTO_INCREMENT COMMENT 'Идентификатор строки',
  `first_name` varchar(100) CHARACTER SET utf8mb4 COLLATE utf8mb4_unicode_ci NOT NULL COMMENT 'Имя пользователя',
  `last_name` varchar(100) CHARACTER SET utf8mb4 COLLATE utf8mb4_unicode_ci NOT NULL COMMENT 'Фамилия пользователя',
  `email` varchar(100) CHARACTER SET utf8mb4 COLLATE utf8mb4_unicode_ci NOT NULL COMMENT 'Почта',
  `phone` varchar(100) CHARACTER SET utf8mb4 COLLATE utf8mb4_unicode_ci NOT NULL COMMENT 'Телефон',
  `created_at` datetime DEFAULT CURRENT_TIMESTAMP COMMENT 'Время создания строки',
  `updated_at` datetime DEFAULT CURRENT_TIMESTAMP ON UPDATE CURRENT_TIMESTAMP COMMENT 'Время обновления строки',
  PRIMARY KEY (`id`),
  UNIQUE KEY `email` (`email`),
  UNIQUE KEY `phone` (`phone`)
) ENGINE=InnoDB AUTO_INCREMENT=101 DEFAULT CHARSET=utf8mb4 COLLATE=utf8mb4_unicode_ci COMMENT='Пользователи';
/*!40101 SET character_set_client = @saved_cs_client */;

--
-- Dumping data for table `users`
--

LOCK TABLES `users` WRITE;
/*!40000 ALTER TABLE `users` DISABLE KEYS */;
INSERT INTO `users` VALUES (1,'Dave','Heaney','ophelia.reynolds@example.net','1-135-342-8369','2016-05-30 12:45:26','2021-07-16 19:51:08'),(2,'Caroline','Lindgren','qmorissette@example.com','(219)387-7798','2020-11-25 20:17:21','2021-07-16 19:51:08'),(3,'Hillary','VonRueden','mayra59@example.org','(367)090-2360x125','2013-12-20 12:24:50','2017-11-08 05:54:44'),(4,'Tessie','Goldner','hcorkery@example.net','(108)636-6796','2013-01-05 09:26:06','2018-07-26 17:34:00'),(5,'Laurianne','Fadel','emmet.smith@example.net','1-193-374-4868','2020-03-16 05:49:31','2021-07-16 19:51:08'),(6,'Chanelle','Parisian','magdalena22@example.net','08888795476','2015-07-07 12:53:58','2019-06-13 17:45:03'),(7,'Flo','Jones','caleb.kuphal@example.org','169-918-1095x3376','2014-10-12 00:51:47','2016-11-04 00:46:14'),(8,'Marie','Rempel','sibyl57@example.org','(526)089-5066x83785','2013-10-04 02:51:38','2018-08-25 07:38:16'),(9,'Francisca','McCullough','fharber@example.org','1-651-218-8928x391','2018-04-13 05:17:47','2021-07-16 19:51:08'),(10,'Marcia','Johnston','kshields@example.net','245.677.6606x289','2015-12-04 11:10:37','2020-08-14 23:32:52'),(11,'Amelie','Kiehn','beahan.reina@example.org','09547155582','2017-03-13 13:21:55','2021-07-16 19:51:08'),(12,'Floy','Gorczany','bobbie86@example.com','892.847.2296x8557','2016-12-23 22:55:12','2021-07-16 19:51:08'),(13,'Jarod','Gaylord','ibrahim.champlin@example.com','(700)507-0969x04606','2019-06-21 00:41:50','2021-07-16 19:51:08'),(14,'Mackenzie','Lang','hipolito.towne@example.net','300.854.7110x682','2020-09-20 11:48:13','2021-07-16 19:51:08'),(15,'Rosalee','Sawayn','ashlee.mckenzie@example.com','00414216489','2015-05-21 02:08:58','2019-02-13 21:46:42'),(16,'Rosamond','Ruecker','cdeckow@example.com','696-078-9450x835','2020-06-25 19:43:19','2021-07-16 19:51:08'),(17,'Jaclyn','Kuhlman','harris.caroline@example.com','1-852-615-1961x6404','2017-10-26 10:31:34','2021-07-16 19:51:08'),(18,'Macy','Friesen','yvon@example.com','(335)604-5629','2013-12-23 15:44:21','2016-05-15 10:23:13'),(19,'Gerard','Gaylord','ahaag@example.net','1-195-355-9610','2012-08-06 15:07:46','2019-10-10 03:27:14'),(20,'Marcelo','Legros','lenna06@example.org','1-354-541-5979x224','2011-08-11 12:24:51','2017-02-05 04:21:03'),(21,'Sadie','Bosco','jacobi.eliza@example.net','1-310-666-9950x486','2013-10-23 21:50:11','2016-05-18 08:19:24'),(22,'Linda','Hirthe','carroll.kelton@example.com','1-362-561-0672','2016-07-15 17:43:32','2019-02-02 22:49:23'),(23,'Fausto','Lind','harrison00@example.net','(636)837-4638x401','2020-06-10 00:11:08','2021-07-16 19:51:08'),(24,'Whitney','Kulas','jwunsch@example.org','750.169.6189','2018-12-01 09:46:02','2021-07-16 19:51:08'),(25,'Shaylee','Little','carey.watsica@example.com','908.252.3694x51448','2011-12-12 10:37:35','2021-07-16 19:51:08'),(26,'Lindsay','Wilkinson','ondricka.howell@example.com','(789)591-2128','2014-03-11 02:48:54','2018-06-25 09:23:13'),(27,'Jett','Weber','zfunk@example.net','03257271887','2013-04-05 13:24:42','2014-02-24 09:54:34'),(28,'Anjali','Grimes','nyah37@example.org','565.910.3762','2013-09-21 17:11:30','2016-05-02 03:08:52'),(29,'Stephan','Bosco','dheller@example.org','538.017.4458x2773','2013-12-31 04:31:31','2017-10-02 00:31:12'),(30,'Helga','Hartmann','tristin90@example.org','436.653.1682','2018-06-19 08:02:17','2021-07-16 19:51:08'),(31,'Johnny','Stracke','jedidiah30@example.net','04642300430','2019-09-23 05:09:34','2021-07-16 19:51:08'),(32,'Kelsi','Schuster','weimann.myrl@example.com','(903)102-7840x514','2018-05-22 14:19:29','2021-07-16 19:51:08'),(33,'Earline','Sauer','emile.gottlieb@example.org','637-035-7620x7952','2013-02-23 11:55:42','2015-08-03 23:46:19'),(34,'Carolyne','Medhurst','stokes.fausto@example.org','(965)590-0762x3554','2018-04-02 17:37:31','2021-07-16 19:51:08'),(35,'Verona','Schroeder','porter01@example.net','070.217.9524x50605','2017-04-24 23:34:07','2021-07-16 19:51:08'),(36,'Piper','Schaefer','sgerhold@example.org','(871)649-2161','2014-04-18 06:54:51','2021-07-16 19:51:08'),(37,'Georgianna','Cremin','zion.yost@example.com','882.335.4043x11148','2017-04-30 04:37:13','2019-10-06 13:11:51'),(38,'Kimberly','Dach','hipolito.abbott@example.com','(813)352-1462x4182','2014-02-12 06:13:19','2020-09-11 04:01:24'),(39,'Christine','Hettinger','nayeli43@example.org','+33(0)8910678586','2020-03-17 15:05:23','2021-07-16 19:51:08'),(40,'Sally','Wehner','jlabadie@example.org','529.832.9136','2019-02-13 05:39:03','2021-07-16 19:51:08'),(41,'Kiel','Lesch','annamarie90@example.net','+66(7)5197604041','2015-11-20 13:50:11','2016-03-14 00:43:04'),(42,'Myron','Mayer','nolan.nathanial@example.com','+25(6)4309283032','2016-03-14 20:14:29','2021-07-16 19:51:08'),(43,'Royce','Fisher','beulah09@example.net','(200)197-5828x133','2017-05-03 21:49:21','2021-07-16 19:51:08'),(44,'Logan','Nitzsche','heidenreich.jake@example.org','1-023-938-8747','2012-06-23 15:58:34','2018-05-26 16:05:37'),(45,'Rosalinda','Howe','hegmann.bertha@example.com','1-514-957-0153','2014-09-05 02:51:01','2018-12-15 03:05:52'),(46,'Nikki','Waters','aileen.oberbrunner@example.com','(719)987-1083x37044','2015-08-11 06:04:53','2021-07-16 19:51:08'),(47,'Florida','Haag','amaya14@example.org','+00(2)1727591266','2013-07-20 00:21:45','2017-04-22 05:56:45'),(48,'Addison','Stoltenberg','marley.cummerata@example.net','+79(9)9894872235','2017-05-30 14:52:26','2021-07-16 19:51:08'),(49,'America','Grant','rebecca90@example.com','(289)752-0860','2017-04-12 07:21:58','2021-07-16 19:51:08'),(50,'Maude','Langworth','marquise82@example.net','1-802-894-8974x495','2020-08-19 22:51:14','2021-07-16 19:51:08'),(51,'Cali','Kertzmann','will.amya@example.net','+03(9)2339510360','2015-11-04 05:44:12','2019-10-30 14:31:52'),(52,'Earline','Schoen','kreiger.quinn@example.net','(942)898-1309','2013-06-10 18:18:39','2018-11-23 04:49:26'),(53,'Joanne','Tremblay','braun.mathilde@example.net','+59(5)1092455200','2013-02-23 19:26:14','2021-07-16 19:51:08'),(54,'Emilie','Gaylord','dkoelpin@example.com','(673)363-3187x013','2012-02-22 07:05:48','2015-02-24 23:17:03'),(55,'Jovanny','Hand','wilderman.katlynn@example.net','(081)311-6779x818','2014-06-27 13:11:44','2017-02-14 04:27:47'),(56,'Fabiola','Schaefer','wilkinson.eulalia@example.org','+58(9)2325079859','2011-08-06 19:31:07','2012-05-16 13:11:33'),(57,'Nettie','Rowe','zemlak.oma@example.org','039-312-7988x87872','2015-10-08 02:53:33','2019-11-03 00:04:04'),(58,'Eveline','Olson','runte.isabell@example.com','09386753757','2018-04-21 16:57:58','2021-07-16 19:51:08'),(59,'Darrion','Will','wcorkery@example.org','1-403-634-4226','2017-06-06 15:50:11','2019-09-27 07:57:02'),(60,'Simone','Brown','benjamin.konopelski@example.org','326-091-0517','2020-12-07 18:05:05','2021-07-16 19:51:08'),(61,'Stacey','Trantow','jquigley@example.org','1-665-044-6982x7625','2014-08-25 19:22:19','2021-07-16 19:51:08'),(62,'Chyna','Bashirian','rlebsack@example.org','(080)594-1608x0817','2015-11-27 12:06:25','2021-07-16 19:51:08'),(63,'Moses','Funk','ikuhic@example.com','1-599-297-2829','2011-09-27 21:27:30','2018-06-13 17:20:48'),(64,'Jaime','Rutherford','mcclure.missouri@example.net','03716173142','2017-11-30 21:55:12','2021-07-16 19:51:08'),(65,'Brandy','Rogahn','bauch.alfred@example.net','1-173-278-9710x6609','2021-01-13 20:36:14','2021-07-16 19:51:08'),(66,'Alycia','Armstrong','xhomenick@example.com','826-729-8144','2015-08-23 03:14:40','2019-01-04 14:06:57'),(67,'Sydney','Reilly','stanton.gretchen@example.net','(639)492-2199x49488','2013-07-11 03:18:37','2019-04-11 11:45:34'),(68,'Louisa','Marks','lsmith@example.net','(022)521-3694','2019-11-03 03:58:07','2021-07-16 19:51:08'),(69,'Theron','VonRueden','anita.waters@example.net','1-706-713-8632','2018-08-05 10:44:17','2019-02-05 12:29:24'),(70,'Joy','Pouros','lera.brown@example.net','1-715-121-9165x35839','2012-10-16 08:14:16','2020-10-20 14:22:52'),(71,'Aubree','Kovacek','antonina49@example.net','731.885.3386x124','2018-02-16 13:27:38','2020-01-07 03:20:15'),(72,'Jamal','Cronin','jenkins.tania@example.com','464-948-7803x09178','2020-08-02 20:59:10','2021-07-16 19:51:08'),(73,'Ima','Reichert','gislason.mozell@example.com','(112)281-7467','2016-07-03 02:04:58','2021-07-16 19:51:08'),(74,'Fiona','Bogisich','trantow.myra@example.org','(389)507-5001x9385','2017-10-06 16:28:03','2021-07-16 19:51:08'),(75,'Emelia','Wilkinson','iebert@example.org','374-646-1832x825','2019-02-25 06:53:42','2020-07-07 04:18:51'),(76,'Birdie','Hammes','dickinson.katrina@example.org','+38(5)4308684611','2021-06-02 20:02:26','2021-07-16 19:51:08'),(77,'Tressie','Schulist','schneider.elenor@example.org','472-837-7937x39253','2016-03-19 09:53:41','2019-10-17 02:03:24'),(78,'Jerome','Reynolds','ola98@example.net','(882)563-9972','2019-01-31 19:52:14','2021-07-16 19:51:08'),(79,'Malvina','Swaniawski','boehm.brooks@example.net','299-044-7175','2012-09-13 08:11:26','2013-01-03 13:34:29'),(80,'Orlo','Denesik','hilll.claudie@example.com','375-188-1731','2017-01-08 05:44:46','2021-07-16 19:51:08'),(81,'Garnet','Stoltenberg','danial39@example.net','771.348.3247x85767','2012-12-03 01:06:41','2020-12-28 10:22:28'),(82,'Rosario','Dibbert','liam.okuneva@example.org','919.486.0187','2018-01-08 07:36:17','2020-03-06 05:05:04'),(83,'Tevin','Doyle','celestine.senger@example.com','034-495-2337x141','2019-09-21 18:57:59','2021-07-16 19:51:08'),(84,'Jordane','Bahringer','kaela.zemlak@example.net','(625)787-2847','2013-01-19 09:19:09','2017-03-09 12:24:58'),(85,'Earlene','Kulas','sister70@example.net','+54(6)8405553394','2016-02-08 13:25:33','2021-07-16 19:51:08'),(86,'Jovani','Dicki','wsatterfield@example.org','308-149-2634','2016-03-04 01:38:25','2021-07-16 19:51:08'),(87,'Ocie','Bradtke','elliot.keebler@example.net','09250895096','2018-12-16 05:03:47','2021-07-16 19:51:08'),(88,'Blaise','Wiza','kendrick68@example.net','1-046-110-6595','2021-04-18 02:59:23','2021-07-16 19:51:08'),(89,'Viola','Corwin','gino46@example.com','065.822.4897','2019-07-05 19:24:13','2021-07-16 19:51:08'),(90,'Dexter','Monahan','qlindgren@example.org','086-307-9642','2018-07-11 19:17:44','2021-07-16 19:51:08'),(91,'Jammie','Mosciski','lesley90@example.org','218-455-0982','2015-12-15 11:23:35','2021-07-16 19:51:08'),(92,'Tyree','Mraz','tlangworth@example.net','875-669-4085','2017-03-13 21:05:05','2020-11-15 09:40:53'),(93,'Sim','Jakubowski','nikolaus.kelsie@example.org','815-775-4756x4861','2015-07-15 06:11:33','2021-07-16 19:51:08'),(94,'Carolyne','Nader','angus97@example.net','(264)635-5028','2014-09-19 10:13:55','2021-07-16 19:51:08'),(95,'Pasquale','Stehr','susana.prosacco@example.com','085-826-3315x9695','2020-07-19 20:41:55','2021-07-16 19:51:08'),(96,'Karlee','Hintz','ramon10@example.com','161-012-0437x3187','2013-11-25 00:41:55','2016-01-13 07:02:57'),(97,'Rusty','Haag','carmelo.dickens@example.org','1-370-151-1257x297','2014-03-25 02:55:22','2021-07-16 19:51:08'),(98,'Dakota','Barton','ellen29@example.org','01626498069','2019-05-06 13:22:36','2021-07-16 19:51:08'),(99,'Bridie','Carter','welch.arvilla@example.net','(589)327-4997','2012-08-06 19:28:01','2014-01-18 17:04:08'),(100,'Broderick','Dibbert','lbrown@example.org','+31(4)7785428603','2014-03-23 17:39:20','2021-07-16 19:51:08');
/*!40000 ALTER TABLE `users` ENABLE KEYS */;
UNLOCK TABLES;
/*!40103 SET TIME_ZONE=@OLD_TIME_ZONE */;

/*!40101 SET SQL_MODE=@OLD_SQL_MODE */;
/*!40014 SET FOREIGN_KEY_CHECKS=@OLD_FOREIGN_KEY_CHECKS */;
/*!40014 SET UNIQUE_CHECKS=@OLD_UNIQUE_CHECKS */;
/*!40101 SET CHARACTER_SET_CLIENT=@OLD_CHARACTER_SET_CLIENT */;
/*!40101 SET CHARACTER_SET_RESULTS=@OLD_CHARACTER_SET_RESULTS */;
/*!40101 SET COLLATION_CONNECTION=@OLD_COLLATION_CONNECTION */;
/*!40111 SET SQL_NOTES=@OLD_SQL_NOTES */;

-- Dump completed on 2021-07-16 20:11:32
