#
# TABLE STRUCTURE FOR: cities
#

DROP TABLE IF EXISTS `cities`;

CREATE TABLE `cities` (
  `id` int(10) unsigned NOT NULL AUTO_INCREMENT,
  `name` varchar(150) COLLATE utf8mb4_unicode_ci NOT NULL,
  `country_id` int(10) unsigned DEFAULT NULL,
  PRIMARY KEY (`id`)
) ENGINE=InnoDB AUTO_INCREMENT=51 DEFAULT CHARSET=utf8mb4 COLLATE=utf8mb4_unicode_ci;

INSERT INTO `cities` (`id`, `name`, `country_id`) VALUES (1, 'aliquid', 1);
INSERT INTO `cities` (`id`, `name`, `country_id`) VALUES (2, 'alias', 2);
INSERT INTO `cities` (`id`, `name`, `country_id`) VALUES (3, 'cupiditate', 3);
INSERT INTO `cities` (`id`, `name`, `country_id`) VALUES (4, 'temporibus', 4);
INSERT INTO `cities` (`id`, `name`, `country_id`) VALUES (5, 'voluptatem', 5);
INSERT INTO `cities` (`id`, `name`, `country_id`) VALUES (6, 'sit', 6);
INSERT INTO `cities` (`id`, `name`, `country_id`) VALUES (7, 'quia', 7);
INSERT INTO `cities` (`id`, `name`, `country_id`) VALUES (8, 'aspernatur', 8);
INSERT INTO `cities` (`id`, `name`, `country_id`) VALUES (9, 'reprehenderit', 9);
INSERT INTO `cities` (`id`, `name`, `country_id`) VALUES (10, 'voluptas', 10);
INSERT INTO `cities` (`id`, `name`, `country_id`) VALUES (11, 'rerum', 11);
INSERT INTO `cities` (`id`, `name`, `country_id`) VALUES (12, 'fugiat', 12);
INSERT INTO `cities` (`id`, `name`, `country_id`) VALUES (13, 'aut', 13);
INSERT INTO `cities` (`id`, `name`, `country_id`) VALUES (14, 'dignissimos', 14);
INSERT INTO `cities` (`id`, `name`, `country_id`) VALUES (15, 'vero', 15);
INSERT INTO `cities` (`id`, `name`, `country_id`) VALUES (16, 'eos', 1);
INSERT INTO `cities` (`id`, `name`, `country_id`) VALUES (17, 'culpa', 2);
INSERT INTO `cities` (`id`, `name`, `country_id`) VALUES (18, 'sed', 3);
INSERT INTO `cities` (`id`, `name`, `country_id`) VALUES (19, 'porro', 4);
INSERT INTO `cities` (`id`, `name`, `country_id`) VALUES (20, 'fuga', 5);
INSERT INTO `cities` (`id`, `name`, `country_id`) VALUES (21, 'in', 6);
INSERT INTO `cities` (`id`, `name`, `country_id`) VALUES (22, 'sint', 7);
INSERT INTO `cities` (`id`, `name`, `country_id`) VALUES (23, 'atque', 8);
INSERT INTO `cities` (`id`, `name`, `country_id`) VALUES (24, 'est', 9);
INSERT INTO `cities` (`id`, `name`, `country_id`) VALUES (25, 'maiores', 10);
INSERT INTO `cities` (`id`, `name`, `country_id`) VALUES (26, 'aut', 11);
INSERT INTO `cities` (`id`, `name`, `country_id`) VALUES (27, 'autem', 12);
INSERT INTO `cities` (`id`, `name`, `country_id`) VALUES (28, 'molestiae', 13);
INSERT INTO `cities` (`id`, `name`, `country_id`) VALUES (29, 'maiores', 14);
INSERT INTO `cities` (`id`, `name`, `country_id`) VALUES (30, 'optio', 15);
INSERT INTO `cities` (`id`, `name`, `country_id`) VALUES (31, 'perspiciatis', 1);
INSERT INTO `cities` (`id`, `name`, `country_id`) VALUES (32, 'minima', 2);
INSERT INTO `cities` (`id`, `name`, `country_id`) VALUES (33, 'rerum', 3);
INSERT INTO `cities` (`id`, `name`, `country_id`) VALUES (34, 'est', 4);
INSERT INTO `cities` (`id`, `name`, `country_id`) VALUES (35, 'hic', 5);
INSERT INTO `cities` (`id`, `name`, `country_id`) VALUES (36, 'et', 6);
INSERT INTO `cities` (`id`, `name`, `country_id`) VALUES (37, 'in', 7);
INSERT INTO `cities` (`id`, `name`, `country_id`) VALUES (38, 'qui', 8);
INSERT INTO `cities` (`id`, `name`, `country_id`) VALUES (39, 'adipisci', 9);
INSERT INTO `cities` (`id`, `name`, `country_id`) VALUES (40, 'omnis', 10);
INSERT INTO `cities` (`id`, `name`, `country_id`) VALUES (41, 'consequatur', 11);
INSERT INTO `cities` (`id`, `name`, `country_id`) VALUES (42, 'nesciunt', 12);
INSERT INTO `cities` (`id`, `name`, `country_id`) VALUES (43, 'laudantium', 13);
INSERT INTO `cities` (`id`, `name`, `country_id`) VALUES (44, 'accusantium', 14);
INSERT INTO `cities` (`id`, `name`, `country_id`) VALUES (45, 'dolorum', 15);
INSERT INTO `cities` (`id`, `name`, `country_id`) VALUES (46, 'non', 1);
INSERT INTO `cities` (`id`, `name`, `country_id`) VALUES (47, 'dolorum', 2);
INSERT INTO `cities` (`id`, `name`, `country_id`) VALUES (48, 'a', 3);
INSERT INTO `cities` (`id`, `name`, `country_id`) VALUES (49, 'aut', 4);
INSERT INTO `cities` (`id`, `name`, `country_id`) VALUES (50, 'tempore', 5);


#
# TABLE STRUCTURE FOR: communities
#

DROP TABLE IF EXISTS `communities`;

CREATE TABLE `communities` (
  `id` int(10) unsigned NOT NULL AUTO_INCREMENT COMMENT 'Идентификатор сроки',
  `name` varchar(150) COLLATE utf8mb4_unicode_ci NOT NULL COMMENT 'Название группы',
  `created_at` datetime DEFAULT current_timestamp() COMMENT 'Время создания строки',
  `updated_at` datetime DEFAULT current_timestamp() ON UPDATE current_timestamp() COMMENT 'Время обновления строки',
  PRIMARY KEY (`id`),
  UNIQUE KEY `name` (`name`)
) ENGINE=InnoDB AUTO_INCREMENT=41 DEFAULT CHARSET=utf8mb4 COLLATE=utf8mb4_unicode_ci COMMENT='Группы';

INSERT INTO `communities` (`id`, `name`, `created_at`, `updated_at`) VALUES (1, 'ipsa', '2016-12-16 22:35:43', '2020-05-16 15:31:15');
INSERT INTO `communities` (`id`, `name`, `created_at`, `updated_at`) VALUES (2, 'sint', '2018-09-22 10:44:31', '2012-11-10 03:50:18');
INSERT INTO `communities` (`id`, `name`, `created_at`, `updated_at`) VALUES (3, 'consequatur', '2016-05-04 08:41:59', '2012-11-07 13:14:56');
INSERT INTO `communities` (`id`, `name`, `created_at`, `updated_at`) VALUES (4, 'repudiandae', '2014-03-29 11:28:42', '2012-04-05 20:26:24');
INSERT INTO `communities` (`id`, `name`, `created_at`, `updated_at`) VALUES (5, 'eum', '2019-05-27 06:30:42', '2019-02-08 16:20:45');
INSERT INTO `communities` (`id`, `name`, `created_at`, `updated_at`) VALUES (6, 'repellat', '2020-06-22 22:09:12', '2014-12-23 23:39:38');
INSERT INTO `communities` (`id`, `name`, `created_at`, `updated_at`) VALUES (7, 'deleniti', '2016-01-05 03:56:20', '2017-08-10 10:14:04');
INSERT INTO `communities` (`id`, `name`, `created_at`, `updated_at`) VALUES (8, 'et', '2018-10-23 16:50:50', '2013-08-06 20:02:56');
INSERT INTO `communities` (`id`, `name`, `created_at`, `updated_at`) VALUES (9, 'quidem', '2013-06-13 17:59:33', '2013-12-24 21:07:45');
INSERT INTO `communities` (`id`, `name`, `created_at`, `updated_at`) VALUES (10, 'quod', '2013-02-17 10:21:50', '2018-11-24 21:36:52');
INSERT INTO `communities` (`id`, `name`, `created_at`, `updated_at`) VALUES (11, 'temporibus', '2018-05-14 10:42:33', '2013-02-22 02:57:43');
INSERT INTO `communities` (`id`, `name`, `created_at`, `updated_at`) VALUES (12, 'repellendus', '2014-03-12 20:25:11', '2012-06-08 05:56:08');
INSERT INTO `communities` (`id`, `name`, `created_at`, `updated_at`) VALUES (13, 'nihil', '2015-09-14 10:09:15', '2018-08-17 05:38:48');
INSERT INTO `communities` (`id`, `name`, `created_at`, `updated_at`) VALUES (14, 'ea', '2011-09-22 15:13:39', '2014-04-09 16:57:48');
INSERT INTO `communities` (`id`, `name`, `created_at`, `updated_at`) VALUES (15, 'deserunt', '2018-06-28 11:50:55', '2015-05-13 15:38:33');
INSERT INTO `communities` (`id`, `name`, `created_at`, `updated_at`) VALUES (16, 'pariatur', '2016-10-06 18:27:23', '2016-05-12 06:12:09');
INSERT INTO `communities` (`id`, `name`, `created_at`, `updated_at`) VALUES (17, 'maxime', '2012-10-23 05:54:13', '2015-06-14 00:40:06');
INSERT INTO `communities` (`id`, `name`, `created_at`, `updated_at`) VALUES (18, 'odit', '2012-05-14 00:11:41', '2014-10-19 17:54:09');
INSERT INTO `communities` (`id`, `name`, `created_at`, `updated_at`) VALUES (19, 'magnam', '2013-09-23 18:15:12', '2012-09-04 06:29:31');
INSERT INTO `communities` (`id`, `name`, `created_at`, `updated_at`) VALUES (20, 'ratione', '2016-01-27 12:51:29', '2018-05-31 22:46:28');
INSERT INTO `communities` (`id`, `name`, `created_at`, `updated_at`) VALUES (21, 'quibusdam', '2015-10-16 05:36:11', '2017-03-01 01:42:42');
INSERT INTO `communities` (`id`, `name`, `created_at`, `updated_at`) VALUES (22, 'sapiente', '2020-08-20 02:51:35', '2011-07-18 03:09:45');
INSERT INTO `communities` (`id`, `name`, `created_at`, `updated_at`) VALUES (23, 'suscipit', '2018-07-05 20:36:46', '2013-06-22 03:30:48');
INSERT INTO `communities` (`id`, `name`, `created_at`, `updated_at`) VALUES (24, 'aliquam', '2017-09-19 20:05:45', '2015-09-10 22:16:53');
INSERT INTO `communities` (`id`, `name`, `created_at`, `updated_at`) VALUES (25, 'reprehenderit', '2018-04-16 15:22:45', '2014-07-26 23:23:58');
INSERT INTO `communities` (`id`, `name`, `created_at`, `updated_at`) VALUES (26, 'qui', '2015-11-08 20:08:38', '2018-01-30 09:10:56');
INSERT INTO `communities` (`id`, `name`, `created_at`, `updated_at`) VALUES (27, 'voluptas', '2018-10-14 21:38:31', '2016-03-24 22:02:28');
INSERT INTO `communities` (`id`, `name`, `created_at`, `updated_at`) VALUES (28, 'est', '2013-07-03 23:59:25', '2021-03-06 22:43:19');
INSERT INTO `communities` (`id`, `name`, `created_at`, `updated_at`) VALUES (29, 'quam', '2015-04-24 23:59:34', '2015-02-02 16:51:01');
INSERT INTO `communities` (`id`, `name`, `created_at`, `updated_at`) VALUES (30, 'iure', '2018-07-20 12:12:48', '2020-03-23 06:53:29');
INSERT INTO `communities` (`id`, `name`, `created_at`, `updated_at`) VALUES (31, 'molestias', '2018-05-31 23:30:35', '2020-04-14 12:48:13');
INSERT INTO `communities` (`id`, `name`, `created_at`, `updated_at`) VALUES (32, 'provident', '2013-12-24 22:42:58', '2020-09-25 21:43:13');
INSERT INTO `communities` (`id`, `name`, `created_at`, `updated_at`) VALUES (33, 'ut', '2016-09-11 02:06:33', '2020-07-03 05:44:26');
INSERT INTO `communities` (`id`, `name`, `created_at`, `updated_at`) VALUES (34, 'quaerat', '2014-03-20 07:52:27', '2013-04-21 17:31:48');
INSERT INTO `communities` (`id`, `name`, `created_at`, `updated_at`) VALUES (35, 'omnis', '2016-01-26 01:49:33', '2020-04-28 04:01:56');
INSERT INTO `communities` (`id`, `name`, `created_at`, `updated_at`) VALUES (36, 'nesciunt', '2017-12-04 05:47:29', '2018-11-01 00:46:43');
INSERT INTO `communities` (`id`, `name`, `created_at`, `updated_at`) VALUES (37, 'dolore', '2017-03-25 10:05:13', '2017-05-14 18:07:41');
INSERT INTO `communities` (`id`, `name`, `created_at`, `updated_at`) VALUES (38, 'explicabo', '2020-09-29 07:16:50', '2018-06-24 11:24:25');
INSERT INTO `communities` (`id`, `name`, `created_at`, `updated_at`) VALUES (39, 'aspernatur', '2011-10-22 04:48:19', '2013-01-23 19:11:22');
INSERT INTO `communities` (`id`, `name`, `created_at`, `updated_at`) VALUES (40, 'earum', '2020-04-18 11:22:57', '2018-04-28 21:56:29');


#
# TABLE STRUCTURE FOR: communities_users
#

DROP TABLE IF EXISTS `communities_users`;

CREATE TABLE `communities_users` (
  `community_id` int(10) unsigned NOT NULL COMMENT 'Ссылка на группу',
  `user_id` int(10) unsigned NOT NULL COMMENT 'Ссылка на пользователя',
  `created_at` datetime DEFAULT current_timestamp() COMMENT 'Время создания строки',
  PRIMARY KEY (`community_id`,`user_id`) COMMENT 'Составной первичный ключ'
) ENGINE=InnoDB DEFAULT CHARSET=utf8mb4 COLLATE=utf8mb4_unicode_ci COMMENT='Участники групп, связь между пользователями и группами';

INSERT INTO `communities_users` (`community_id`, `user_id`, `created_at`) VALUES (1, 1, '2016-06-19 14:32:20');
INSERT INTO `communities_users` (`community_id`, `user_id`, `created_at`) VALUES (1, 21, '2016-02-04 10:41:03');
INSERT INTO `communities_users` (`community_id`, `user_id`, `created_at`) VALUES (1, 41, '2011-12-20 06:20:55');
INSERT INTO `communities_users` (`community_id`, `user_id`, `created_at`) VALUES (1, 81, '2017-10-27 05:48:09');
INSERT INTO `communities_users` (`community_id`, `user_id`, `created_at`) VALUES (2, 2, '2019-03-19 08:47:05');
INSERT INTO `communities_users` (`community_id`, `user_id`, `created_at`) VALUES (2, 22, '2012-12-15 09:10:04');
INSERT INTO `communities_users` (`community_id`, `user_id`, `created_at`) VALUES (2, 42, '2019-11-04 04:24:40');
INSERT INTO `communities_users` (`community_id`, `user_id`, `created_at`) VALUES (2, 82, '2019-01-14 12:05:01');
INSERT INTO `communities_users` (`community_id`, `user_id`, `created_at`) VALUES (3, 3, '2020-09-12 10:33:53');
INSERT INTO `communities_users` (`community_id`, `user_id`, `created_at`) VALUES (3, 23, '2021-06-13 12:36:25');
INSERT INTO `communities_users` (`community_id`, `user_id`, `created_at`) VALUES (3, 43, '2018-11-24 02:46:49');
INSERT INTO `communities_users` (`community_id`, `user_id`, `created_at`) VALUES (3, 83, '2014-07-06 16:50:54');
INSERT INTO `communities_users` (`community_id`, `user_id`, `created_at`) VALUES (4, 4, '2020-11-07 02:33:12');
INSERT INTO `communities_users` (`community_id`, `user_id`, `created_at`) VALUES (4, 24, '2018-10-06 02:42:24');
INSERT INTO `communities_users` (`community_id`, `user_id`, `created_at`) VALUES (4, 44, '2020-07-19 08:21:43');
INSERT INTO `communities_users` (`community_id`, `user_id`, `created_at`) VALUES (4, 84, '2018-11-07 17:04:03');
INSERT INTO `communities_users` (`community_id`, `user_id`, `created_at`) VALUES (5, 5, '2012-04-12 11:49:59');
INSERT INTO `communities_users` (`community_id`, `user_id`, `created_at`) VALUES (5, 25, '2011-12-11 01:10:23');
INSERT INTO `communities_users` (`community_id`, `user_id`, `created_at`) VALUES (5, 45, '2019-11-20 20:33:20');
INSERT INTO `communities_users` (`community_id`, `user_id`, `created_at`) VALUES (5, 85, '2018-08-20 14:52:26');
INSERT INTO `communities_users` (`community_id`, `user_id`, `created_at`) VALUES (6, 6, '2019-02-21 23:04:21');
INSERT INTO `communities_users` (`community_id`, `user_id`, `created_at`) VALUES (6, 26, '2012-05-04 00:27:20');
INSERT INTO `communities_users` (`community_id`, `user_id`, `created_at`) VALUES (6, 46, '2014-03-26 19:48:56');
INSERT INTO `communities_users` (`community_id`, `user_id`, `created_at`) VALUES (6, 86, '2021-03-06 16:08:29');
INSERT INTO `communities_users` (`community_id`, `user_id`, `created_at`) VALUES (7, 7, '2015-11-04 03:22:25');
INSERT INTO `communities_users` (`community_id`, `user_id`, `created_at`) VALUES (7, 27, '2012-06-15 22:16:26');
INSERT INTO `communities_users` (`community_id`, `user_id`, `created_at`) VALUES (7, 47, '2015-04-22 01:10:20');
INSERT INTO `communities_users` (`community_id`, `user_id`, `created_at`) VALUES (7, 87, '2016-06-05 20:18:36');
INSERT INTO `communities_users` (`community_id`, `user_id`, `created_at`) VALUES (8, 8, '2016-07-28 06:29:09');
INSERT INTO `communities_users` (`community_id`, `user_id`, `created_at`) VALUES (8, 28, '2014-11-13 18:50:58');
INSERT INTO `communities_users` (`community_id`, `user_id`, `created_at`) VALUES (8, 48, '2021-02-28 04:16:49');
INSERT INTO `communities_users` (`community_id`, `user_id`, `created_at`) VALUES (8, 88, '2016-10-21 10:55:07');
INSERT INTO `communities_users` (`community_id`, `user_id`, `created_at`) VALUES (9, 9, '2013-07-14 20:59:36');
INSERT INTO `communities_users` (`community_id`, `user_id`, `created_at`) VALUES (9, 29, '2013-03-21 03:33:58');
INSERT INTO `communities_users` (`community_id`, `user_id`, `created_at`) VALUES (9, 49, '2013-02-24 14:51:09');
INSERT INTO `communities_users` (`community_id`, `user_id`, `created_at`) VALUES (9, 89, '2012-01-02 17:12:21');
INSERT INTO `communities_users` (`community_id`, `user_id`, `created_at`) VALUES (10, 10, '2016-10-19 09:56:29');
INSERT INTO `communities_users` (`community_id`, `user_id`, `created_at`) VALUES (10, 30, '2019-12-31 04:41:42');
INSERT INTO `communities_users` (`community_id`, `user_id`, `created_at`) VALUES (10, 50, '2012-11-03 16:23:55');
INSERT INTO `communities_users` (`community_id`, `user_id`, `created_at`) VALUES (10, 90, '2018-09-19 19:10:10');
INSERT INTO `communities_users` (`community_id`, `user_id`, `created_at`) VALUES (11, 11, '2014-07-09 05:10:27');
INSERT INTO `communities_users` (`community_id`, `user_id`, `created_at`) VALUES (11, 31, '2013-12-10 15:09:36');
INSERT INTO `communities_users` (`community_id`, `user_id`, `created_at`) VALUES (11, 51, '2012-01-14 21:45:28');
INSERT INTO `communities_users` (`community_id`, `user_id`, `created_at`) VALUES (11, 91, '2015-05-14 14:06:13');
INSERT INTO `communities_users` (`community_id`, `user_id`, `created_at`) VALUES (12, 12, '2018-06-26 03:47:02');
INSERT INTO `communities_users` (`community_id`, `user_id`, `created_at`) VALUES (12, 32, '2015-06-05 11:24:32');
INSERT INTO `communities_users` (`community_id`, `user_id`, `created_at`) VALUES (12, 52, '2012-04-13 21:58:35');
INSERT INTO `communities_users` (`community_id`, `user_id`, `created_at`) VALUES (12, 92, '2018-05-02 00:14:26');
INSERT INTO `communities_users` (`community_id`, `user_id`, `created_at`) VALUES (13, 13, '2019-12-22 13:08:31');
INSERT INTO `communities_users` (`community_id`, `user_id`, `created_at`) VALUES (13, 33, '2019-02-10 05:25:30');
INSERT INTO `communities_users` (`community_id`, `user_id`, `created_at`) VALUES (13, 53, '2013-07-26 05:56:25');
INSERT INTO `communities_users` (`community_id`, `user_id`, `created_at`) VALUES (13, 93, '2018-06-19 04:37:57');
INSERT INTO `communities_users` (`community_id`, `user_id`, `created_at`) VALUES (14, 14, '2020-06-08 17:04:20');
INSERT INTO `communities_users` (`community_id`, `user_id`, `created_at`) VALUES (14, 34, '2021-03-30 12:25:58');
INSERT INTO `communities_users` (`community_id`, `user_id`, `created_at`) VALUES (14, 54, '2013-07-03 00:10:37');
INSERT INTO `communities_users` (`community_id`, `user_id`, `created_at`) VALUES (14, 94, '2021-05-29 07:09:51');
INSERT INTO `communities_users` (`community_id`, `user_id`, `created_at`) VALUES (15, 15, '2012-07-06 05:19:32');
INSERT INTO `communities_users` (`community_id`, `user_id`, `created_at`) VALUES (15, 35, '2016-09-29 09:35:44');
INSERT INTO `communities_users` (`community_id`, `user_id`, `created_at`) VALUES (15, 55, '2016-10-22 18:37:00');
INSERT INTO `communities_users` (`community_id`, `user_id`, `created_at`) VALUES (15, 95, '2016-03-15 23:44:18');
INSERT INTO `communities_users` (`community_id`, `user_id`, `created_at`) VALUES (16, 16, '2014-05-23 21:54:55');
INSERT INTO `communities_users` (`community_id`, `user_id`, `created_at`) VALUES (16, 36, '2013-11-27 17:11:47');
INSERT INTO `communities_users` (`community_id`, `user_id`, `created_at`) VALUES (16, 56, '2020-03-21 16:19:12');
INSERT INTO `communities_users` (`community_id`, `user_id`, `created_at`) VALUES (16, 96, '2021-02-24 21:18:27');
INSERT INTO `communities_users` (`community_id`, `user_id`, `created_at`) VALUES (17, 17, '2019-04-10 15:49:54');
INSERT INTO `communities_users` (`community_id`, `user_id`, `created_at`) VALUES (17, 37, '2012-05-17 21:34:50');
INSERT INTO `communities_users` (`community_id`, `user_id`, `created_at`) VALUES (17, 57, '2018-03-18 07:15:03');
INSERT INTO `communities_users` (`community_id`, `user_id`, `created_at`) VALUES (17, 97, '2012-08-01 19:25:11');
INSERT INTO `communities_users` (`community_id`, `user_id`, `created_at`) VALUES (18, 18, '2020-04-05 14:17:43');
INSERT INTO `communities_users` (`community_id`, `user_id`, `created_at`) VALUES (18, 38, '2017-04-02 10:23:09');
INSERT INTO `communities_users` (`community_id`, `user_id`, `created_at`) VALUES (18, 58, '2013-06-06 20:41:33');
INSERT INTO `communities_users` (`community_id`, `user_id`, `created_at`) VALUES (18, 98, '2015-10-02 04:58:11');
INSERT INTO `communities_users` (`community_id`, `user_id`, `created_at`) VALUES (19, 19, '2019-08-31 01:10:15');
INSERT INTO `communities_users` (`community_id`, `user_id`, `created_at`) VALUES (19, 39, '2012-09-17 13:52:57');
INSERT INTO `communities_users` (`community_id`, `user_id`, `created_at`) VALUES (19, 59, '2016-01-09 13:03:01');
INSERT INTO `communities_users` (`community_id`, `user_id`, `created_at`) VALUES (19, 99, '2013-06-30 12:17:20');
INSERT INTO `communities_users` (`community_id`, `user_id`, `created_at`) VALUES (20, 20, '2014-05-04 10:14:37');
INSERT INTO `communities_users` (`community_id`, `user_id`, `created_at`) VALUES (20, 40, '2012-01-10 02:19:33');
INSERT INTO `communities_users` (`community_id`, `user_id`, `created_at`) VALUES (20, 60, '2015-01-11 15:42:27');
INSERT INTO `communities_users` (`community_id`, `user_id`, `created_at`) VALUES (20, 100, '2016-05-30 23:49:58');
INSERT INTO `communities_users` (`community_id`, `user_id`, `created_at`) VALUES (21, 1, '2013-01-13 23:21:51');
INSERT INTO `communities_users` (`community_id`, `user_id`, `created_at`) VALUES (21, 21, '2016-11-11 00:29:10');
INSERT INTO `communities_users` (`community_id`, `user_id`, `created_at`) VALUES (21, 41, '2014-05-19 19:39:20');
INSERT INTO `communities_users` (`community_id`, `user_id`, `created_at`) VALUES (21, 61, '2020-11-14 19:10:15');
INSERT INTO `communities_users` (`community_id`, `user_id`, `created_at`) VALUES (22, 2, '2011-08-03 23:43:25');
INSERT INTO `communities_users` (`community_id`, `user_id`, `created_at`) VALUES (22, 22, '2020-07-13 12:10:53');
INSERT INTO `communities_users` (`community_id`, `user_id`, `created_at`) VALUES (22, 42, '2020-07-22 18:06:49');
INSERT INTO `communities_users` (`community_id`, `user_id`, `created_at`) VALUES (22, 62, '2019-03-15 08:10:24');
INSERT INTO `communities_users` (`community_id`, `user_id`, `created_at`) VALUES (23, 3, '2014-04-02 12:56:04');
INSERT INTO `communities_users` (`community_id`, `user_id`, `created_at`) VALUES (23, 23, '2014-07-01 17:32:31');
INSERT INTO `communities_users` (`community_id`, `user_id`, `created_at`) VALUES (23, 43, '2020-01-13 01:14:18');
INSERT INTO `communities_users` (`community_id`, `user_id`, `created_at`) VALUES (23, 63, '2020-06-03 03:32:46');
INSERT INTO `communities_users` (`community_id`, `user_id`, `created_at`) VALUES (24, 4, '2018-12-19 04:09:19');
INSERT INTO `communities_users` (`community_id`, `user_id`, `created_at`) VALUES (24, 24, '2021-02-07 19:17:40');
INSERT INTO `communities_users` (`community_id`, `user_id`, `created_at`) VALUES (24, 44, '2016-11-05 14:04:31');
INSERT INTO `communities_users` (`community_id`, `user_id`, `created_at`) VALUES (24, 64, '2014-11-26 04:27:02');
INSERT INTO `communities_users` (`community_id`, `user_id`, `created_at`) VALUES (25, 5, '2013-09-01 10:48:34');
INSERT INTO `communities_users` (`community_id`, `user_id`, `created_at`) VALUES (25, 25, '2016-08-23 14:12:07');
INSERT INTO `communities_users` (`community_id`, `user_id`, `created_at`) VALUES (25, 45, '2014-11-22 21:20:49');
INSERT INTO `communities_users` (`community_id`, `user_id`, `created_at`) VALUES (25, 65, '2013-02-10 19:11:51');
INSERT INTO `communities_users` (`community_id`, `user_id`, `created_at`) VALUES (26, 6, '2012-11-18 21:54:19');
INSERT INTO `communities_users` (`community_id`, `user_id`, `created_at`) VALUES (26, 26, '2016-11-20 12:02:00');
INSERT INTO `communities_users` (`community_id`, `user_id`, `created_at`) VALUES (26, 46, '2021-05-18 16:03:48');
INSERT INTO `communities_users` (`community_id`, `user_id`, `created_at`) VALUES (26, 66, '2015-11-11 00:34:33');
INSERT INTO `communities_users` (`community_id`, `user_id`, `created_at`) VALUES (27, 7, '2015-10-31 10:27:00');
INSERT INTO `communities_users` (`community_id`, `user_id`, `created_at`) VALUES (27, 27, '2020-09-26 07:56:39');
INSERT INTO `communities_users` (`community_id`, `user_id`, `created_at`) VALUES (27, 47, '2014-09-28 20:59:08');
INSERT INTO `communities_users` (`community_id`, `user_id`, `created_at`) VALUES (27, 67, '2021-04-30 19:09:11');
INSERT INTO `communities_users` (`community_id`, `user_id`, `created_at`) VALUES (28, 8, '2015-07-06 18:11:16');
INSERT INTO `communities_users` (`community_id`, `user_id`, `created_at`) VALUES (28, 28, '2013-01-31 17:17:43');
INSERT INTO `communities_users` (`community_id`, `user_id`, `created_at`) VALUES (28, 48, '2011-07-26 23:15:38');
INSERT INTO `communities_users` (`community_id`, `user_id`, `created_at`) VALUES (28, 68, '2019-05-30 05:42:50');
INSERT INTO `communities_users` (`community_id`, `user_id`, `created_at`) VALUES (29, 9, '2017-08-12 21:49:25');
INSERT INTO `communities_users` (`community_id`, `user_id`, `created_at`) VALUES (29, 29, '2015-12-21 23:58:42');
INSERT INTO `communities_users` (`community_id`, `user_id`, `created_at`) VALUES (29, 49, '2014-04-09 21:00:55');
INSERT INTO `communities_users` (`community_id`, `user_id`, `created_at`) VALUES (29, 69, '2013-04-09 20:28:20');
INSERT INTO `communities_users` (`community_id`, `user_id`, `created_at`) VALUES (30, 10, '2013-05-06 23:30:51');
INSERT INTO `communities_users` (`community_id`, `user_id`, `created_at`) VALUES (30, 30, '2017-04-23 05:27:57');
INSERT INTO `communities_users` (`community_id`, `user_id`, `created_at`) VALUES (30, 50, '2018-05-30 17:10:48');
INSERT INTO `communities_users` (`community_id`, `user_id`, `created_at`) VALUES (30, 70, '2019-05-11 01:51:02');
INSERT INTO `communities_users` (`community_id`, `user_id`, `created_at`) VALUES (31, 11, '2021-04-09 11:06:57');
INSERT INTO `communities_users` (`community_id`, `user_id`, `created_at`) VALUES (31, 31, '2012-08-01 02:43:03');
INSERT INTO `communities_users` (`community_id`, `user_id`, `created_at`) VALUES (31, 71, '2017-05-02 16:04:03');
INSERT INTO `communities_users` (`community_id`, `user_id`, `created_at`) VALUES (32, 12, '2019-11-12 08:45:48');
INSERT INTO `communities_users` (`community_id`, `user_id`, `created_at`) VALUES (32, 32, '2015-09-19 00:09:16');
INSERT INTO `communities_users` (`community_id`, `user_id`, `created_at`) VALUES (32, 72, '2013-07-12 10:16:21');
INSERT INTO `communities_users` (`community_id`, `user_id`, `created_at`) VALUES (33, 13, '2016-08-24 23:48:02');
INSERT INTO `communities_users` (`community_id`, `user_id`, `created_at`) VALUES (33, 33, '2015-09-14 09:08:11');
INSERT INTO `communities_users` (`community_id`, `user_id`, `created_at`) VALUES (33, 73, '2017-04-20 18:56:36');
INSERT INTO `communities_users` (`community_id`, `user_id`, `created_at`) VALUES (34, 14, '2016-10-07 09:35:56');
INSERT INTO `communities_users` (`community_id`, `user_id`, `created_at`) VALUES (34, 34, '2015-01-20 17:24:12');
INSERT INTO `communities_users` (`community_id`, `user_id`, `created_at`) VALUES (34, 74, '2012-02-07 08:56:26');
INSERT INTO `communities_users` (`community_id`, `user_id`, `created_at`) VALUES (35, 15, '2014-11-09 22:12:50');
INSERT INTO `communities_users` (`community_id`, `user_id`, `created_at`) VALUES (35, 35, '2015-06-10 11:03:35');
INSERT INTO `communities_users` (`community_id`, `user_id`, `created_at`) VALUES (35, 75, '2014-05-24 00:39:56');
INSERT INTO `communities_users` (`community_id`, `user_id`, `created_at`) VALUES (36, 16, '2019-02-23 16:05:08');
INSERT INTO `communities_users` (`community_id`, `user_id`, `created_at`) VALUES (36, 36, '2018-08-23 22:06:24');
INSERT INTO `communities_users` (`community_id`, `user_id`, `created_at`) VALUES (36, 76, '2020-05-22 18:43:43');
INSERT INTO `communities_users` (`community_id`, `user_id`, `created_at`) VALUES (37, 17, '2017-08-02 09:56:26');
INSERT INTO `communities_users` (`community_id`, `user_id`, `created_at`) VALUES (37, 37, '2016-07-08 21:08:54');
INSERT INTO `communities_users` (`community_id`, `user_id`, `created_at`) VALUES (37, 77, '2018-06-18 22:52:43');
INSERT INTO `communities_users` (`community_id`, `user_id`, `created_at`) VALUES (38, 18, '2020-09-06 01:56:07');
INSERT INTO `communities_users` (`community_id`, `user_id`, `created_at`) VALUES (38, 38, '2020-03-05 22:00:33');
INSERT INTO `communities_users` (`community_id`, `user_id`, `created_at`) VALUES (38, 78, '2012-01-26 19:55:40');
INSERT INTO `communities_users` (`community_id`, `user_id`, `created_at`) VALUES (39, 19, '2014-04-12 16:04:20');
INSERT INTO `communities_users` (`community_id`, `user_id`, `created_at`) VALUES (39, 39, '2016-08-27 09:33:04');
INSERT INTO `communities_users` (`community_id`, `user_id`, `created_at`) VALUES (39, 79, '2020-09-28 01:22:52');
INSERT INTO `communities_users` (`community_id`, `user_id`, `created_at`) VALUES (40, 20, '2015-04-24 03:39:30');
INSERT INTO `communities_users` (`community_id`, `user_id`, `created_at`) VALUES (40, 40, '2015-07-16 00:33:35');
INSERT INTO `communities_users` (`community_id`, `user_id`, `created_at`) VALUES (40, 80, '2011-10-05 18:24:35');


#
# TABLE STRUCTURE FOR: countries
#

DROP TABLE IF EXISTS `countries`;

CREATE TABLE `countries` (
  `id` int(10) unsigned NOT NULL AUTO_INCREMENT,
  `name` varchar(150) COLLATE utf8mb4_unicode_ci NOT NULL,
  PRIMARY KEY (`id`)
) ENGINE=InnoDB AUTO_INCREMENT=16 DEFAULT CHARSET=utf8mb4 COLLATE=utf8mb4_unicode_ci;

INSERT INTO `countries` (`id`, `name`) VALUES (1, 'eos');
INSERT INTO `countries` (`id`, `name`) VALUES (2, 'molestiae');
INSERT INTO `countries` (`id`, `name`) VALUES (3, 'quia');
INSERT INTO `countries` (`id`, `name`) VALUES (4, 'nobis');
INSERT INTO `countries` (`id`, `name`) VALUES (5, 'ducimus');
INSERT INTO `countries` (`id`, `name`) VALUES (6, 'autem');
INSERT INTO `countries` (`id`, `name`) VALUES (7, 'omnis');
INSERT INTO `countries` (`id`, `name`) VALUES (8, 'hic');
INSERT INTO `countries` (`id`, `name`) VALUES (9, 'placeat');
INSERT INTO `countries` (`id`, `name`) VALUES (10, 'magni');
INSERT INTO `countries` (`id`, `name`) VALUES (11, 'nulla');
INSERT INTO `countries` (`id`, `name`) VALUES (12, 'quos');
INSERT INTO `countries` (`id`, `name`) VALUES (13, 'ut');
INSERT INTO `countries` (`id`, `name`) VALUES (14, 'ea');
INSERT INTO `countries` (`id`, `name`) VALUES (15, 'exercitationem');


#
# TABLE STRUCTURE FOR: friendship
#

DROP TABLE IF EXISTS `friendship`;

CREATE TABLE `friendship` (
  `user_id` int(10) unsigned NOT NULL COMMENT 'Ссылка на инициатора дружеских отношений',
  `friend_id` int(10) unsigned NOT NULL COMMENT 'Ссылка на получателя приглашения дружить',
  `friendship_status_id` int(10) unsigned NOT NULL COMMENT 'Ссылка на статус (текущее состояние) отношений',
  `confirmed_at` datetime DEFAULT NULL COMMENT 'Время подтверждения приглашения',
  `created_at` datetime DEFAULT current_timestamp() COMMENT 'Время создания строки',
  `updated_at` datetime DEFAULT current_timestamp() ON UPDATE current_timestamp() COMMENT 'Время обновления строки',
  PRIMARY KEY (`user_id`,`friend_id`) COMMENT 'Составной первичный ключ'
) ENGINE=InnoDB DEFAULT CHARSET=utf8mb4 COLLATE=utf8mb4_unicode_ci COMMENT='Таблица дружбы';

INSERT INTO `friendship` (`user_id`, `friend_id`, `friendship_status_id`, `confirmed_at`, `created_at`, `updated_at`) VALUES (1, 1, 1, '2013-05-13 02:38:27', '2016-02-19 01:37:31', '2014-02-09 14:36:22');
INSERT INTO `friendship` (`user_id`, `friend_id`, `friendship_status_id`, `confirmed_at`, `created_at`, `updated_at`) VALUES (2, 2, 2, '2012-06-01 08:58:39', '2019-01-12 14:58:31', '2018-05-09 20:38:43');
INSERT INTO `friendship` (`user_id`, `friend_id`, `friendship_status_id`, `confirmed_at`, `created_at`, `updated_at`) VALUES (3, 3, 3, '2015-02-18 01:40:29', '2012-09-26 04:05:12', '2020-07-09 06:22:13');
INSERT INTO `friendship` (`user_id`, `friend_id`, `friendship_status_id`, `confirmed_at`, `created_at`, `updated_at`) VALUES (4, 4, 4, '2011-12-10 18:29:22', '2012-01-27 02:22:15', '2020-12-08 20:00:24');
INSERT INTO `friendship` (`user_id`, `friend_id`, `friendship_status_id`, `confirmed_at`, `created_at`, `updated_at`) VALUES (5, 5, 5, '2012-05-06 19:57:04', '2014-01-16 04:09:28', '2017-04-25 04:50:08');
INSERT INTO `friendship` (`user_id`, `friend_id`, `friendship_status_id`, `confirmed_at`, `created_at`, `updated_at`) VALUES (6, 6, 1, '2016-10-14 00:42:26', '2019-06-29 17:08:21', '2020-07-18 19:39:04');
INSERT INTO `friendship` (`user_id`, `friend_id`, `friendship_status_id`, `confirmed_at`, `created_at`, `updated_at`) VALUES (7, 7, 2, '2020-03-08 20:42:26', '2019-05-14 19:48:18', '2014-03-13 06:08:54');
INSERT INTO `friendship` (`user_id`, `friend_id`, `friendship_status_id`, `confirmed_at`, `created_at`, `updated_at`) VALUES (8, 8, 3, '2020-09-21 12:15:52', '2017-03-06 16:16:22', '2013-02-15 01:18:46');
INSERT INTO `friendship` (`user_id`, `friend_id`, `friendship_status_id`, `confirmed_at`, `created_at`, `updated_at`) VALUES (9, 9, 4, '2016-04-11 20:37:26', '2020-10-10 05:14:14', '2015-06-12 23:21:54');
INSERT INTO `friendship` (`user_id`, `friend_id`, `friendship_status_id`, `confirmed_at`, `created_at`, `updated_at`) VALUES (10, 10, 5, '2018-03-08 20:27:17', '2012-06-09 17:18:10', '2013-06-15 17:27:32');
INSERT INTO `friendship` (`user_id`, `friend_id`, `friendship_status_id`, `confirmed_at`, `created_at`, `updated_at`) VALUES (11, 11, 1, '2016-03-31 07:34:31', '2015-06-25 00:49:49', '2012-10-02 15:43:09');
INSERT INTO `friendship` (`user_id`, `friend_id`, `friendship_status_id`, `confirmed_at`, `created_at`, `updated_at`) VALUES (12, 12, 2, '2012-07-21 06:15:35', '2011-08-22 11:52:29', '2013-04-04 03:35:45');
INSERT INTO `friendship` (`user_id`, `friend_id`, `friendship_status_id`, `confirmed_at`, `created_at`, `updated_at`) VALUES (13, 13, 3, '2013-04-04 23:10:44', '2013-06-07 21:18:05', '2012-08-04 23:36:40');
INSERT INTO `friendship` (`user_id`, `friend_id`, `friendship_status_id`, `confirmed_at`, `created_at`, `updated_at`) VALUES (14, 14, 4, '2020-10-25 08:29:14', '2012-06-30 16:48:41', '2015-09-05 12:13:34');
INSERT INTO `friendship` (`user_id`, `friend_id`, `friendship_status_id`, `confirmed_at`, `created_at`, `updated_at`) VALUES (15, 15, 5, '2020-03-07 16:00:43', '2013-07-12 16:44:54', '2019-02-07 06:20:16');
INSERT INTO `friendship` (`user_id`, `friend_id`, `friendship_status_id`, `confirmed_at`, `created_at`, `updated_at`) VALUES (16, 16, 1, '2018-06-03 17:48:00', '2013-12-26 07:35:36', '2016-12-21 06:31:14');
INSERT INTO `friendship` (`user_id`, `friend_id`, `friendship_status_id`, `confirmed_at`, `created_at`, `updated_at`) VALUES (17, 17, 2, '2017-03-13 19:33:30', '2017-09-09 17:24:10', '2015-10-17 10:40:14');
INSERT INTO `friendship` (`user_id`, `friend_id`, `friendship_status_id`, `confirmed_at`, `created_at`, `updated_at`) VALUES (18, 18, 3, '2020-06-16 22:14:49', '2019-12-21 08:32:53', '2018-10-10 18:58:06');
INSERT INTO `friendship` (`user_id`, `friend_id`, `friendship_status_id`, `confirmed_at`, `created_at`, `updated_at`) VALUES (19, 19, 4, '2016-03-26 23:04:33', '2019-05-28 21:37:13', '2015-09-09 23:07:28');
INSERT INTO `friendship` (`user_id`, `friend_id`, `friendship_status_id`, `confirmed_at`, `created_at`, `updated_at`) VALUES (20, 20, 5, '2016-11-04 11:44:51', '2019-07-30 02:20:01', '2017-06-11 05:35:01');
INSERT INTO `friendship` (`user_id`, `friend_id`, `friendship_status_id`, `confirmed_at`, `created_at`, `updated_at`) VALUES (21, 21, 1, '2018-10-26 05:06:48', '2012-05-07 13:42:26', '2019-04-27 17:44:13');
INSERT INTO `friendship` (`user_id`, `friend_id`, `friendship_status_id`, `confirmed_at`, `created_at`, `updated_at`) VALUES (22, 22, 2, '2014-11-29 17:57:55', '2013-05-19 06:14:17', '2017-06-29 00:59:48');
INSERT INTO `friendship` (`user_id`, `friend_id`, `friendship_status_id`, `confirmed_at`, `created_at`, `updated_at`) VALUES (23, 23, 3, '2020-06-24 07:05:23', '2015-03-25 21:28:09', '2021-03-18 16:57:37');
INSERT INTO `friendship` (`user_id`, `friend_id`, `friendship_status_id`, `confirmed_at`, `created_at`, `updated_at`) VALUES (24, 24, 4, '2015-08-05 07:03:44', '2020-05-05 04:33:23', '2011-07-20 15:33:25');
INSERT INTO `friendship` (`user_id`, `friend_id`, `friendship_status_id`, `confirmed_at`, `created_at`, `updated_at`) VALUES (25, 25, 5, '2017-10-19 05:43:54', '2012-10-21 09:28:01', '2014-01-18 20:43:57');
INSERT INTO `friendship` (`user_id`, `friend_id`, `friendship_status_id`, `confirmed_at`, `created_at`, `updated_at`) VALUES (26, 26, 1, '2020-11-25 05:53:21', '2012-11-16 12:39:41', '2013-07-17 23:43:44');
INSERT INTO `friendship` (`user_id`, `friend_id`, `friendship_status_id`, `confirmed_at`, `created_at`, `updated_at`) VALUES (27, 27, 2, '2012-09-19 18:15:46', '2018-01-30 12:20:49', '2018-08-09 05:40:12');
INSERT INTO `friendship` (`user_id`, `friend_id`, `friendship_status_id`, `confirmed_at`, `created_at`, `updated_at`) VALUES (28, 28, 3, '2012-01-30 03:41:21', '2014-07-04 00:31:10', '2016-02-09 03:57:56');
INSERT INTO `friendship` (`user_id`, `friend_id`, `friendship_status_id`, `confirmed_at`, `created_at`, `updated_at`) VALUES (29, 29, 4, '2015-06-10 22:01:49', '2013-06-30 13:32:12', '2018-02-12 21:40:53');
INSERT INTO `friendship` (`user_id`, `friend_id`, `friendship_status_id`, `confirmed_at`, `created_at`, `updated_at`) VALUES (30, 30, 5, '2014-02-16 02:29:30', '2021-03-19 20:53:56', '2013-02-24 05:16:32');
INSERT INTO `friendship` (`user_id`, `friend_id`, `friendship_status_id`, `confirmed_at`, `created_at`, `updated_at`) VALUES (31, 31, 1, '2016-06-18 10:17:21', '2018-09-19 17:26:51', '2013-04-13 12:49:54');
INSERT INTO `friendship` (`user_id`, `friend_id`, `friendship_status_id`, `confirmed_at`, `created_at`, `updated_at`) VALUES (32, 32, 2, '2012-04-07 20:56:47', '2019-01-31 23:59:19', '2012-08-27 03:17:17');
INSERT INTO `friendship` (`user_id`, `friend_id`, `friendship_status_id`, `confirmed_at`, `created_at`, `updated_at`) VALUES (33, 33, 3, '2015-11-22 13:54:22', '2014-09-17 11:19:37', '2020-09-05 02:45:34');
INSERT INTO `friendship` (`user_id`, `friend_id`, `friendship_status_id`, `confirmed_at`, `created_at`, `updated_at`) VALUES (34, 34, 4, '2015-02-13 10:59:51', '2019-01-28 15:33:28', '2021-05-03 13:46:10');
INSERT INTO `friendship` (`user_id`, `friend_id`, `friendship_status_id`, `confirmed_at`, `created_at`, `updated_at`) VALUES (35, 35, 5, '2012-09-12 18:16:24', '2017-12-09 10:31:03', '2013-08-04 06:15:01');
INSERT INTO `friendship` (`user_id`, `friend_id`, `friendship_status_id`, `confirmed_at`, `created_at`, `updated_at`) VALUES (36, 36, 1, '2021-01-24 22:46:39', '2018-12-20 12:14:36', '2020-09-20 01:00:25');
INSERT INTO `friendship` (`user_id`, `friend_id`, `friendship_status_id`, `confirmed_at`, `created_at`, `updated_at`) VALUES (37, 37, 2, '2020-09-20 19:50:44', '2012-04-04 08:03:09', '2016-11-05 22:52:56');
INSERT INTO `friendship` (`user_id`, `friend_id`, `friendship_status_id`, `confirmed_at`, `created_at`, `updated_at`) VALUES (38, 38, 3, '2011-12-02 01:28:08', '2017-05-17 19:58:16', '2017-02-10 07:29:33');
INSERT INTO `friendship` (`user_id`, `friend_id`, `friendship_status_id`, `confirmed_at`, `created_at`, `updated_at`) VALUES (39, 39, 4, '2019-07-18 03:12:32', '2013-07-10 09:25:22', '2018-03-05 01:19:10');
INSERT INTO `friendship` (`user_id`, `friend_id`, `friendship_status_id`, `confirmed_at`, `created_at`, `updated_at`) VALUES (40, 40, 5, '2012-09-19 12:55:56', '2016-04-14 20:55:13', '2014-10-02 23:04:07');
INSERT INTO `friendship` (`user_id`, `friend_id`, `friendship_status_id`, `confirmed_at`, `created_at`, `updated_at`) VALUES (41, 41, 1, '2016-12-06 20:02:49', '2014-04-22 20:08:01', '2013-02-13 07:00:21');
INSERT INTO `friendship` (`user_id`, `friend_id`, `friendship_status_id`, `confirmed_at`, `created_at`, `updated_at`) VALUES (42, 42, 2, '2013-04-03 05:33:36', '2017-11-11 17:39:29', '2016-10-27 04:46:25');
INSERT INTO `friendship` (`user_id`, `friend_id`, `friendship_status_id`, `confirmed_at`, `created_at`, `updated_at`) VALUES (43, 43, 3, '2015-02-06 10:05:51', '2019-11-20 15:59:40', '2012-10-31 05:52:03');
INSERT INTO `friendship` (`user_id`, `friend_id`, `friendship_status_id`, `confirmed_at`, `created_at`, `updated_at`) VALUES (44, 44, 4, '2011-10-17 05:09:39', '2020-06-17 21:26:58', '2015-01-17 10:46:53');
INSERT INTO `friendship` (`user_id`, `friend_id`, `friendship_status_id`, `confirmed_at`, `created_at`, `updated_at`) VALUES (45, 45, 5, '2015-01-28 09:59:38', '2014-05-20 02:49:44', '2017-03-17 00:22:56');
INSERT INTO `friendship` (`user_id`, `friend_id`, `friendship_status_id`, `confirmed_at`, `created_at`, `updated_at`) VALUES (46, 46, 1, '2014-06-11 01:46:35', '2019-02-17 21:51:45', '2017-02-09 16:36:10');
INSERT INTO `friendship` (`user_id`, `friend_id`, `friendship_status_id`, `confirmed_at`, `created_at`, `updated_at`) VALUES (47, 47, 2, '2012-08-28 06:58:44', '2015-05-14 19:21:50', '2015-11-18 17:43:51');
INSERT INTO `friendship` (`user_id`, `friend_id`, `friendship_status_id`, `confirmed_at`, `created_at`, `updated_at`) VALUES (48, 48, 3, '2017-07-11 22:21:13', '2020-07-13 14:37:38', '2015-01-29 08:28:53');
INSERT INTO `friendship` (`user_id`, `friend_id`, `friendship_status_id`, `confirmed_at`, `created_at`, `updated_at`) VALUES (49, 49, 4, '2013-06-29 00:46:40', '2015-03-08 17:11:48', '2020-07-31 12:24:12');
INSERT INTO `friendship` (`user_id`, `friend_id`, `friendship_status_id`, `confirmed_at`, `created_at`, `updated_at`) VALUES (50, 50, 5, '2020-09-22 04:34:11', '2015-01-31 12:47:07', '2019-10-05 04:24:40');
INSERT INTO `friendship` (`user_id`, `friend_id`, `friendship_status_id`, `confirmed_at`, `created_at`, `updated_at`) VALUES (51, 51, 1, '2012-03-07 21:04:16', '2017-02-18 04:52:52', '2014-09-20 09:59:53');
INSERT INTO `friendship` (`user_id`, `friend_id`, `friendship_status_id`, `confirmed_at`, `created_at`, `updated_at`) VALUES (52, 52, 2, '2014-05-06 07:25:48', '2011-09-01 06:51:01', '2020-09-24 19:55:15');
INSERT INTO `friendship` (`user_id`, `friend_id`, `friendship_status_id`, `confirmed_at`, `created_at`, `updated_at`) VALUES (53, 53, 3, '2021-02-15 12:13:26', '2013-05-01 20:56:56', '2017-08-31 14:59:21');
INSERT INTO `friendship` (`user_id`, `friend_id`, `friendship_status_id`, `confirmed_at`, `created_at`, `updated_at`) VALUES (54, 54, 4, '2012-02-07 06:55:38', '2019-06-06 09:37:19', '2015-04-19 17:16:28');
INSERT INTO `friendship` (`user_id`, `friend_id`, `friendship_status_id`, `confirmed_at`, `created_at`, `updated_at`) VALUES (55, 55, 5, '2013-08-21 07:07:39', '2016-12-02 14:23:04', '2013-02-05 03:32:59');
INSERT INTO `friendship` (`user_id`, `friend_id`, `friendship_status_id`, `confirmed_at`, `created_at`, `updated_at`) VALUES (56, 56, 1, '2012-05-28 16:17:04', '2011-11-09 10:24:34', '2014-02-02 05:23:50');
INSERT INTO `friendship` (`user_id`, `friend_id`, `friendship_status_id`, `confirmed_at`, `created_at`, `updated_at`) VALUES (57, 57, 2, '2012-10-31 06:36:36', '2017-04-01 03:19:28', '2013-05-31 00:27:00');
INSERT INTO `friendship` (`user_id`, `friend_id`, `friendship_status_id`, `confirmed_at`, `created_at`, `updated_at`) VALUES (58, 58, 3, '2013-08-14 20:48:06', '2018-11-03 21:47:48', '2019-03-22 09:37:18');
INSERT INTO `friendship` (`user_id`, `friend_id`, `friendship_status_id`, `confirmed_at`, `created_at`, `updated_at`) VALUES (59, 59, 4, '2013-04-09 07:23:34', '2020-07-26 07:09:03', '2013-04-26 07:12:29');
INSERT INTO `friendship` (`user_id`, `friend_id`, `friendship_status_id`, `confirmed_at`, `created_at`, `updated_at`) VALUES (60, 60, 5, '2016-02-06 05:03:38', '2011-07-16 21:05:47', '2012-02-29 19:52:02');
INSERT INTO `friendship` (`user_id`, `friend_id`, `friendship_status_id`, `confirmed_at`, `created_at`, `updated_at`) VALUES (61, 61, 1, '2019-09-21 12:44:52', '2012-02-08 00:30:01', '2019-10-23 15:06:18');
INSERT INTO `friendship` (`user_id`, `friend_id`, `friendship_status_id`, `confirmed_at`, `created_at`, `updated_at`) VALUES (62, 62, 2, '2020-01-13 02:07:21', '2014-10-05 21:58:56', '2021-05-24 21:40:55');
INSERT INTO `friendship` (`user_id`, `friend_id`, `friendship_status_id`, `confirmed_at`, `created_at`, `updated_at`) VALUES (63, 63, 3, '2015-10-30 02:40:26', '2015-02-24 09:14:16', '2020-06-16 10:13:10');
INSERT INTO `friendship` (`user_id`, `friend_id`, `friendship_status_id`, `confirmed_at`, `created_at`, `updated_at`) VALUES (64, 64, 4, '2019-09-08 17:37:54', '2012-02-15 21:46:26', '2016-03-18 00:07:46');
INSERT INTO `friendship` (`user_id`, `friend_id`, `friendship_status_id`, `confirmed_at`, `created_at`, `updated_at`) VALUES (65, 65, 5, '2012-09-11 14:20:57', '2016-11-02 22:51:58', '2020-12-22 08:27:02');
INSERT INTO `friendship` (`user_id`, `friend_id`, `friendship_status_id`, `confirmed_at`, `created_at`, `updated_at`) VALUES (66, 66, 1, '2013-05-03 19:14:35', '2019-07-30 23:45:26', '2013-01-02 02:08:30');
INSERT INTO `friendship` (`user_id`, `friend_id`, `friendship_status_id`, `confirmed_at`, `created_at`, `updated_at`) VALUES (67, 67, 2, '2020-09-25 17:25:11', '2015-03-27 19:17:18', '2018-09-03 15:16:10');
INSERT INTO `friendship` (`user_id`, `friend_id`, `friendship_status_id`, `confirmed_at`, `created_at`, `updated_at`) VALUES (68, 68, 3, '2018-08-27 03:19:18', '2018-09-17 23:09:00', '2017-11-13 03:56:52');
INSERT INTO `friendship` (`user_id`, `friend_id`, `friendship_status_id`, `confirmed_at`, `created_at`, `updated_at`) VALUES (69, 69, 4, '2012-01-04 11:26:36', '2018-06-29 00:23:34', '2019-01-30 01:03:16');
INSERT INTO `friendship` (`user_id`, `friend_id`, `friendship_status_id`, `confirmed_at`, `created_at`, `updated_at`) VALUES (70, 70, 5, '2019-04-26 12:13:52', '2020-05-15 08:16:03', '2011-12-14 11:20:28');
INSERT INTO `friendship` (`user_id`, `friend_id`, `friendship_status_id`, `confirmed_at`, `created_at`, `updated_at`) VALUES (71, 71, 1, '2021-01-10 12:19:03', '2012-12-25 08:27:01', '2013-08-25 20:09:42');
INSERT INTO `friendship` (`user_id`, `friend_id`, `friendship_status_id`, `confirmed_at`, `created_at`, `updated_at`) VALUES (72, 72, 2, '2016-02-20 19:25:54', '2014-05-07 17:21:09', '2021-05-31 21:48:09');
INSERT INTO `friendship` (`user_id`, `friend_id`, `friendship_status_id`, `confirmed_at`, `created_at`, `updated_at`) VALUES (73, 73, 3, '2013-05-02 02:40:17', '2016-04-27 18:21:47', '2019-12-07 03:21:29');
INSERT INTO `friendship` (`user_id`, `friend_id`, `friendship_status_id`, `confirmed_at`, `created_at`, `updated_at`) VALUES (74, 74, 4, '2016-04-01 22:18:43', '2015-10-17 19:26:09', '2017-02-14 23:23:42');
INSERT INTO `friendship` (`user_id`, `friend_id`, `friendship_status_id`, `confirmed_at`, `created_at`, `updated_at`) VALUES (75, 75, 5, '2015-12-13 05:14:48', '2015-04-22 17:52:03', '2014-11-12 11:42:18');
INSERT INTO `friendship` (`user_id`, `friend_id`, `friendship_status_id`, `confirmed_at`, `created_at`, `updated_at`) VALUES (76, 76, 1, '2020-02-18 02:38:14', '2017-09-13 15:41:23', '2016-08-15 19:48:08');
INSERT INTO `friendship` (`user_id`, `friend_id`, `friendship_status_id`, `confirmed_at`, `created_at`, `updated_at`) VALUES (77, 77, 2, '2019-11-08 06:35:26', '2020-09-15 06:50:07', '2014-09-29 18:40:43');
INSERT INTO `friendship` (`user_id`, `friend_id`, `friendship_status_id`, `confirmed_at`, `created_at`, `updated_at`) VALUES (78, 78, 3, '2013-04-06 05:14:01', '2017-04-04 16:01:56', '2019-04-04 21:03:53');
INSERT INTO `friendship` (`user_id`, `friend_id`, `friendship_status_id`, `confirmed_at`, `created_at`, `updated_at`) VALUES (79, 79, 4, '2020-12-19 19:58:37', '2018-08-26 02:38:57', '2016-11-20 10:21:05');
INSERT INTO `friendship` (`user_id`, `friend_id`, `friendship_status_id`, `confirmed_at`, `created_at`, `updated_at`) VALUES (80, 80, 5, '2019-06-13 14:07:40', '2019-02-06 11:00:31', '2011-12-25 07:39:25');
INSERT INTO `friendship` (`user_id`, `friend_id`, `friendship_status_id`, `confirmed_at`, `created_at`, `updated_at`) VALUES (81, 81, 1, '2019-08-16 04:29:15', '2015-12-26 11:16:52', '2016-01-24 17:17:51');
INSERT INTO `friendship` (`user_id`, `friend_id`, `friendship_status_id`, `confirmed_at`, `created_at`, `updated_at`) VALUES (82, 82, 2, '2020-09-16 07:12:58', '2013-11-14 05:12:48', '2015-11-13 06:58:30');
INSERT INTO `friendship` (`user_id`, `friend_id`, `friendship_status_id`, `confirmed_at`, `created_at`, `updated_at`) VALUES (83, 83, 3, '2020-09-02 20:03:40', '2016-06-21 11:20:02', '2015-12-03 17:00:20');
INSERT INTO `friendship` (`user_id`, `friend_id`, `friendship_status_id`, `confirmed_at`, `created_at`, `updated_at`) VALUES (84, 84, 4, '2021-02-26 09:12:58', '2016-06-24 20:36:24', '2013-04-09 00:39:33');
INSERT INTO `friendship` (`user_id`, `friend_id`, `friendship_status_id`, `confirmed_at`, `created_at`, `updated_at`) VALUES (85, 85, 5, '2020-02-18 02:24:04', '2015-03-01 02:34:43', '2020-03-11 04:54:17');
INSERT INTO `friendship` (`user_id`, `friend_id`, `friendship_status_id`, `confirmed_at`, `created_at`, `updated_at`) VALUES (86, 86, 1, '2019-01-25 09:15:38', '2021-04-15 00:23:20', '2019-03-21 06:52:47');
INSERT INTO `friendship` (`user_id`, `friend_id`, `friendship_status_id`, `confirmed_at`, `created_at`, `updated_at`) VALUES (87, 87, 2, '2015-08-14 17:57:53', '2012-08-22 05:11:05', '2012-05-13 18:19:00');
INSERT INTO `friendship` (`user_id`, `friend_id`, `friendship_status_id`, `confirmed_at`, `created_at`, `updated_at`) VALUES (88, 88, 3, '2019-11-09 05:18:46', '2012-05-23 15:36:29', '2020-12-18 16:16:16');
INSERT INTO `friendship` (`user_id`, `friend_id`, `friendship_status_id`, `confirmed_at`, `created_at`, `updated_at`) VALUES (89, 89, 4, '2014-08-08 09:04:50', '2016-07-14 16:34:32', '2013-05-20 13:16:01');
INSERT INTO `friendship` (`user_id`, `friend_id`, `friendship_status_id`, `confirmed_at`, `created_at`, `updated_at`) VALUES (90, 90, 5, '2015-08-02 01:39:43', '2017-01-15 11:26:03', '2016-07-28 20:06:03');
INSERT INTO `friendship` (`user_id`, `friend_id`, `friendship_status_id`, `confirmed_at`, `created_at`, `updated_at`) VALUES (91, 91, 1, '2014-05-08 17:33:23', '2019-01-14 06:03:30', '2011-10-15 23:22:17');
INSERT INTO `friendship` (`user_id`, `friend_id`, `friendship_status_id`, `confirmed_at`, `created_at`, `updated_at`) VALUES (92, 92, 2, '2014-05-27 13:21:31', '2013-02-26 03:05:39', '2016-01-02 22:07:51');
INSERT INTO `friendship` (`user_id`, `friend_id`, `friendship_status_id`, `confirmed_at`, `created_at`, `updated_at`) VALUES (93, 93, 3, '2020-02-08 02:20:54', '2020-09-06 06:47:22', '2017-01-28 21:15:01');
INSERT INTO `friendship` (`user_id`, `friend_id`, `friendship_status_id`, `confirmed_at`, `created_at`, `updated_at`) VALUES (94, 94, 4, '2021-01-13 16:14:15', '2016-08-02 14:12:52', '2018-08-17 11:32:46');
INSERT INTO `friendship` (`user_id`, `friend_id`, `friendship_status_id`, `confirmed_at`, `created_at`, `updated_at`) VALUES (95, 95, 5, '2015-04-11 14:13:18', '2019-08-12 06:40:09', '2019-02-18 03:14:44');
INSERT INTO `friendship` (`user_id`, `friend_id`, `friendship_status_id`, `confirmed_at`, `created_at`, `updated_at`) VALUES (96, 96, 1, '2017-12-28 08:05:42', '2013-01-25 20:00:05', '2020-05-16 01:38:37');
INSERT INTO `friendship` (`user_id`, `friend_id`, `friendship_status_id`, `confirmed_at`, `created_at`, `updated_at`) VALUES (97, 97, 2, '2015-01-09 22:17:50', '2021-05-19 14:19:26', '2012-01-02 20:30:06');
INSERT INTO `friendship` (`user_id`, `friend_id`, `friendship_status_id`, `confirmed_at`, `created_at`, `updated_at`) VALUES (98, 98, 3, '2017-09-28 03:04:40', '2015-01-02 07:45:59', '2018-02-07 21:35:21');
INSERT INTO `friendship` (`user_id`, `friend_id`, `friendship_status_id`, `confirmed_at`, `created_at`, `updated_at`) VALUES (99, 99, 4, '2020-12-13 08:30:20', '2017-01-17 09:54:30', '2016-10-21 16:51:17');
INSERT INTO `friendship` (`user_id`, `friend_id`, `friendship_status_id`, `confirmed_at`, `created_at`, `updated_at`) VALUES (100, 100, 5, '2018-09-02 06:11:39', '2014-05-01 00:55:23', '2017-11-09 21:13:51');


#
# TABLE STRUCTURE FOR: friendship_statuses
#

DROP TABLE IF EXISTS `friendship_statuses`;

CREATE TABLE `friendship_statuses` (
  `id` int(10) unsigned NOT NULL AUTO_INCREMENT COMMENT 'Идентификатор строки',
  `name` varchar(150) COLLATE utf8mb4_unicode_ci NOT NULL COMMENT 'Название статуса',
  `created_at` datetime DEFAULT current_timestamp() COMMENT 'Время создания строки',
  `updated_at` datetime DEFAULT current_timestamp() ON UPDATE current_timestamp() COMMENT 'Время обновления строки',
  PRIMARY KEY (`id`),
  UNIQUE KEY `name` (`name`)
) ENGINE=InnoDB AUTO_INCREMENT=6 DEFAULT CHARSET=utf8mb4 COLLATE=utf8mb4_unicode_ci COMMENT='Статусы дружбы';

INSERT INTO `friendship_statuses` (`id`, `name`, `created_at`, `updated_at`) VALUES (1, 'ab', '2018-09-08 09:08:11', '2013-12-20 11:22:35');
INSERT INTO `friendship_statuses` (`id`, `name`, `created_at`, `updated_at`) VALUES (2, 'ut', '2014-08-07 14:52:21', '2013-05-19 03:00:00');
INSERT INTO `friendship_statuses` (`id`, `name`, `created_at`, `updated_at`) VALUES (3, 'quae', '2018-05-07 17:42:24', '2015-02-12 14:36:33');
INSERT INTO `friendship_statuses` (`id`, `name`, `created_at`, `updated_at`) VALUES (4, 'nostrum', '2013-08-03 03:06:52', '2016-09-20 14:21:29');
INSERT INTO `friendship_statuses` (`id`, `name`, `created_at`, `updated_at`) VALUES (5, 'recusandae', '2014-12-25 02:02:28', '2017-11-06 14:53:10');


#
# TABLE STRUCTURE FOR: media
#

DROP TABLE IF EXISTS `media`;

CREATE TABLE `media` (
  `id` int(10) unsigned NOT NULL AUTO_INCREMENT COMMENT 'Идентификатор строки',
  `user_id` int(10) unsigned NOT NULL COMMENT 'Ссылка на пользователя, который загрузил файл',
  `filename` varchar(255) COLLATE utf8mb4_unicode_ci NOT NULL COMMENT 'Путь к файлу',
  `size` int(11) NOT NULL COMMENT 'Размер файла',
  `metadata` longtext CHARACTER SET utf8mb4 COLLATE utf8mb4_bin DEFAULT NULL COMMENT 'Метаданные файла' CHECK (json_valid(`metadata`)),
  `media_type_id` int(10) unsigned NOT NULL COMMENT 'Ссылка на тип контента',
  `created_at` datetime DEFAULT current_timestamp() COMMENT 'Время создания строки',
  `updated_at` datetime DEFAULT current_timestamp() ON UPDATE current_timestamp() COMMENT 'Время обновления строки',
  PRIMARY KEY (`id`)
) ENGINE=InnoDB AUTO_INCREMENT=401 DEFAULT CHARSET=utf8mb4 COLLATE=utf8mb4_unicode_ci COMMENT='Медиафайлы';

INSERT INTO `media` (`id`, `user_id`, `filename`, `size`, `metadata`, `media_type_id`, `created_at`, `updated_at`) VALUES (1, 1, 'officiis', 964, NULL, 1, '2021-05-20 01:15:53', '2013-07-19 09:58:59');
INSERT INTO `media` (`id`, `user_id`, `filename`, `size`, `metadata`, `media_type_id`, `created_at`, `updated_at`) VALUES (2, 2, 'ex', 6960816, NULL, 2, '2018-12-13 16:03:10', '2015-04-29 19:14:05');
INSERT INTO `media` (`id`, `user_id`, `filename`, `size`, `metadata`, `media_type_id`, `created_at`, `updated_at`) VALUES (3, 3, 'mollitia', 670097674, NULL, 3, '2014-12-27 12:06:00', '2020-11-18 21:37:52');
INSERT INTO `media` (`id`, `user_id`, `filename`, `size`, `metadata`, `media_type_id`, `created_at`, `updated_at`) VALUES (4, 4, 'rerum', 420, NULL, 4, '2014-02-08 03:12:07', '2014-08-20 02:42:04');
INSERT INTO `media` (`id`, `user_id`, `filename`, `size`, `metadata`, `media_type_id`, `created_at`, `updated_at`) VALUES (5, 5, 'quia', 5504562, NULL, 5, '2013-09-03 07:22:11', '2011-08-12 06:26:56');
INSERT INTO `media` (`id`, `user_id`, `filename`, `size`, `metadata`, `media_type_id`, `created_at`, `updated_at`) VALUES (6, 6, 'necessitatibus', 395617933, NULL, 6, '2018-05-19 20:36:17', '2017-09-10 16:06:34');
INSERT INTO `media` (`id`, `user_id`, `filename`, `size`, `metadata`, `media_type_id`, `created_at`, `updated_at`) VALUES (7, 7, 'ducimus', 68512, NULL, 1, '2018-08-31 12:58:01', '2019-09-22 08:31:03');
INSERT INTO `media` (`id`, `user_id`, `filename`, `size`, `metadata`, `media_type_id`, `created_at`, `updated_at`) VALUES (8, 8, 'molestiae', 0, NULL, 2, '2015-09-07 12:59:14', '2016-12-03 09:37:40');
INSERT INTO `media` (`id`, `user_id`, `filename`, `size`, `metadata`, `media_type_id`, `created_at`, `updated_at`) VALUES (9, 9, 'quo', 399945663, NULL, 3, '2019-08-24 02:44:25', '2019-08-30 12:05:59');
INSERT INTO `media` (`id`, `user_id`, `filename`, `size`, `metadata`, `media_type_id`, `created_at`, `updated_at`) VALUES (10, 10, 'eius', 0, NULL, 4, '2018-08-02 06:01:18', '2011-12-12 14:57:16');
INSERT INTO `media` (`id`, `user_id`, `filename`, `size`, `metadata`, `media_type_id`, `created_at`, `updated_at`) VALUES (11, 11, 'sequi', 8, NULL, 5, '2011-12-27 22:00:38', '2017-12-29 09:08:06');
INSERT INTO `media` (`id`, `user_id`, `filename`, `size`, `metadata`, `media_type_id`, `created_at`, `updated_at`) VALUES (12, 12, 'unde', 790875902, NULL, 6, '2017-01-08 01:41:06', '2012-12-06 02:56:08');
INSERT INTO `media` (`id`, `user_id`, `filename`, `size`, `metadata`, `media_type_id`, `created_at`, `updated_at`) VALUES (13, 13, 'assumenda', 0, NULL, 1, '2017-10-28 05:56:12', '2015-02-28 20:29:40');
INSERT INTO `media` (`id`, `user_id`, `filename`, `size`, `metadata`, `media_type_id`, `created_at`, `updated_at`) VALUES (14, 14, 'id', 6281722, NULL, 2, '2016-01-06 10:06:02', '2020-04-16 12:30:45');
INSERT INTO `media` (`id`, `user_id`, `filename`, `size`, `metadata`, `media_type_id`, `created_at`, `updated_at`) VALUES (15, 15, 'quam', 124714, NULL, 3, '2012-01-08 07:38:06', '2013-12-07 02:33:31');
INSERT INTO `media` (`id`, `user_id`, `filename`, `size`, `metadata`, `media_type_id`, `created_at`, `updated_at`) VALUES (16, 16, 'quibusdam', 95032, NULL, 4, '2013-09-23 20:00:33', '2013-05-01 18:44:27');
INSERT INTO `media` (`id`, `user_id`, `filename`, `size`, `metadata`, `media_type_id`, `created_at`, `updated_at`) VALUES (17, 17, 'rem', 0, NULL, 5, '2011-09-30 06:31:25', '2020-11-10 15:19:30');
INSERT INTO `media` (`id`, `user_id`, `filename`, `size`, `metadata`, `media_type_id`, `created_at`, `updated_at`) VALUES (18, 18, 'molestiae', 894337939, NULL, 6, '2014-10-12 10:36:56', '2016-05-17 12:09:42');
INSERT INTO `media` (`id`, `user_id`, `filename`, `size`, `metadata`, `media_type_id`, `created_at`, `updated_at`) VALUES (19, 19, 'cumque', 3, NULL, 1, '2020-01-05 20:45:32', '2018-02-28 00:52:33');
INSERT INTO `media` (`id`, `user_id`, `filename`, `size`, `metadata`, `media_type_id`, `created_at`, `updated_at`) VALUES (20, 20, 'sed', 0, NULL, 2, '2021-05-21 19:16:52', '2012-12-16 10:12:23');
INSERT INTO `media` (`id`, `user_id`, `filename`, `size`, `metadata`, `media_type_id`, `created_at`, `updated_at`) VALUES (21, 21, 'aut', 56191524, NULL, 3, '2013-06-07 17:37:16', '2012-07-16 01:56:39');
INSERT INTO `media` (`id`, `user_id`, `filename`, `size`, `metadata`, `media_type_id`, `created_at`, `updated_at`) VALUES (22, 22, 'doloremque', 51, NULL, 4, '2015-01-29 11:14:58', '2020-11-28 22:30:18');
INSERT INTO `media` (`id`, `user_id`, `filename`, `size`, `metadata`, `media_type_id`, `created_at`, `updated_at`) VALUES (23, 23, 'voluptatibus', 41365520, NULL, 5, '2014-10-30 14:44:56', '2017-03-04 21:46:43');
INSERT INTO `media` (`id`, `user_id`, `filename`, `size`, `metadata`, `media_type_id`, `created_at`, `updated_at`) VALUES (24, 24, 'vero', 29553214, NULL, 6, '2012-04-17 02:39:36', '2017-06-20 04:07:21');
INSERT INTO `media` (`id`, `user_id`, `filename`, `size`, `metadata`, `media_type_id`, `created_at`, `updated_at`) VALUES (25, 25, 'molestias', 91707, NULL, 1, '2014-11-21 18:31:48', '2019-03-23 11:02:42');
INSERT INTO `media` (`id`, `user_id`, `filename`, `size`, `metadata`, `media_type_id`, `created_at`, `updated_at`) VALUES (26, 26, 'quo', 2, NULL, 2, '2013-03-17 10:22:06', '2011-12-21 22:46:55');
INSERT INTO `media` (`id`, `user_id`, `filename`, `size`, `metadata`, `media_type_id`, `created_at`, `updated_at`) VALUES (27, 27, 'praesentium', 430, NULL, 3, '2018-07-27 18:03:07', '2021-04-26 04:47:03');
INSERT INTO `media` (`id`, `user_id`, `filename`, `size`, `metadata`, `media_type_id`, `created_at`, `updated_at`) VALUES (28, 28, 'perferendis', 6, NULL, 4, '2011-08-16 03:31:39', '2016-02-17 20:51:30');
INSERT INTO `media` (`id`, `user_id`, `filename`, `size`, `metadata`, `media_type_id`, `created_at`, `updated_at`) VALUES (29, 29, 'id', 497088, NULL, 5, '2012-01-17 06:28:57', '2017-10-28 10:06:19');
INSERT INTO `media` (`id`, `user_id`, `filename`, `size`, `metadata`, `media_type_id`, `created_at`, `updated_at`) VALUES (30, 30, 'aliquid', 600082402, NULL, 6, '2015-12-21 02:53:00', '2013-12-11 09:55:27');
INSERT INTO `media` (`id`, `user_id`, `filename`, `size`, `metadata`, `media_type_id`, `created_at`, `updated_at`) VALUES (31, 31, 'quis', 27, NULL, 1, '2015-05-18 19:50:18', '2015-08-29 14:49:52');
INSERT INTO `media` (`id`, `user_id`, `filename`, `size`, `metadata`, `media_type_id`, `created_at`, `updated_at`) VALUES (32, 32, 'et', 25, NULL, 2, '2012-02-18 09:46:48', '2019-01-31 15:57:27');
INSERT INTO `media` (`id`, `user_id`, `filename`, `size`, `metadata`, `media_type_id`, `created_at`, `updated_at`) VALUES (33, 33, 'non', 262415371, NULL, 3, '2020-09-26 23:05:25', '2018-03-05 18:00:34');
INSERT INTO `media` (`id`, `user_id`, `filename`, `size`, `metadata`, `media_type_id`, `created_at`, `updated_at`) VALUES (34, 34, 'assumenda', 69236, NULL, 4, '2019-04-14 23:51:10', '2021-05-11 13:00:40');
INSERT INTO `media` (`id`, `user_id`, `filename`, `size`, `metadata`, `media_type_id`, `created_at`, `updated_at`) VALUES (35, 35, 'dolores', 2116308, NULL, 5, '2019-09-19 01:14:31', '2014-08-08 01:30:26');
INSERT INTO `media` (`id`, `user_id`, `filename`, `size`, `metadata`, `media_type_id`, `created_at`, `updated_at`) VALUES (36, 36, 'totam', 27869001, NULL, 6, '2018-12-16 11:30:24', '2015-09-07 07:28:28');
INSERT INTO `media` (`id`, `user_id`, `filename`, `size`, `metadata`, `media_type_id`, `created_at`, `updated_at`) VALUES (37, 37, 'ipsam', 34, NULL, 1, '2020-04-01 07:09:33', '2012-03-30 21:15:20');
INSERT INTO `media` (`id`, `user_id`, `filename`, `size`, `metadata`, `media_type_id`, `created_at`, `updated_at`) VALUES (38, 38, 'eaque', 0, NULL, 2, '2012-10-23 23:41:20', '2020-04-04 10:33:26');
INSERT INTO `media` (`id`, `user_id`, `filename`, `size`, `metadata`, `media_type_id`, `created_at`, `updated_at`) VALUES (39, 39, 'quaerat', 9, NULL, 3, '2011-10-30 23:56:18', '2017-08-13 07:52:26');
INSERT INTO `media` (`id`, `user_id`, `filename`, `size`, `metadata`, `media_type_id`, `created_at`, `updated_at`) VALUES (40, 40, 'et', 62313548, NULL, 4, '2015-08-08 23:37:08', '2014-04-17 06:19:36');
INSERT INTO `media` (`id`, `user_id`, `filename`, `size`, `metadata`, `media_type_id`, `created_at`, `updated_at`) VALUES (41, 41, 'nulla', 71586, NULL, 5, '2013-03-02 15:56:32', '2016-01-07 03:26:59');
INSERT INTO `media` (`id`, `user_id`, `filename`, `size`, `metadata`, `media_type_id`, `created_at`, `updated_at`) VALUES (42, 42, 'aliquam', 0, NULL, 6, '2018-03-01 16:31:33', '2021-05-23 13:33:26');
INSERT INTO `media` (`id`, `user_id`, `filename`, `size`, `metadata`, `media_type_id`, `created_at`, `updated_at`) VALUES (43, 43, 'porro', 175753909, NULL, 1, '2014-06-17 03:39:48', '2012-12-02 19:33:51');
INSERT INTO `media` (`id`, `user_id`, `filename`, `size`, `metadata`, `media_type_id`, `created_at`, `updated_at`) VALUES (44, 44, 'fuga', 19301642, NULL, 2, '2019-04-26 19:15:44', '2017-04-28 11:50:34');
INSERT INTO `media` (`id`, `user_id`, `filename`, `size`, `metadata`, `media_type_id`, `created_at`, `updated_at`) VALUES (45, 45, 'quos', 22965, NULL, 3, '2018-12-23 18:21:46', '2014-11-27 01:51:48');
INSERT INTO `media` (`id`, `user_id`, `filename`, `size`, `metadata`, `media_type_id`, `created_at`, `updated_at`) VALUES (46, 46, 'aut', 0, NULL, 4, '2020-09-07 16:03:59', '2012-02-08 22:39:17');
INSERT INTO `media` (`id`, `user_id`, `filename`, `size`, `metadata`, `media_type_id`, `created_at`, `updated_at`) VALUES (47, 47, 'aut', 1, NULL, 5, '2019-10-03 15:41:36', '2017-05-09 00:34:22');
INSERT INTO `media` (`id`, `user_id`, `filename`, `size`, `metadata`, `media_type_id`, `created_at`, `updated_at`) VALUES (48, 48, 'id', 56276, NULL, 6, '2019-12-12 03:30:05', '2018-09-17 13:19:29');
INSERT INTO `media` (`id`, `user_id`, `filename`, `size`, `metadata`, `media_type_id`, `created_at`, `updated_at`) VALUES (49, 49, 'quam', 512, NULL, 1, '2020-10-17 14:39:18', '2019-04-04 19:01:01');
INSERT INTO `media` (`id`, `user_id`, `filename`, `size`, `metadata`, `media_type_id`, `created_at`, `updated_at`) VALUES (50, 50, 'explicabo', 76690874, NULL, 2, '2012-10-09 22:15:27', '2019-01-29 11:34:41');
INSERT INTO `media` (`id`, `user_id`, `filename`, `size`, `metadata`, `media_type_id`, `created_at`, `updated_at`) VALUES (51, 51, 'maxime', 331416, NULL, 3, '2014-11-11 06:44:32', '2013-12-30 22:10:49');
INSERT INTO `media` (`id`, `user_id`, `filename`, `size`, `metadata`, `media_type_id`, `created_at`, `updated_at`) VALUES (52, 52, 'dolorem', 7, NULL, 4, '2017-05-03 05:34:14', '2015-03-22 13:15:55');
INSERT INTO `media` (`id`, `user_id`, `filename`, `size`, `metadata`, `media_type_id`, `created_at`, `updated_at`) VALUES (53, 53, 'repellat', 5244726, NULL, 5, '2017-03-27 09:01:57', '2020-03-18 10:49:31');
INSERT INTO `media` (`id`, `user_id`, `filename`, `size`, `metadata`, `media_type_id`, `created_at`, `updated_at`) VALUES (54, 54, 'ut', 7648266, NULL, 6, '2012-02-15 17:24:45', '2018-08-22 13:51:00');
INSERT INTO `media` (`id`, `user_id`, `filename`, `size`, `metadata`, `media_type_id`, `created_at`, `updated_at`) VALUES (55, 55, 'corporis', 66392, NULL, 1, '2016-06-21 17:25:11', '2020-07-05 11:34:07');
INSERT INTO `media` (`id`, `user_id`, `filename`, `size`, `metadata`, `media_type_id`, `created_at`, `updated_at`) VALUES (56, 56, 'rem', 8899, NULL, 2, '2014-07-20 20:12:35', '2016-04-06 10:52:07');
INSERT INTO `media` (`id`, `user_id`, `filename`, `size`, `metadata`, `media_type_id`, `created_at`, `updated_at`) VALUES (57, 57, 'quidem', 547980271, NULL, 3, '2014-10-27 16:21:52', '2019-05-05 15:34:05');
INSERT INTO `media` (`id`, `user_id`, `filename`, `size`, `metadata`, `media_type_id`, `created_at`, `updated_at`) VALUES (58, 58, 'mollitia', 19253258, NULL, 4, '2014-08-16 03:50:32', '2021-03-14 08:34:55');
INSERT INTO `media` (`id`, `user_id`, `filename`, `size`, `metadata`, `media_type_id`, `created_at`, `updated_at`) VALUES (59, 59, 'ex', 4, NULL, 5, '2019-01-21 06:34:23', '2019-07-01 21:57:04');
INSERT INTO `media` (`id`, `user_id`, `filename`, `size`, `metadata`, `media_type_id`, `created_at`, `updated_at`) VALUES (60, 60, 'et', 765476, NULL, 6, '2012-07-28 16:01:46', '2017-04-22 18:35:19');
INSERT INTO `media` (`id`, `user_id`, `filename`, `size`, `metadata`, `media_type_id`, `created_at`, `updated_at`) VALUES (61, 61, 'quia', 53, NULL, 1, '2015-08-03 09:29:27', '2018-09-05 15:56:11');
INSERT INTO `media` (`id`, `user_id`, `filename`, `size`, `metadata`, `media_type_id`, `created_at`, `updated_at`) VALUES (62, 62, 'fugit', 0, NULL, 2, '2014-06-01 01:26:41', '2016-02-28 14:06:29');
INSERT INTO `media` (`id`, `user_id`, `filename`, `size`, `metadata`, `media_type_id`, `created_at`, `updated_at`) VALUES (63, 63, 'cumque', 0, NULL, 3, '2016-11-15 07:10:09', '2015-03-04 06:48:43');
INSERT INTO `media` (`id`, `user_id`, `filename`, `size`, `metadata`, `media_type_id`, `created_at`, `updated_at`) VALUES (64, 64, 'temporibus', 365679155, NULL, 4, '2017-03-17 07:44:24', '2013-07-15 08:11:37');
INSERT INTO `media` (`id`, `user_id`, `filename`, `size`, `metadata`, `media_type_id`, `created_at`, `updated_at`) VALUES (65, 65, 'doloremque', 117133, NULL, 5, '2013-09-26 21:57:28', '2016-07-24 15:31:51');
INSERT INTO `media` (`id`, `user_id`, `filename`, `size`, `metadata`, `media_type_id`, `created_at`, `updated_at`) VALUES (66, 66, 'inventore', 815789, NULL, 6, '2019-05-25 16:12:22', '2018-02-24 07:09:29');
INSERT INTO `media` (`id`, `user_id`, `filename`, `size`, `metadata`, `media_type_id`, `created_at`, `updated_at`) VALUES (67, 67, 'est', 50, NULL, 1, '2012-05-08 07:55:48', '2019-09-30 23:14:03');
INSERT INTO `media` (`id`, `user_id`, `filename`, `size`, `metadata`, `media_type_id`, `created_at`, `updated_at`) VALUES (68, 68, 'nesciunt', 79296487, NULL, 2, '2014-03-04 03:53:37', '2015-10-28 11:26:33');
INSERT INTO `media` (`id`, `user_id`, `filename`, `size`, `metadata`, `media_type_id`, `created_at`, `updated_at`) VALUES (69, 69, 'accusantium', 6695752, NULL, 3, '2014-10-31 11:58:11', '2012-01-28 22:56:04');
INSERT INTO `media` (`id`, `user_id`, `filename`, `size`, `metadata`, `media_type_id`, `created_at`, `updated_at`) VALUES (70, 70, 'voluptas', 4, NULL, 4, '2017-02-19 11:34:58', '2017-05-06 14:59:28');
INSERT INTO `media` (`id`, `user_id`, `filename`, `size`, `metadata`, `media_type_id`, `created_at`, `updated_at`) VALUES (71, 71, 'velit', 868570, NULL, 5, '2020-02-15 14:37:48', '2011-08-13 04:51:14');
INSERT INTO `media` (`id`, `user_id`, `filename`, `size`, `metadata`, `media_type_id`, `created_at`, `updated_at`) VALUES (72, 72, 'delectus', 69064, NULL, 6, '2014-07-18 15:43:12', '2012-11-17 14:49:26');
INSERT INTO `media` (`id`, `user_id`, `filename`, `size`, `metadata`, `media_type_id`, `created_at`, `updated_at`) VALUES (73, 73, 'nesciunt', 1, NULL, 1, '2020-04-18 17:12:25', '2015-01-06 05:42:58');
INSERT INTO `media` (`id`, `user_id`, `filename`, `size`, `metadata`, `media_type_id`, `created_at`, `updated_at`) VALUES (74, 74, 'aut', 0, NULL, 2, '2013-04-09 07:14:55', '2018-05-17 11:33:53');
INSERT INTO `media` (`id`, `user_id`, `filename`, `size`, `metadata`, `media_type_id`, `created_at`, `updated_at`) VALUES (75, 75, 'magnam', 7600, NULL, 3, '2019-06-29 08:27:14', '2020-01-21 12:08:15');
INSERT INTO `media` (`id`, `user_id`, `filename`, `size`, `metadata`, `media_type_id`, `created_at`, `updated_at`) VALUES (76, 76, 'natus', 881, NULL, 4, '2017-01-31 19:04:07', '2020-04-01 15:53:45');
INSERT INTO `media` (`id`, `user_id`, `filename`, `size`, `metadata`, `media_type_id`, `created_at`, `updated_at`) VALUES (77, 77, 'qui', 5567, NULL, 5, '2013-03-22 20:04:30', '2013-12-26 05:36:27');
INSERT INTO `media` (`id`, `user_id`, `filename`, `size`, `metadata`, `media_type_id`, `created_at`, `updated_at`) VALUES (78, 78, 'nihil', 2625433, NULL, 6, '2013-12-28 18:25:15', '2019-12-20 08:04:20');
INSERT INTO `media` (`id`, `user_id`, `filename`, `size`, `metadata`, `media_type_id`, `created_at`, `updated_at`) VALUES (79, 79, 'ducimus', 212472, NULL, 1, '2016-08-25 22:34:44', '2017-04-06 05:19:04');
INSERT INTO `media` (`id`, `user_id`, `filename`, `size`, `metadata`, `media_type_id`, `created_at`, `updated_at`) VALUES (80, 80, 'voluptatem', 87180644, NULL, 2, '2017-01-01 04:38:01', '2012-06-21 01:31:14');
INSERT INTO `media` (`id`, `user_id`, `filename`, `size`, `metadata`, `media_type_id`, `created_at`, `updated_at`) VALUES (81, 81, 'harum', 608487189, NULL, 3, '2013-04-20 01:16:48', '2016-07-06 23:38:04');
INSERT INTO `media` (`id`, `user_id`, `filename`, `size`, `metadata`, `media_type_id`, `created_at`, `updated_at`) VALUES (82, 82, 'expedita', 46856758, NULL, 4, '2014-12-06 03:20:06', '2017-11-16 05:45:08');
INSERT INTO `media` (`id`, `user_id`, `filename`, `size`, `metadata`, `media_type_id`, `created_at`, `updated_at`) VALUES (83, 83, 'quia', 952120, NULL, 5, '2016-02-15 03:25:12', '2021-02-15 13:31:42');
INSERT INTO `media` (`id`, `user_id`, `filename`, `size`, `metadata`, `media_type_id`, `created_at`, `updated_at`) VALUES (84, 84, 'accusantium', 273003300, NULL, 6, '2015-05-25 23:09:03', '2019-01-30 09:50:42');
INSERT INTO `media` (`id`, `user_id`, `filename`, `size`, `metadata`, `media_type_id`, `created_at`, `updated_at`) VALUES (85, 85, 'laudantium', 0, NULL, 1, '2016-01-13 17:38:39', '2016-03-30 05:22:40');
INSERT INTO `media` (`id`, `user_id`, `filename`, `size`, `metadata`, `media_type_id`, `created_at`, `updated_at`) VALUES (86, 86, 'vel', 45, NULL, 2, '2018-02-08 06:50:58', '2012-06-11 09:42:01');
INSERT INTO `media` (`id`, `user_id`, `filename`, `size`, `metadata`, `media_type_id`, `created_at`, `updated_at`) VALUES (87, 87, 'vel', 0, NULL, 3, '2021-06-30 07:16:07', '2015-05-15 20:04:11');
INSERT INTO `media` (`id`, `user_id`, `filename`, `size`, `metadata`, `media_type_id`, `created_at`, `updated_at`) VALUES (88, 88, 'possimus', 2480, NULL, 4, '2012-02-21 09:00:15', '2011-12-01 06:47:31');
INSERT INTO `media` (`id`, `user_id`, `filename`, `size`, `metadata`, `media_type_id`, `created_at`, `updated_at`) VALUES (89, 89, 'ut', 32, NULL, 5, '2013-05-07 07:36:25', '2015-04-23 23:13:46');
INSERT INTO `media` (`id`, `user_id`, `filename`, `size`, `metadata`, `media_type_id`, `created_at`, `updated_at`) VALUES (90, 90, 'aut', 92890545, NULL, 6, '2020-02-12 12:37:57', '2019-09-17 10:26:57');
INSERT INTO `media` (`id`, `user_id`, `filename`, `size`, `metadata`, `media_type_id`, `created_at`, `updated_at`) VALUES (91, 91, 'sint', 7580851, NULL, 1, '2012-06-22 19:58:32', '2019-11-27 02:12:32');
INSERT INTO `media` (`id`, `user_id`, `filename`, `size`, `metadata`, `media_type_id`, `created_at`, `updated_at`) VALUES (92, 92, 'architecto', 10032244, NULL, 2, '2014-11-08 15:53:19', '2017-11-11 12:40:31');
INSERT INTO `media` (`id`, `user_id`, `filename`, `size`, `metadata`, `media_type_id`, `created_at`, `updated_at`) VALUES (93, 93, 'et', 11258, NULL, 3, '2016-11-21 14:32:05', '2014-02-26 03:55:34');
INSERT INTO `media` (`id`, `user_id`, `filename`, `size`, `metadata`, `media_type_id`, `created_at`, `updated_at`) VALUES (94, 94, 'voluptas', 7453562, NULL, 4, '2017-07-29 21:04:36', '2020-09-01 03:06:18');
INSERT INTO `media` (`id`, `user_id`, `filename`, `size`, `metadata`, `media_type_id`, `created_at`, `updated_at`) VALUES (95, 95, 'et', 80, NULL, 5, '2015-02-09 06:21:40', '2019-02-05 02:03:51');
INSERT INTO `media` (`id`, `user_id`, `filename`, `size`, `metadata`, `media_type_id`, `created_at`, `updated_at`) VALUES (96, 96, 'distinctio', 527359, NULL, 6, '2013-01-03 06:04:58', '2020-02-01 00:50:17');
INSERT INTO `media` (`id`, `user_id`, `filename`, `size`, `metadata`, `media_type_id`, `created_at`, `updated_at`) VALUES (97, 97, 'maxime', 65842, NULL, 1, '2013-09-19 19:19:45', '2012-05-06 20:37:23');
INSERT INTO `media` (`id`, `user_id`, `filename`, `size`, `metadata`, `media_type_id`, `created_at`, `updated_at`) VALUES (98, 98, 'omnis', 468917, NULL, 2, '2012-09-02 19:39:23', '2013-08-20 12:04:32');
INSERT INTO `media` (`id`, `user_id`, `filename`, `size`, `metadata`, `media_type_id`, `created_at`, `updated_at`) VALUES (99, 99, 'est', 0, NULL, 3, '2012-12-04 17:36:01', '2018-11-01 08:24:05');
INSERT INTO `media` (`id`, `user_id`, `filename`, `size`, `metadata`, `media_type_id`, `created_at`, `updated_at`) VALUES (100, 100, 'sunt', 610876492, NULL, 4, '2018-05-12 14:42:32', '2015-01-22 10:33:42');
INSERT INTO `media` (`id`, `user_id`, `filename`, `size`, `metadata`, `media_type_id`, `created_at`, `updated_at`) VALUES (101, 1, 'eaque', 0, NULL, 5, '2019-06-16 22:35:58', '2016-10-01 21:53:17');
INSERT INTO `media` (`id`, `user_id`, `filename`, `size`, `metadata`, `media_type_id`, `created_at`, `updated_at`) VALUES (102, 2, 'eum', 812618, NULL, 6, '2012-11-28 21:46:56', '2011-10-12 05:12:54');
INSERT INTO `media` (`id`, `user_id`, `filename`, `size`, `metadata`, `media_type_id`, `created_at`, `updated_at`) VALUES (103, 3, 'ut', 169236, NULL, 1, '2016-01-13 08:01:34', '2019-02-11 11:01:33');
INSERT INTO `media` (`id`, `user_id`, `filename`, `size`, `metadata`, `media_type_id`, `created_at`, `updated_at`) VALUES (104, 4, 'ut', 6701, NULL, 2, '2019-04-07 19:33:52', '2015-01-26 04:24:36');
INSERT INTO `media` (`id`, `user_id`, `filename`, `size`, `metadata`, `media_type_id`, `created_at`, `updated_at`) VALUES (105, 5, 'esse', 404938, NULL, 3, '2017-02-07 09:38:18', '2016-07-28 19:30:23');
INSERT INTO `media` (`id`, `user_id`, `filename`, `size`, `metadata`, `media_type_id`, `created_at`, `updated_at`) VALUES (106, 6, 'rerum', 2890465, NULL, 4, '2016-07-29 08:16:50', '2011-10-31 22:38:21');
INSERT INTO `media` (`id`, `user_id`, `filename`, `size`, `metadata`, `media_type_id`, `created_at`, `updated_at`) VALUES (107, 7, 'dicta', 8, NULL, 5, '2017-10-24 15:30:01', '2012-09-08 22:43:41');
INSERT INTO `media` (`id`, `user_id`, `filename`, `size`, `metadata`, `media_type_id`, `created_at`, `updated_at`) VALUES (108, 8, 'quia', 9575, NULL, 6, '2014-08-20 14:27:07', '2017-01-28 01:56:14');
INSERT INTO `media` (`id`, `user_id`, `filename`, `size`, `metadata`, `media_type_id`, `created_at`, `updated_at`) VALUES (109, 9, 'ipsa', 7, NULL, 1, '2012-03-02 20:33:22', '2013-09-01 12:22:36');
INSERT INTO `media` (`id`, `user_id`, `filename`, `size`, `metadata`, `media_type_id`, `created_at`, `updated_at`) VALUES (110, 10, 'sed', 3944244, NULL, 2, '2015-10-12 18:09:38', '2021-06-30 08:18:19');
INSERT INTO `media` (`id`, `user_id`, `filename`, `size`, `metadata`, `media_type_id`, `created_at`, `updated_at`) VALUES (111, 11, 'doloribus', 7, NULL, 3, '2013-01-20 17:13:16', '2012-05-08 09:20:33');
INSERT INTO `media` (`id`, `user_id`, `filename`, `size`, `metadata`, `media_type_id`, `created_at`, `updated_at`) VALUES (112, 12, 'quasi', 23981, NULL, 4, '2015-05-18 05:05:46', '2019-10-03 20:49:47');
INSERT INTO `media` (`id`, `user_id`, `filename`, `size`, `metadata`, `media_type_id`, `created_at`, `updated_at`) VALUES (113, 13, 'voluptate', 2, NULL, 5, '2011-10-15 06:41:26', '2013-02-17 06:37:03');
INSERT INTO `media` (`id`, `user_id`, `filename`, `size`, `metadata`, `media_type_id`, `created_at`, `updated_at`) VALUES (114, 14, 'aliquid', 227, NULL, 6, '2016-05-12 08:44:35', '2021-01-27 07:07:21');
INSERT INTO `media` (`id`, `user_id`, `filename`, `size`, `metadata`, `media_type_id`, `created_at`, `updated_at`) VALUES (115, 15, 'odit', 773, NULL, 1, '2017-03-01 18:20:46', '2013-07-28 04:46:44');
INSERT INTO `media` (`id`, `user_id`, `filename`, `size`, `metadata`, `media_type_id`, `created_at`, `updated_at`) VALUES (116, 16, 'earum', 1202, NULL, 2, '2020-10-06 06:40:10', '2019-03-09 23:53:43');
INSERT INTO `media` (`id`, `user_id`, `filename`, `size`, `metadata`, `media_type_id`, `created_at`, `updated_at`) VALUES (117, 17, 'quam', 198814, NULL, 3, '2013-11-22 13:08:56', '2012-04-23 07:31:56');
INSERT INTO `media` (`id`, `user_id`, `filename`, `size`, `metadata`, `media_type_id`, `created_at`, `updated_at`) VALUES (118, 18, 'aliquid', 143015, NULL, 4, '2017-05-06 22:40:31', '2019-01-14 01:26:27');
INSERT INTO `media` (`id`, `user_id`, `filename`, `size`, `metadata`, `media_type_id`, `created_at`, `updated_at`) VALUES (119, 19, 'qui', 460875989, NULL, 5, '2013-04-14 03:53:14', '2019-08-05 20:59:03');
INSERT INTO `media` (`id`, `user_id`, `filename`, `size`, `metadata`, `media_type_id`, `created_at`, `updated_at`) VALUES (120, 20, 'est', 0, NULL, 6, '2019-12-10 03:40:42', '2020-12-08 21:36:15');
INSERT INTO `media` (`id`, `user_id`, `filename`, `size`, `metadata`, `media_type_id`, `created_at`, `updated_at`) VALUES (121, 21, 'in', 287, NULL, 1, '2016-11-06 02:20:59', '2013-02-05 14:56:48');
INSERT INTO `media` (`id`, `user_id`, `filename`, `size`, `metadata`, `media_type_id`, `created_at`, `updated_at`) VALUES (122, 22, 'placeat', 985, NULL, 2, '2019-02-14 06:58:11', '2020-01-16 01:35:02');
INSERT INTO `media` (`id`, `user_id`, `filename`, `size`, `metadata`, `media_type_id`, `created_at`, `updated_at`) VALUES (123, 23, 'ea', 981560, NULL, 3, '2016-05-01 23:23:45', '2011-12-16 03:12:00');
INSERT INTO `media` (`id`, `user_id`, `filename`, `size`, `metadata`, `media_type_id`, `created_at`, `updated_at`) VALUES (124, 24, 'rerum', 48, NULL, 4, '2018-07-06 04:06:23', '2014-07-11 12:45:57');
INSERT INTO `media` (`id`, `user_id`, `filename`, `size`, `metadata`, `media_type_id`, `created_at`, `updated_at`) VALUES (125, 25, 'vel', 4004, NULL, 5, '2019-11-19 22:07:27', '2020-01-01 18:55:05');
INSERT INTO `media` (`id`, `user_id`, `filename`, `size`, `metadata`, `media_type_id`, `created_at`, `updated_at`) VALUES (126, 26, 'dolore', 2, NULL, 6, '2019-08-06 20:03:06', '2013-09-04 00:13:01');
INSERT INTO `media` (`id`, `user_id`, `filename`, `size`, `metadata`, `media_type_id`, `created_at`, `updated_at`) VALUES (127, 27, 'vel', 41, NULL, 1, '2016-06-29 00:49:22', '2020-01-23 03:33:41');
INSERT INTO `media` (`id`, `user_id`, `filename`, `size`, `metadata`, `media_type_id`, `created_at`, `updated_at`) VALUES (128, 28, 'tempora', 558697, NULL, 2, '2017-12-11 23:49:49', '2021-06-05 17:16:37');
INSERT INTO `media` (`id`, `user_id`, `filename`, `size`, `metadata`, `media_type_id`, `created_at`, `updated_at`) VALUES (129, 29, 'error', 0, NULL, 3, '2012-09-25 18:49:51', '2018-04-17 19:44:38');
INSERT INTO `media` (`id`, `user_id`, `filename`, `size`, `metadata`, `media_type_id`, `created_at`, `updated_at`) VALUES (130, 30, 'voluptate', 91777, NULL, 4, '2018-09-30 20:01:26', '2013-03-12 07:14:36');
INSERT INTO `media` (`id`, `user_id`, `filename`, `size`, `metadata`, `media_type_id`, `created_at`, `updated_at`) VALUES (131, 31, 'omnis', 6985886, NULL, 5, '2015-12-25 15:47:17', '2016-02-24 13:02:21');
INSERT INTO `media` (`id`, `user_id`, `filename`, `size`, `metadata`, `media_type_id`, `created_at`, `updated_at`) VALUES (132, 32, 'et', 0, NULL, 6, '2012-04-01 15:23:25', '2013-07-03 19:40:05');
INSERT INTO `media` (`id`, `user_id`, `filename`, `size`, `metadata`, `media_type_id`, `created_at`, `updated_at`) VALUES (133, 33, 'voluptatum', 7726, NULL, 1, '2012-03-09 01:59:45', '2015-12-06 03:09:43');
INSERT INTO `media` (`id`, `user_id`, `filename`, `size`, `metadata`, `media_type_id`, `created_at`, `updated_at`) VALUES (134, 34, 'velit', 9325666, NULL, 2, '2012-09-20 04:26:30', '2012-11-08 18:40:22');
INSERT INTO `media` (`id`, `user_id`, `filename`, `size`, `metadata`, `media_type_id`, `created_at`, `updated_at`) VALUES (135, 35, 'debitis', 751552829, NULL, 3, '2019-08-28 19:22:44', '2019-07-26 20:19:30');
INSERT INTO `media` (`id`, `user_id`, `filename`, `size`, `metadata`, `media_type_id`, `created_at`, `updated_at`) VALUES (136, 36, 'odit', 511, NULL, 4, '2012-07-08 10:09:37', '2019-01-29 14:30:33');
INSERT INTO `media` (`id`, `user_id`, `filename`, `size`, `metadata`, `media_type_id`, `created_at`, `updated_at`) VALUES (137, 37, 'explicabo', 9, NULL, 5, '2015-03-20 09:35:25', '2016-10-31 11:56:27');
INSERT INTO `media` (`id`, `user_id`, `filename`, `size`, `metadata`, `media_type_id`, `created_at`, `updated_at`) VALUES (138, 38, 'tempora', 0, NULL, 6, '2014-12-23 16:17:06', '2011-08-02 15:38:02');
INSERT INTO `media` (`id`, `user_id`, `filename`, `size`, `metadata`, `media_type_id`, `created_at`, `updated_at`) VALUES (139, 39, 'cum', 781, NULL, 1, '2018-11-14 12:18:09', '2020-09-18 22:27:58');
INSERT INTO `media` (`id`, `user_id`, `filename`, `size`, `metadata`, `media_type_id`, `created_at`, `updated_at`) VALUES (140, 40, 'amet', 7522868, NULL, 2, '2017-03-23 07:01:47', '2020-11-07 16:17:28');
INSERT INTO `media` (`id`, `user_id`, `filename`, `size`, `metadata`, `media_type_id`, `created_at`, `updated_at`) VALUES (141, 41, 'omnis', 5412, NULL, 3, '2019-09-24 08:18:56', '2013-09-03 14:04:22');
INSERT INTO `media` (`id`, `user_id`, `filename`, `size`, `metadata`, `media_type_id`, `created_at`, `updated_at`) VALUES (142, 42, 'excepturi', 212280, NULL, 4, '2018-10-12 04:34:09', '2013-10-08 11:23:38');
INSERT INTO `media` (`id`, `user_id`, `filename`, `size`, `metadata`, `media_type_id`, `created_at`, `updated_at`) VALUES (143, 43, 'nihil', 3, NULL, 5, '2016-11-02 18:40:56', '2015-04-03 06:28:39');
INSERT INTO `media` (`id`, `user_id`, `filename`, `size`, `metadata`, `media_type_id`, `created_at`, `updated_at`) VALUES (144, 44, 'consequatur', 420347470, NULL, 6, '2021-02-24 07:30:19', '2018-08-20 07:44:32');
INSERT INTO `media` (`id`, `user_id`, `filename`, `size`, `metadata`, `media_type_id`, `created_at`, `updated_at`) VALUES (145, 45, 'similique', 516, NULL, 1, '2015-07-30 21:37:52', '2017-11-16 03:19:34');
INSERT INTO `media` (`id`, `user_id`, `filename`, `size`, `metadata`, `media_type_id`, `created_at`, `updated_at`) VALUES (146, 46, 'fugiat', 7, NULL, 2, '2020-06-22 16:47:44', '2012-11-23 04:32:58');
INSERT INTO `media` (`id`, `user_id`, `filename`, `size`, `metadata`, `media_type_id`, `created_at`, `updated_at`) VALUES (147, 47, 'deserunt', 7072, NULL, 3, '2014-06-29 21:40:12', '2018-02-27 02:25:11');
INSERT INTO `media` (`id`, `user_id`, `filename`, `size`, `metadata`, `media_type_id`, `created_at`, `updated_at`) VALUES (148, 48, 'quo', 16, NULL, 4, '2014-07-17 00:05:45', '2020-12-07 20:37:35');
INSERT INTO `media` (`id`, `user_id`, `filename`, `size`, `metadata`, `media_type_id`, `created_at`, `updated_at`) VALUES (149, 49, 'aut', 549489924, NULL, 5, '2020-06-20 06:49:43', '2014-12-06 23:42:54');
INSERT INTO `media` (`id`, `user_id`, `filename`, `size`, `metadata`, `media_type_id`, `created_at`, `updated_at`) VALUES (150, 50, 'et', 7, NULL, 6, '2014-06-03 12:06:59', '2012-08-16 03:40:26');
INSERT INTO `media` (`id`, `user_id`, `filename`, `size`, `metadata`, `media_type_id`, `created_at`, `updated_at`) VALUES (151, 51, 'ipsum', 6803, NULL, 1, '2019-12-14 18:25:11', '2016-03-06 13:30:56');
INSERT INTO `media` (`id`, `user_id`, `filename`, `size`, `metadata`, `media_type_id`, `created_at`, `updated_at`) VALUES (152, 52, 'aut', 77894736, NULL, 2, '2017-05-15 14:02:37', '2018-06-19 10:52:40');
INSERT INTO `media` (`id`, `user_id`, `filename`, `size`, `metadata`, `media_type_id`, `created_at`, `updated_at`) VALUES (153, 53, 'sit', 4601150, NULL, 3, '2011-09-15 04:41:26', '2016-10-28 03:35:52');
INSERT INTO `media` (`id`, `user_id`, `filename`, `size`, `metadata`, `media_type_id`, `created_at`, `updated_at`) VALUES (154, 54, 'sed', 7, NULL, 4, '2016-12-12 14:55:32', '2013-09-14 04:15:39');
INSERT INTO `media` (`id`, `user_id`, `filename`, `size`, `metadata`, `media_type_id`, `created_at`, `updated_at`) VALUES (155, 55, 'eveniet', 0, NULL, 5, '2018-09-12 14:35:58', '2015-12-30 00:39:31');
INSERT INTO `media` (`id`, `user_id`, `filename`, `size`, `metadata`, `media_type_id`, `created_at`, `updated_at`) VALUES (156, 56, 'labore', 528832974, NULL, 6, '2015-09-30 23:41:17', '2015-06-14 08:16:50');
INSERT INTO `media` (`id`, `user_id`, `filename`, `size`, `metadata`, `media_type_id`, `created_at`, `updated_at`) VALUES (157, 57, 'aut', 62190, NULL, 1, '2011-10-13 19:01:12', '2012-10-21 17:35:07');
INSERT INTO `media` (`id`, `user_id`, `filename`, `size`, `metadata`, `media_type_id`, `created_at`, `updated_at`) VALUES (158, 58, 'modi', 716535379, NULL, 2, '2018-07-06 16:23:11', '2014-12-10 14:22:56');
INSERT INTO `media` (`id`, `user_id`, `filename`, `size`, `metadata`, `media_type_id`, `created_at`, `updated_at`) VALUES (159, 59, 'aut', 314212, NULL, 3, '2018-12-22 23:05:11', '2011-08-01 11:28:22');
INSERT INTO `media` (`id`, `user_id`, `filename`, `size`, `metadata`, `media_type_id`, `created_at`, `updated_at`) VALUES (160, 60, 'voluptas', 11, NULL, 4, '2016-05-21 17:19:30', '2013-05-12 20:55:29');
INSERT INTO `media` (`id`, `user_id`, `filename`, `size`, `metadata`, `media_type_id`, `created_at`, `updated_at`) VALUES (161, 61, 'ut', 793722507, NULL, 5, '2017-08-21 20:45:08', '2021-01-25 14:12:00');
INSERT INTO `media` (`id`, `user_id`, `filename`, `size`, `metadata`, `media_type_id`, `created_at`, `updated_at`) VALUES (162, 62, 'aut', 5669279, NULL, 6, '2012-05-09 18:00:41', '2018-01-15 07:32:04');
INSERT INTO `media` (`id`, `user_id`, `filename`, `size`, `metadata`, `media_type_id`, `created_at`, `updated_at`) VALUES (163, 63, 'reiciendis', 26477480, NULL, 1, '2018-03-09 05:49:47', '2016-01-11 06:26:29');
INSERT INTO `media` (`id`, `user_id`, `filename`, `size`, `metadata`, `media_type_id`, `created_at`, `updated_at`) VALUES (164, 64, 'quos', 7, NULL, 2, '2018-03-23 13:09:56', '2017-02-22 14:10:17');
INSERT INTO `media` (`id`, `user_id`, `filename`, `size`, `metadata`, `media_type_id`, `created_at`, `updated_at`) VALUES (165, 65, 'suscipit', 227921200, NULL, 3, '2019-11-19 10:08:26', '2018-10-20 22:03:37');
INSERT INTO `media` (`id`, `user_id`, `filename`, `size`, `metadata`, `media_type_id`, `created_at`, `updated_at`) VALUES (166, 66, 'illum', 163, NULL, 4, '2014-02-06 11:49:09', '2012-05-10 07:26:14');
INSERT INTO `media` (`id`, `user_id`, `filename`, `size`, `metadata`, `media_type_id`, `created_at`, `updated_at`) VALUES (167, 67, 'odio', 41818, NULL, 5, '2018-06-28 08:31:57', '2018-09-30 02:44:30');
INSERT INTO `media` (`id`, `user_id`, `filename`, `size`, `metadata`, `media_type_id`, `created_at`, `updated_at`) VALUES (168, 68, 'occaecati', 7114, NULL, 6, '2015-08-30 01:06:21', '2021-05-29 02:14:29');
INSERT INTO `media` (`id`, `user_id`, `filename`, `size`, `metadata`, `media_type_id`, `created_at`, `updated_at`) VALUES (169, 69, 'ullam', 131, NULL, 1, '2012-02-01 10:33:08', '2016-01-31 11:12:38');
INSERT INTO `media` (`id`, `user_id`, `filename`, `size`, `metadata`, `media_type_id`, `created_at`, `updated_at`) VALUES (170, 70, 'atque', 4, NULL, 2, '2013-03-03 00:54:32', '2014-02-28 09:23:54');
INSERT INTO `media` (`id`, `user_id`, `filename`, `size`, `metadata`, `media_type_id`, `created_at`, `updated_at`) VALUES (171, 71, 'consequatur', 5208759, NULL, 3, '2019-05-14 10:50:49', '2015-03-01 04:36:22');
INSERT INTO `media` (`id`, `user_id`, `filename`, `size`, `metadata`, `media_type_id`, `created_at`, `updated_at`) VALUES (172, 72, 'ut', 761802433, NULL, 4, '2016-05-27 05:23:43', '2015-01-28 01:37:41');
INSERT INTO `media` (`id`, `user_id`, `filename`, `size`, `metadata`, `media_type_id`, `created_at`, `updated_at`) VALUES (173, 73, 'iusto', 7260, NULL, 5, '2021-05-07 13:06:42', '2014-02-05 16:31:55');
INSERT INTO `media` (`id`, `user_id`, `filename`, `size`, `metadata`, `media_type_id`, `created_at`, `updated_at`) VALUES (174, 74, 'repellat', 361, NULL, 6, '2013-03-24 21:57:07', '2020-07-11 04:17:50');
INSERT INTO `media` (`id`, `user_id`, `filename`, `size`, `metadata`, `media_type_id`, `created_at`, `updated_at`) VALUES (175, 75, 'possimus', 804, NULL, 1, '2014-03-15 02:11:18', '2016-05-24 15:44:14');
INSERT INTO `media` (`id`, `user_id`, `filename`, `size`, `metadata`, `media_type_id`, `created_at`, `updated_at`) VALUES (176, 76, 'ut', 0, NULL, 2, '2018-11-08 11:01:07', '2018-09-04 05:06:03');
INSERT INTO `media` (`id`, `user_id`, `filename`, `size`, `metadata`, `media_type_id`, `created_at`, `updated_at`) VALUES (177, 77, 'maxime', 90740, NULL, 3, '2020-03-24 18:19:17', '2020-09-12 16:43:27');
INSERT INTO `media` (`id`, `user_id`, `filename`, `size`, `metadata`, `media_type_id`, `created_at`, `updated_at`) VALUES (178, 78, 'sit', 0, NULL, 4, '2013-05-28 03:54:07', '2012-08-29 22:01:06');
INSERT INTO `media` (`id`, `user_id`, `filename`, `size`, `metadata`, `media_type_id`, `created_at`, `updated_at`) VALUES (179, 79, 'veritatis', 97506996, NULL, 5, '2014-08-15 05:49:42', '2018-06-08 12:55:46');
INSERT INTO `media` (`id`, `user_id`, `filename`, `size`, `metadata`, `media_type_id`, `created_at`, `updated_at`) VALUES (180, 80, 'asperiores', 1, NULL, 6, '2016-06-15 22:59:41', '2015-02-08 08:13:12');
INSERT INTO `media` (`id`, `user_id`, `filename`, `size`, `metadata`, `media_type_id`, `created_at`, `updated_at`) VALUES (181, 81, 'quaerat', 0, NULL, 1, '2017-01-24 23:17:50', '2017-02-20 14:27:06');
INSERT INTO `media` (`id`, `user_id`, `filename`, `size`, `metadata`, `media_type_id`, `created_at`, `updated_at`) VALUES (182, 82, 'vel', 14684, NULL, 2, '2017-05-04 02:36:39', '2021-06-20 13:20:27');
INSERT INTO `media` (`id`, `user_id`, `filename`, `size`, `metadata`, `media_type_id`, `created_at`, `updated_at`) VALUES (183, 83, 'est', 61, NULL, 3, '2019-12-12 23:38:11', '2016-05-28 13:39:45');
INSERT INTO `media` (`id`, `user_id`, `filename`, `size`, `metadata`, `media_type_id`, `created_at`, `updated_at`) VALUES (184, 84, 'rerum', 484292300, NULL, 4, '2015-07-07 02:12:07', '2013-09-27 08:13:03');
INSERT INTO `media` (`id`, `user_id`, `filename`, `size`, `metadata`, `media_type_id`, `created_at`, `updated_at`) VALUES (185, 85, 'odio', 84545137, NULL, 5, '2019-09-09 18:07:59', '2017-05-16 15:46:41');
INSERT INTO `media` (`id`, `user_id`, `filename`, `size`, `metadata`, `media_type_id`, `created_at`, `updated_at`) VALUES (186, 86, 'quidem', 17, NULL, 6, '2016-08-31 17:02:36', '2017-10-02 07:03:30');
INSERT INTO `media` (`id`, `user_id`, `filename`, `size`, `metadata`, `media_type_id`, `created_at`, `updated_at`) VALUES (187, 87, 'exercitationem', 331345, NULL, 1, '2014-07-19 10:49:26', '2019-06-26 23:43:36');
INSERT INTO `media` (`id`, `user_id`, `filename`, `size`, `metadata`, `media_type_id`, `created_at`, `updated_at`) VALUES (188, 88, 'numquam', 847707408, NULL, 2, '2021-02-09 20:31:16', '2015-05-15 10:28:09');
INSERT INTO `media` (`id`, `user_id`, `filename`, `size`, `metadata`, `media_type_id`, `created_at`, `updated_at`) VALUES (189, 89, 'omnis', 932834, NULL, 3, '2011-09-01 16:27:48', '2019-07-28 18:15:52');
INSERT INTO `media` (`id`, `user_id`, `filename`, `size`, `metadata`, `media_type_id`, `created_at`, `updated_at`) VALUES (190, 90, 'omnis', 332501966, NULL, 4, '2016-09-20 03:40:12', '2014-08-23 12:09:03');
INSERT INTO `media` (`id`, `user_id`, `filename`, `size`, `metadata`, `media_type_id`, `created_at`, `updated_at`) VALUES (191, 91, 'excepturi', 24, NULL, 5, '2021-04-04 20:38:12', '2013-03-03 09:20:16');
INSERT INTO `media` (`id`, `user_id`, `filename`, `size`, `metadata`, `media_type_id`, `created_at`, `updated_at`) VALUES (192, 92, 'at', 93193, NULL, 6, '2018-01-26 01:04:38', '2012-07-16 00:50:10');
INSERT INTO `media` (`id`, `user_id`, `filename`, `size`, `metadata`, `media_type_id`, `created_at`, `updated_at`) VALUES (193, 93, 'ducimus', 56, NULL, 1, '2015-08-30 16:59:47', '2014-10-17 22:48:34');
INSERT INTO `media` (`id`, `user_id`, `filename`, `size`, `metadata`, `media_type_id`, `created_at`, `updated_at`) VALUES (194, 94, 'exercitationem', 7966794, NULL, 2, '2015-10-23 13:26:16', '2013-02-24 22:15:58');
INSERT INTO `media` (`id`, `user_id`, `filename`, `size`, `metadata`, `media_type_id`, `created_at`, `updated_at`) VALUES (195, 95, 'qui', 59547, NULL, 3, '2011-11-29 02:36:44', '2016-11-16 06:34:05');
INSERT INTO `media` (`id`, `user_id`, `filename`, `size`, `metadata`, `media_type_id`, `created_at`, `updated_at`) VALUES (196, 96, 'sapiente', 773, NULL, 4, '2012-06-12 20:49:55', '2015-10-18 18:28:04');
INSERT INTO `media` (`id`, `user_id`, `filename`, `size`, `metadata`, `media_type_id`, `created_at`, `updated_at`) VALUES (197, 97, 'corrupti', 979192, NULL, 5, '2019-03-24 20:11:57', '2013-03-29 14:36:36');
INSERT INTO `media` (`id`, `user_id`, `filename`, `size`, `metadata`, `media_type_id`, `created_at`, `updated_at`) VALUES (198, 98, 'odit', 60, NULL, 6, '2012-02-04 23:58:40', '2017-06-17 04:06:43');
INSERT INTO `media` (`id`, `user_id`, `filename`, `size`, `metadata`, `media_type_id`, `created_at`, `updated_at`) VALUES (199, 99, 'quia', 300437, NULL, 1, '2014-05-20 02:42:30', '2021-05-19 03:54:24');
INSERT INTO `media` (`id`, `user_id`, `filename`, `size`, `metadata`, `media_type_id`, `created_at`, `updated_at`) VALUES (200, 100, 'ea', 0, NULL, 2, '2017-10-03 16:54:40', '2019-08-04 09:43:25');
INSERT INTO `media` (`id`, `user_id`, `filename`, `size`, `metadata`, `media_type_id`, `created_at`, `updated_at`) VALUES (201, 1, 'quo', 30, NULL, 3, '2012-09-20 05:26:22', '2014-03-25 21:41:57');
INSERT INTO `media` (`id`, `user_id`, `filename`, `size`, `metadata`, `media_type_id`, `created_at`, `updated_at`) VALUES (202, 2, 'harum', 87285, NULL, 4, '2016-12-21 05:11:45', '2020-03-07 13:11:49');
INSERT INTO `media` (`id`, `user_id`, `filename`, `size`, `metadata`, `media_type_id`, `created_at`, `updated_at`) VALUES (203, 3, 'distinctio', 51, NULL, 5, '2013-11-11 00:55:05', '2013-06-13 09:44:06');
INSERT INTO `media` (`id`, `user_id`, `filename`, `size`, `metadata`, `media_type_id`, `created_at`, `updated_at`) VALUES (204, 4, 'voluptatem', 817, NULL, 6, '2020-03-23 14:04:08', '2020-07-08 20:36:34');
INSERT INTO `media` (`id`, `user_id`, `filename`, `size`, `metadata`, `media_type_id`, `created_at`, `updated_at`) VALUES (205, 5, 'quidem', 3994964, NULL, 1, '2014-01-10 00:10:51', '2016-04-29 10:38:39');
INSERT INTO `media` (`id`, `user_id`, `filename`, `size`, `metadata`, `media_type_id`, `created_at`, `updated_at`) VALUES (206, 6, 'atque', 603, NULL, 2, '2018-03-22 12:11:56', '2014-06-14 05:37:06');
INSERT INTO `media` (`id`, `user_id`, `filename`, `size`, `metadata`, `media_type_id`, `created_at`, `updated_at`) VALUES (207, 7, 'minima', 955730, NULL, 3, '2021-06-26 22:21:48', '2015-03-28 08:03:47');
INSERT INTO `media` (`id`, `user_id`, `filename`, `size`, `metadata`, `media_type_id`, `created_at`, `updated_at`) VALUES (208, 8, 'dolores', 0, NULL, 4, '2019-11-18 22:49:38', '2018-05-15 20:44:25');
INSERT INTO `media` (`id`, `user_id`, `filename`, `size`, `metadata`, `media_type_id`, `created_at`, `updated_at`) VALUES (209, 9, 'est', 137, NULL, 5, '2013-07-15 14:47:52', '2014-09-17 22:17:34');
INSERT INTO `media` (`id`, `user_id`, `filename`, `size`, `metadata`, `media_type_id`, `created_at`, `updated_at`) VALUES (210, 10, 'qui', 1, NULL, 6, '2017-12-18 14:08:49', '2016-06-14 13:04:27');
INSERT INTO `media` (`id`, `user_id`, `filename`, `size`, `metadata`, `media_type_id`, `created_at`, `updated_at`) VALUES (211, 11, 'quo', 692, NULL, 1, '2014-09-09 00:17:32', '2011-10-28 03:54:52');
INSERT INTO `media` (`id`, `user_id`, `filename`, `size`, `metadata`, `media_type_id`, `created_at`, `updated_at`) VALUES (212, 12, 'libero', 7, NULL, 2, '2014-02-17 14:31:11', '2012-12-13 00:33:36');
INSERT INTO `media` (`id`, `user_id`, `filename`, `size`, `metadata`, `media_type_id`, `created_at`, `updated_at`) VALUES (213, 13, 'quis', 9992, NULL, 3, '2015-02-01 05:26:27', '2011-12-16 07:12:59');
INSERT INTO `media` (`id`, `user_id`, `filename`, `size`, `metadata`, `media_type_id`, `created_at`, `updated_at`) VALUES (214, 14, 'laborum', 0, NULL, 4, '2013-05-01 06:57:38', '2017-09-28 04:03:38');
INSERT INTO `media` (`id`, `user_id`, `filename`, `size`, `metadata`, `media_type_id`, `created_at`, `updated_at`) VALUES (215, 15, 'esse', 3, NULL, 5, '2013-07-16 21:05:56', '2013-12-28 19:52:19');
INSERT INTO `media` (`id`, `user_id`, `filename`, `size`, `metadata`, `media_type_id`, `created_at`, `updated_at`) VALUES (216, 16, 'quia', 978783, NULL, 6, '2015-03-20 19:18:35', '2014-07-20 17:08:42');
INSERT INTO `media` (`id`, `user_id`, `filename`, `size`, `metadata`, `media_type_id`, `created_at`, `updated_at`) VALUES (217, 17, 'molestiae', 85, NULL, 1, '2020-10-15 16:47:54', '2012-06-09 14:29:40');
INSERT INTO `media` (`id`, `user_id`, `filename`, `size`, `metadata`, `media_type_id`, `created_at`, `updated_at`) VALUES (218, 18, 'ipsam', 57, NULL, 2, '2021-01-22 17:20:00', '2020-11-27 12:55:10');
INSERT INTO `media` (`id`, `user_id`, `filename`, `size`, `metadata`, `media_type_id`, `created_at`, `updated_at`) VALUES (219, 19, 'illum', 8, NULL, 3, '2019-05-28 08:50:04', '2020-08-14 21:25:55');
INSERT INTO `media` (`id`, `user_id`, `filename`, `size`, `metadata`, `media_type_id`, `created_at`, `updated_at`) VALUES (220, 20, 'aspernatur', 380, NULL, 4, '2013-05-04 14:13:12', '2021-04-22 13:57:50');
INSERT INTO `media` (`id`, `user_id`, `filename`, `size`, `metadata`, `media_type_id`, `created_at`, `updated_at`) VALUES (221, 21, 'quis', 826, NULL, 5, '2019-10-27 13:21:55', '2020-07-12 20:26:29');
INSERT INTO `media` (`id`, `user_id`, `filename`, `size`, `metadata`, `media_type_id`, `created_at`, `updated_at`) VALUES (222, 22, 'a', 6410, NULL, 6, '2015-05-26 19:22:23', '2020-06-05 10:29:37');
INSERT INTO `media` (`id`, `user_id`, `filename`, `size`, `metadata`, `media_type_id`, `created_at`, `updated_at`) VALUES (223, 23, 'quia', 8050184, NULL, 1, '2017-03-10 07:50:33', '2015-09-09 22:22:56');
INSERT INTO `media` (`id`, `user_id`, `filename`, `size`, `metadata`, `media_type_id`, `created_at`, `updated_at`) VALUES (224, 24, 'quo', 88, NULL, 2, '2014-05-27 00:55:54', '2020-12-06 18:48:34');
INSERT INTO `media` (`id`, `user_id`, `filename`, `size`, `metadata`, `media_type_id`, `created_at`, `updated_at`) VALUES (225, 25, 'omnis', 73234993, NULL, 3, '2016-10-16 06:07:48', '2020-09-03 21:25:48');
INSERT INTO `media` (`id`, `user_id`, `filename`, `size`, `metadata`, `media_type_id`, `created_at`, `updated_at`) VALUES (226, 26, 'minus', 838379809, NULL, 4, '2019-02-19 14:28:36', '2013-03-09 16:54:40');
INSERT INTO `media` (`id`, `user_id`, `filename`, `size`, `metadata`, `media_type_id`, `created_at`, `updated_at`) VALUES (227, 27, 'illum', 52520891, NULL, 5, '2018-05-24 19:25:54', '2020-01-17 10:18:33');
INSERT INTO `media` (`id`, `user_id`, `filename`, `size`, `metadata`, `media_type_id`, `created_at`, `updated_at`) VALUES (228, 28, 'necessitatibus', 7181, NULL, 6, '2020-07-08 04:36:50', '2019-06-24 02:35:56');
INSERT INTO `media` (`id`, `user_id`, `filename`, `size`, `metadata`, `media_type_id`, `created_at`, `updated_at`) VALUES (229, 29, 'et', 0, NULL, 1, '2019-11-11 07:50:16', '2019-06-03 23:12:26');
INSERT INTO `media` (`id`, `user_id`, `filename`, `size`, `metadata`, `media_type_id`, `created_at`, `updated_at`) VALUES (230, 30, 'cum', 41922283, NULL, 2, '2019-10-04 20:38:40', '2016-02-13 01:56:18');
INSERT INTO `media` (`id`, `user_id`, `filename`, `size`, `metadata`, `media_type_id`, `created_at`, `updated_at`) VALUES (231, 31, 'occaecati', 7, NULL, 3, '2013-07-13 18:48:21', '2017-08-10 12:25:15');
INSERT INTO `media` (`id`, `user_id`, `filename`, `size`, `metadata`, `media_type_id`, `created_at`, `updated_at`) VALUES (232, 32, 'iure', 0, NULL, 4, '2020-07-16 15:17:22', '2020-10-27 16:02:07');
INSERT INTO `media` (`id`, `user_id`, `filename`, `size`, `metadata`, `media_type_id`, `created_at`, `updated_at`) VALUES (233, 33, 'nesciunt', 362660, NULL, 5, '2013-03-13 08:08:09', '2015-11-05 13:51:33');
INSERT INTO `media` (`id`, `user_id`, `filename`, `size`, `metadata`, `media_type_id`, `created_at`, `updated_at`) VALUES (234, 34, 'totam', 5523, NULL, 6, '2015-11-16 17:13:37', '2015-06-02 08:42:39');
INSERT INTO `media` (`id`, `user_id`, `filename`, `size`, `metadata`, `media_type_id`, `created_at`, `updated_at`) VALUES (235, 35, 'in', 444, NULL, 1, '2017-01-13 17:23:50', '2018-02-25 19:06:05');
INSERT INTO `media` (`id`, `user_id`, `filename`, `size`, `metadata`, `media_type_id`, `created_at`, `updated_at`) VALUES (236, 36, 'magni', 8553, NULL, 2, '2018-11-16 12:42:41', '2011-12-29 16:40:56');
INSERT INTO `media` (`id`, `user_id`, `filename`, `size`, `metadata`, `media_type_id`, `created_at`, `updated_at`) VALUES (237, 37, 'incidunt', 94328741, NULL, 3, '2013-07-22 01:36:27', '2011-11-14 19:12:31');
INSERT INTO `media` (`id`, `user_id`, `filename`, `size`, `metadata`, `media_type_id`, `created_at`, `updated_at`) VALUES (238, 38, 'veniam', 61847110, NULL, 4, '2016-07-02 01:36:16', '2012-12-10 16:01:07');
INSERT INTO `media` (`id`, `user_id`, `filename`, `size`, `metadata`, `media_type_id`, `created_at`, `updated_at`) VALUES (239, 39, 'et', 3, NULL, 5, '2014-08-15 07:29:41', '2014-08-31 23:01:26');
INSERT INTO `media` (`id`, `user_id`, `filename`, `size`, `metadata`, `media_type_id`, `created_at`, `updated_at`) VALUES (240, 40, 'et', 89, NULL, 6, '2019-04-15 20:59:48', '2016-05-22 18:35:02');
INSERT INTO `media` (`id`, `user_id`, `filename`, `size`, `metadata`, `media_type_id`, `created_at`, `updated_at`) VALUES (241, 41, 'fugit', 378313, NULL, 1, '2012-12-26 07:44:58', '2013-06-08 10:50:11');
INSERT INTO `media` (`id`, `user_id`, `filename`, `size`, `metadata`, `media_type_id`, `created_at`, `updated_at`) VALUES (242, 42, 'quisquam', 2860, NULL, 2, '2011-09-06 18:18:20', '2021-06-23 11:07:21');
INSERT INTO `media` (`id`, `user_id`, `filename`, `size`, `metadata`, `media_type_id`, `created_at`, `updated_at`) VALUES (243, 43, 'consectetur', 0, NULL, 3, '2017-09-08 06:36:57', '2016-06-21 10:37:55');
INSERT INTO `media` (`id`, `user_id`, `filename`, `size`, `metadata`, `media_type_id`, `created_at`, `updated_at`) VALUES (244, 44, 'distinctio', 71, NULL, 4, '2014-11-09 02:36:51', '2019-06-28 19:26:43');
INSERT INTO `media` (`id`, `user_id`, `filename`, `size`, `metadata`, `media_type_id`, `created_at`, `updated_at`) VALUES (245, 45, 'ullam', 1105072, NULL, 5, '2012-11-02 07:46:12', '2012-02-26 17:55:36');
INSERT INTO `media` (`id`, `user_id`, `filename`, `size`, `metadata`, `media_type_id`, `created_at`, `updated_at`) VALUES (246, 46, 'quasi', 76, NULL, 6, '2014-09-04 08:42:40', '2016-02-12 09:15:40');
INSERT INTO `media` (`id`, `user_id`, `filename`, `size`, `metadata`, `media_type_id`, `created_at`, `updated_at`) VALUES (247, 47, 'quidem', 998509453, NULL, 1, '2015-07-10 10:01:04', '2015-11-17 09:09:52');
INSERT INTO `media` (`id`, `user_id`, `filename`, `size`, `metadata`, `media_type_id`, `created_at`, `updated_at`) VALUES (248, 48, 'illum', 18352, NULL, 2, '2018-04-02 21:17:51', '2011-08-29 23:28:13');
INSERT INTO `media` (`id`, `user_id`, `filename`, `size`, `metadata`, `media_type_id`, `created_at`, `updated_at`) VALUES (249, 49, 'perspiciatis', 7, NULL, 3, '2017-09-22 01:28:38', '2014-12-11 23:09:41');
INSERT INTO `media` (`id`, `user_id`, `filename`, `size`, `metadata`, `media_type_id`, `created_at`, `updated_at`) VALUES (250, 50, 'natus', 0, NULL, 4, '2017-06-27 09:29:15', '2016-04-07 20:29:47');
INSERT INTO `media` (`id`, `user_id`, `filename`, `size`, `metadata`, `media_type_id`, `created_at`, `updated_at`) VALUES (251, 51, 'labore', 2022663, NULL, 5, '2019-09-08 04:21:59', '2019-03-24 08:29:01');
INSERT INTO `media` (`id`, `user_id`, `filename`, `size`, `metadata`, `media_type_id`, `created_at`, `updated_at`) VALUES (252, 52, 'error', 0, NULL, 6, '2013-11-05 13:01:06', '2020-08-17 14:20:40');
INSERT INTO `media` (`id`, `user_id`, `filename`, `size`, `metadata`, `media_type_id`, `created_at`, `updated_at`) VALUES (253, 53, 'ducimus', 43598048, NULL, 1, '2016-10-20 13:35:39', '2018-07-17 01:05:18');
INSERT INTO `media` (`id`, `user_id`, `filename`, `size`, `metadata`, `media_type_id`, `created_at`, `updated_at`) VALUES (254, 54, 'quia', 4238, NULL, 2, '2019-07-05 04:19:12', '2017-02-10 06:22:09');
INSERT INTO `media` (`id`, `user_id`, `filename`, `size`, `metadata`, `media_type_id`, `created_at`, `updated_at`) VALUES (255, 55, 'dolor', 1, NULL, 3, '2019-12-21 13:55:48', '2015-11-08 00:38:19');
INSERT INTO `media` (`id`, `user_id`, `filename`, `size`, `metadata`, `media_type_id`, `created_at`, `updated_at`) VALUES (256, 56, 'sint', 159214363, NULL, 4, '2017-10-02 21:55:39', '2021-03-26 13:40:12');
INSERT INTO `media` (`id`, `user_id`, `filename`, `size`, `metadata`, `media_type_id`, `created_at`, `updated_at`) VALUES (257, 57, 'harum', 10212, NULL, 5, '2015-09-09 01:44:34', '2017-12-21 09:57:48');
INSERT INTO `media` (`id`, `user_id`, `filename`, `size`, `metadata`, `media_type_id`, `created_at`, `updated_at`) VALUES (258, 58, 'aut', 5802, NULL, 6, '2016-11-29 18:57:59', '2019-09-29 16:56:52');
INSERT INTO `media` (`id`, `user_id`, `filename`, `size`, `metadata`, `media_type_id`, `created_at`, `updated_at`) VALUES (259, 59, 'omnis', 0, NULL, 1, '2021-05-30 17:11:17', '2016-07-09 07:29:39');
INSERT INTO `media` (`id`, `user_id`, `filename`, `size`, `metadata`, `media_type_id`, `created_at`, `updated_at`) VALUES (260, 60, 'omnis', 6942, NULL, 2, '2021-01-28 10:53:08', '2012-04-10 03:29:53');
INSERT INTO `media` (`id`, `user_id`, `filename`, `size`, `metadata`, `media_type_id`, `created_at`, `updated_at`) VALUES (261, 61, 'ab', 968500, NULL, 3, '2018-11-12 17:06:31', '2018-05-06 05:24:23');
INSERT INTO `media` (`id`, `user_id`, `filename`, `size`, `metadata`, `media_type_id`, `created_at`, `updated_at`) VALUES (262, 62, 'quaerat', 6686247, NULL, 4, '2016-09-17 20:04:21', '2018-05-24 17:33:12');
INSERT INTO `media` (`id`, `user_id`, `filename`, `size`, `metadata`, `media_type_id`, `created_at`, `updated_at`) VALUES (263, 63, 'ut', 8031, NULL, 5, '2011-08-19 16:23:31', '2012-03-05 06:47:08');
INSERT INTO `media` (`id`, `user_id`, `filename`, `size`, `metadata`, `media_type_id`, `created_at`, `updated_at`) VALUES (264, 64, 'doloremque', 67738368, NULL, 6, '2020-05-10 00:37:51', '2012-04-29 08:34:10');
INSERT INTO `media` (`id`, `user_id`, `filename`, `size`, `metadata`, `media_type_id`, `created_at`, `updated_at`) VALUES (265, 65, 'architecto', 18117, NULL, 1, '2012-07-17 02:50:14', '2018-06-06 02:03:51');
INSERT INTO `media` (`id`, `user_id`, `filename`, `size`, `metadata`, `media_type_id`, `created_at`, `updated_at`) VALUES (266, 66, 'ut', 4252, NULL, 2, '2019-03-16 21:17:44', '2020-03-24 07:42:08');
INSERT INTO `media` (`id`, `user_id`, `filename`, `size`, `metadata`, `media_type_id`, `created_at`, `updated_at`) VALUES (267, 67, 'consequatur', 92, NULL, 3, '2016-11-15 12:49:17', '2011-07-19 01:21:50');
INSERT INTO `media` (`id`, `user_id`, `filename`, `size`, `metadata`, `media_type_id`, `created_at`, `updated_at`) VALUES (268, 68, 'ut', 2, NULL, 4, '2018-09-05 18:37:55', '2017-03-06 21:26:11');
INSERT INTO `media` (`id`, `user_id`, `filename`, `size`, `metadata`, `media_type_id`, `created_at`, `updated_at`) VALUES (269, 69, 'illum', 8390, NULL, 5, '2020-11-27 22:35:39', '2017-02-06 00:58:17');
INSERT INTO `media` (`id`, `user_id`, `filename`, `size`, `metadata`, `media_type_id`, `created_at`, `updated_at`) VALUES (270, 70, 'est', 487976, NULL, 6, '2018-06-06 11:38:34', '2020-01-23 07:16:48');
INSERT INTO `media` (`id`, `user_id`, `filename`, `size`, `metadata`, `media_type_id`, `created_at`, `updated_at`) VALUES (271, 71, 'quibusdam', 75002, NULL, 1, '2014-04-05 02:59:05', '2015-09-17 17:25:37');
INSERT INTO `media` (`id`, `user_id`, `filename`, `size`, `metadata`, `media_type_id`, `created_at`, `updated_at`) VALUES (272, 72, 'ut', 3764005, NULL, 2, '2021-04-22 11:11:07', '2013-02-08 22:05:10');
INSERT INTO `media` (`id`, `user_id`, `filename`, `size`, `metadata`, `media_type_id`, `created_at`, `updated_at`) VALUES (273, 73, 'est', 191, NULL, 3, '2019-12-09 17:57:17', '2021-01-02 07:17:47');
INSERT INTO `media` (`id`, `user_id`, `filename`, `size`, `metadata`, `media_type_id`, `created_at`, `updated_at`) VALUES (274, 74, 'incidunt', 634422, NULL, 4, '2016-01-21 04:29:25', '2021-06-24 23:45:55');
INSERT INTO `media` (`id`, `user_id`, `filename`, `size`, `metadata`, `media_type_id`, `created_at`, `updated_at`) VALUES (275, 75, 'ipsum', 995483104, NULL, 5, '2021-02-21 07:58:47', '2012-10-28 18:53:51');
INSERT INTO `media` (`id`, `user_id`, `filename`, `size`, `metadata`, `media_type_id`, `created_at`, `updated_at`) VALUES (276, 76, 'enim', 811, NULL, 6, '2017-07-29 14:58:59', '2021-02-24 22:19:28');
INSERT INTO `media` (`id`, `user_id`, `filename`, `size`, `metadata`, `media_type_id`, `created_at`, `updated_at`) VALUES (277, 77, 'earum', 0, NULL, 1, '2012-05-23 13:01:40', '2020-10-03 10:20:55');
INSERT INTO `media` (`id`, `user_id`, `filename`, `size`, `metadata`, `media_type_id`, `created_at`, `updated_at`) VALUES (278, 78, 'facilis', 339568, NULL, 2, '2016-02-28 02:58:31', '2020-01-07 18:07:17');
INSERT INTO `media` (`id`, `user_id`, `filename`, `size`, `metadata`, `media_type_id`, `created_at`, `updated_at`) VALUES (279, 79, 'doloremque', 937980, NULL, 3, '2012-06-08 02:32:07', '2020-03-19 01:37:41');
INSERT INTO `media` (`id`, `user_id`, `filename`, `size`, `metadata`, `media_type_id`, `created_at`, `updated_at`) VALUES (280, 80, 'modi', 885274644, NULL, 4, '2014-07-16 01:45:59', '2019-11-29 02:50:01');
INSERT INTO `media` (`id`, `user_id`, `filename`, `size`, `metadata`, `media_type_id`, `created_at`, `updated_at`) VALUES (281, 81, 'illo', 317, NULL, 5, '2020-04-15 06:59:57', '2019-12-22 10:02:43');
INSERT INTO `media` (`id`, `user_id`, `filename`, `size`, `metadata`, `media_type_id`, `created_at`, `updated_at`) VALUES (282, 82, 'quis', 4078, NULL, 6, '2012-02-15 15:42:48', '2014-01-04 08:40:09');
INSERT INTO `media` (`id`, `user_id`, `filename`, `size`, `metadata`, `media_type_id`, `created_at`, `updated_at`) VALUES (283, 83, 'dolores', 155262830, NULL, 1, '2019-11-27 01:06:24', '2017-03-06 15:01:42');
INSERT INTO `media` (`id`, `user_id`, `filename`, `size`, `metadata`, `media_type_id`, `created_at`, `updated_at`) VALUES (284, 84, 'quibusdam', 77883, NULL, 2, '2015-07-13 15:36:05', '2015-05-23 13:02:25');
INSERT INTO `media` (`id`, `user_id`, `filename`, `size`, `metadata`, `media_type_id`, `created_at`, `updated_at`) VALUES (285, 85, 'fuga', 7865677, NULL, 3, '2013-01-17 09:34:50', '2020-07-21 12:50:13');
INSERT INTO `media` (`id`, `user_id`, `filename`, `size`, `metadata`, `media_type_id`, `created_at`, `updated_at`) VALUES (286, 86, 'sit', 2696, NULL, 4, '2013-07-12 16:42:11', '2018-02-03 20:27:59');
INSERT INTO `media` (`id`, `user_id`, `filename`, `size`, `metadata`, `media_type_id`, `created_at`, `updated_at`) VALUES (287, 87, 'sunt', 1, NULL, 5, '2013-08-01 19:24:23', '2012-04-26 09:35:20');
INSERT INTO `media` (`id`, `user_id`, `filename`, `size`, `metadata`, `media_type_id`, `created_at`, `updated_at`) VALUES (288, 88, 'enim', 66013, NULL, 6, '2018-02-18 23:09:31', '2012-02-17 01:31:05');
INSERT INTO `media` (`id`, `user_id`, `filename`, `size`, `metadata`, `media_type_id`, `created_at`, `updated_at`) VALUES (289, 89, 'animi', 8543192, NULL, 1, '2013-11-06 00:11:00', '2020-10-05 23:43:19');
INSERT INTO `media` (`id`, `user_id`, `filename`, `size`, `metadata`, `media_type_id`, `created_at`, `updated_at`) VALUES (290, 90, 'dicta', 2, NULL, 2, '2019-10-12 15:09:30', '2018-06-01 00:45:18');
INSERT INTO `media` (`id`, `user_id`, `filename`, `size`, `metadata`, `media_type_id`, `created_at`, `updated_at`) VALUES (291, 91, 'quis', 1343, NULL, 3, '2016-11-25 15:48:01', '2015-02-04 22:37:30');
INSERT INTO `media` (`id`, `user_id`, `filename`, `size`, `metadata`, `media_type_id`, `created_at`, `updated_at`) VALUES (292, 92, 'laborum', 7435, NULL, 4, '2019-11-03 11:34:32', '2015-04-20 13:21:57');
INSERT INTO `media` (`id`, `user_id`, `filename`, `size`, `metadata`, `media_type_id`, `created_at`, `updated_at`) VALUES (293, 93, 'dolor', 71, NULL, 5, '2019-10-20 05:35:18', '2013-07-19 04:13:48');
INSERT INTO `media` (`id`, `user_id`, `filename`, `size`, `metadata`, `media_type_id`, `created_at`, `updated_at`) VALUES (294, 94, 'labore', 0, NULL, 6, '2016-12-19 19:07:47', '2020-01-16 06:35:39');
INSERT INTO `media` (`id`, `user_id`, `filename`, `size`, `metadata`, `media_type_id`, `created_at`, `updated_at`) VALUES (295, 95, 'voluptatem', 89921828, NULL, 1, '2019-11-22 01:19:07', '2020-05-11 07:52:38');
INSERT INTO `media` (`id`, `user_id`, `filename`, `size`, `metadata`, `media_type_id`, `created_at`, `updated_at`) VALUES (296, 96, 'rem', 877989, NULL, 2, '2018-02-19 05:41:41', '2014-09-05 14:58:31');
INSERT INTO `media` (`id`, `user_id`, `filename`, `size`, `metadata`, `media_type_id`, `created_at`, `updated_at`) VALUES (297, 97, 'reiciendis', 501515, NULL, 3, '2020-06-10 02:51:49', '2021-02-05 12:48:23');
INSERT INTO `media` (`id`, `user_id`, `filename`, `size`, `metadata`, `media_type_id`, `created_at`, `updated_at`) VALUES (298, 98, 'quis', 993493, NULL, 4, '2015-09-26 07:16:32', '2015-10-09 20:12:38');
INSERT INTO `media` (`id`, `user_id`, `filename`, `size`, `metadata`, `media_type_id`, `created_at`, `updated_at`) VALUES (299, 99, 'et', 7, NULL, 5, '2019-05-03 12:32:47', '2017-09-25 12:58:50');
INSERT INTO `media` (`id`, `user_id`, `filename`, `size`, `metadata`, `media_type_id`, `created_at`, `updated_at`) VALUES (300, 100, 'corporis', 316594, NULL, 6, '2017-12-04 10:36:54', '2015-04-29 15:31:38');
INSERT INTO `media` (`id`, `user_id`, `filename`, `size`, `metadata`, `media_type_id`, `created_at`, `updated_at`) VALUES (301, 1, 'quas', 5525560, NULL, 1, '2013-09-29 09:54:48', '2020-11-04 12:10:45');
INSERT INTO `media` (`id`, `user_id`, `filename`, `size`, `metadata`, `media_type_id`, `created_at`, `updated_at`) VALUES (302, 2, 'est', 1021, NULL, 2, '2018-10-18 21:59:28', '2017-11-13 00:06:49');
INSERT INTO `media` (`id`, `user_id`, `filename`, `size`, `metadata`, `media_type_id`, `created_at`, `updated_at`) VALUES (303, 3, 'omnis', 53476990, NULL, 3, '2018-08-07 14:02:07', '2011-11-06 12:45:32');
INSERT INTO `media` (`id`, `user_id`, `filename`, `size`, `metadata`, `media_type_id`, `created_at`, `updated_at`) VALUES (304, 4, 'culpa', 4468, NULL, 4, '2021-02-08 15:28:17', '2015-10-03 03:55:22');
INSERT INTO `media` (`id`, `user_id`, `filename`, `size`, `metadata`, `media_type_id`, `created_at`, `updated_at`) VALUES (305, 5, 'omnis', 56036, NULL, 5, '2014-10-16 06:38:49', '2012-08-13 02:06:27');
INSERT INTO `media` (`id`, `user_id`, `filename`, `size`, `metadata`, `media_type_id`, `created_at`, `updated_at`) VALUES (306, 6, 'beatae', 501, NULL, 6, '2019-09-11 08:07:31', '2013-09-12 16:31:01');
INSERT INTO `media` (`id`, `user_id`, `filename`, `size`, `metadata`, `media_type_id`, `created_at`, `updated_at`) VALUES (307, 7, 'ratione', 272240, NULL, 1, '2018-08-02 18:20:36', '2017-09-03 23:05:45');
INSERT INTO `media` (`id`, `user_id`, `filename`, `size`, `metadata`, `media_type_id`, `created_at`, `updated_at`) VALUES (308, 8, 'neque', 0, NULL, 2, '2014-04-22 23:58:55', '2019-12-05 17:42:53');
INSERT INTO `media` (`id`, `user_id`, `filename`, `size`, `metadata`, `media_type_id`, `created_at`, `updated_at`) VALUES (309, 9, 'fuga', 577937, NULL, 3, '2012-06-07 02:37:01', '2017-08-13 02:05:41');
INSERT INTO `media` (`id`, `user_id`, `filename`, `size`, `metadata`, `media_type_id`, `created_at`, `updated_at`) VALUES (310, 10, 'sequi', 95, NULL, 4, '2013-05-06 15:41:56', '2020-10-30 18:50:42');
INSERT INTO `media` (`id`, `user_id`, `filename`, `size`, `metadata`, `media_type_id`, `created_at`, `updated_at`) VALUES (311, 11, 'est', 48785033, NULL, 5, '2016-10-19 12:56:00', '2012-03-04 00:55:52');
INSERT INTO `media` (`id`, `user_id`, `filename`, `size`, `metadata`, `media_type_id`, `created_at`, `updated_at`) VALUES (312, 12, 'alias', 30460, NULL, 6, '2013-02-28 02:33:08', '2015-05-24 21:57:03');
INSERT INTO `media` (`id`, `user_id`, `filename`, `size`, `metadata`, `media_type_id`, `created_at`, `updated_at`) VALUES (313, 13, 'cupiditate', 214364, NULL, 1, '2017-01-15 11:24:45', '2013-03-24 19:43:59');
INSERT INTO `media` (`id`, `user_id`, `filename`, `size`, `metadata`, `media_type_id`, `created_at`, `updated_at`) VALUES (314, 14, 'reprehenderit', 46395, NULL, 2, '2017-04-19 08:44:41', '2016-07-30 00:56:00');
INSERT INTO `media` (`id`, `user_id`, `filename`, `size`, `metadata`, `media_type_id`, `created_at`, `updated_at`) VALUES (315, 15, 'sint', 4, NULL, 3, '2020-04-03 06:24:17', '2011-10-10 08:56:13');
INSERT INTO `media` (`id`, `user_id`, `filename`, `size`, `metadata`, `media_type_id`, `created_at`, `updated_at`) VALUES (316, 16, 'quia', 68, NULL, 4, '2014-02-11 02:12:29', '2016-06-02 02:06:55');
INSERT INTO `media` (`id`, `user_id`, `filename`, `size`, `metadata`, `media_type_id`, `created_at`, `updated_at`) VALUES (317, 17, 'et', 14854157, NULL, 5, '2012-04-21 07:24:39', '2018-09-09 23:20:43');
INSERT INTO `media` (`id`, `user_id`, `filename`, `size`, `metadata`, `media_type_id`, `created_at`, `updated_at`) VALUES (318, 18, 'nobis', 8, NULL, 6, '2012-06-14 09:28:06', '2014-05-03 05:14:13');
INSERT INTO `media` (`id`, `user_id`, `filename`, `size`, `metadata`, `media_type_id`, `created_at`, `updated_at`) VALUES (319, 19, 'est', 2510566, NULL, 1, '2012-11-04 22:36:01', '2013-02-15 14:45:50');
INSERT INTO `media` (`id`, `user_id`, `filename`, `size`, `metadata`, `media_type_id`, `created_at`, `updated_at`) VALUES (320, 20, 'quis', 8517, NULL, 2, '2016-10-31 07:40:30', '2015-06-22 03:22:21');
INSERT INTO `media` (`id`, `user_id`, `filename`, `size`, `metadata`, `media_type_id`, `created_at`, `updated_at`) VALUES (321, 21, 'quia', 550868, NULL, 3, '2012-03-21 12:23:40', '2020-06-03 00:37:04');
INSERT INTO `media` (`id`, `user_id`, `filename`, `size`, `metadata`, `media_type_id`, `created_at`, `updated_at`) VALUES (322, 22, 'ipsam', 7, NULL, 4, '2013-12-02 17:54:38', '2019-05-04 16:26:58');
INSERT INTO `media` (`id`, `user_id`, `filename`, `size`, `metadata`, `media_type_id`, `created_at`, `updated_at`) VALUES (323, 23, 'atque', 24, NULL, 5, '2017-05-01 19:13:43', '2012-04-26 05:58:44');
INSERT INTO `media` (`id`, `user_id`, `filename`, `size`, `metadata`, `media_type_id`, `created_at`, `updated_at`) VALUES (324, 24, 'quae', 7028, NULL, 6, '2020-04-14 09:01:48', '2016-08-25 01:58:39');
INSERT INTO `media` (`id`, `user_id`, `filename`, `size`, `metadata`, `media_type_id`, `created_at`, `updated_at`) VALUES (325, 25, 'numquam', 0, NULL, 1, '2018-12-14 22:28:46', '2012-10-10 15:22:54');
INSERT INTO `media` (`id`, `user_id`, `filename`, `size`, `metadata`, `media_type_id`, `created_at`, `updated_at`) VALUES (326, 26, 'quisquam', 149, NULL, 2, '2016-03-09 18:26:22', '2016-10-16 04:49:17');
INSERT INTO `media` (`id`, `user_id`, `filename`, `size`, `metadata`, `media_type_id`, `created_at`, `updated_at`) VALUES (327, 27, 'enim', 27158, NULL, 3, '2020-02-24 13:37:56', '2017-07-09 03:33:45');
INSERT INTO `media` (`id`, `user_id`, `filename`, `size`, `metadata`, `media_type_id`, `created_at`, `updated_at`) VALUES (328, 28, 'molestiae', 6608118, NULL, 4, '2012-07-27 22:58:54', '2018-12-03 23:07:23');
INSERT INTO `media` (`id`, `user_id`, `filename`, `size`, `metadata`, `media_type_id`, `created_at`, `updated_at`) VALUES (329, 29, 'dolorum', 4701, NULL, 5, '2021-05-31 03:24:57', '2020-12-18 17:09:58');
INSERT INTO `media` (`id`, `user_id`, `filename`, `size`, `metadata`, `media_type_id`, `created_at`, `updated_at`) VALUES (330, 30, 'est', 0, NULL, 6, '2015-05-19 03:15:36', '2012-02-18 18:58:34');
INSERT INTO `media` (`id`, `user_id`, `filename`, `size`, `metadata`, `media_type_id`, `created_at`, `updated_at`) VALUES (331, 31, 'qui', 942812, NULL, 1, '2020-06-28 22:57:54', '2017-04-30 16:04:54');
INSERT INTO `media` (`id`, `user_id`, `filename`, `size`, `metadata`, `media_type_id`, `created_at`, `updated_at`) VALUES (332, 32, 'non', 0, NULL, 2, '2012-10-17 02:48:05', '2014-12-16 23:14:22');
INSERT INTO `media` (`id`, `user_id`, `filename`, `size`, `metadata`, `media_type_id`, `created_at`, `updated_at`) VALUES (333, 33, 'quas', 855884, NULL, 3, '2015-03-06 12:49:14', '2020-12-07 05:38:49');
INSERT INTO `media` (`id`, `user_id`, `filename`, `size`, `metadata`, `media_type_id`, `created_at`, `updated_at`) VALUES (334, 34, 'doloremque', 9699, NULL, 4, '2018-11-26 04:54:13', '2018-01-22 12:22:49');
INSERT INTO `media` (`id`, `user_id`, `filename`, `size`, `metadata`, `media_type_id`, `created_at`, `updated_at`) VALUES (335, 35, 'et', 48523, NULL, 5, '2019-08-21 16:42:07', '2011-09-17 09:11:02');
INSERT INTO `media` (`id`, `user_id`, `filename`, `size`, `metadata`, `media_type_id`, `created_at`, `updated_at`) VALUES (336, 36, 'non', 0, NULL, 6, '2014-04-16 02:27:31', '2012-03-03 04:27:41');
INSERT INTO `media` (`id`, `user_id`, `filename`, `size`, `metadata`, `media_type_id`, `created_at`, `updated_at`) VALUES (337, 37, 'vel', 773555, NULL, 1, '2012-11-30 22:36:15', '2013-06-13 22:00:03');
INSERT INTO `media` (`id`, `user_id`, `filename`, `size`, `metadata`, `media_type_id`, `created_at`, `updated_at`) VALUES (338, 38, 'sapiente', 2598, NULL, 2, '2013-06-18 15:17:45', '2014-08-05 20:37:18');
INSERT INTO `media` (`id`, `user_id`, `filename`, `size`, `metadata`, `media_type_id`, `created_at`, `updated_at`) VALUES (339, 39, 'vel', 3048, NULL, 3, '2014-09-08 01:27:45', '2017-07-31 16:43:19');
INSERT INTO `media` (`id`, `user_id`, `filename`, `size`, `metadata`, `media_type_id`, `created_at`, `updated_at`) VALUES (340, 40, 'maxime', 3, NULL, 4, '2020-12-22 18:31:51', '2016-11-27 01:42:04');
INSERT INTO `media` (`id`, `user_id`, `filename`, `size`, `metadata`, `media_type_id`, `created_at`, `updated_at`) VALUES (341, 41, 'mollitia', 64, NULL, 5, '2019-11-11 07:50:45', '2015-02-08 17:54:10');
INSERT INTO `media` (`id`, `user_id`, `filename`, `size`, `metadata`, `media_type_id`, `created_at`, `updated_at`) VALUES (342, 42, 'libero', 28558679, NULL, 6, '2021-01-22 07:56:36', '2019-03-13 13:19:36');
INSERT INTO `media` (`id`, `user_id`, `filename`, `size`, `metadata`, `media_type_id`, `created_at`, `updated_at`) VALUES (343, 43, 'inventore', 916, NULL, 1, '2020-03-25 10:35:59', '2013-05-27 12:08:10');
INSERT INTO `media` (`id`, `user_id`, `filename`, `size`, `metadata`, `media_type_id`, `created_at`, `updated_at`) VALUES (344, 44, 'laudantium', 88565, NULL, 2, '2011-09-24 03:01:10', '2014-06-27 15:54:39');
INSERT INTO `media` (`id`, `user_id`, `filename`, `size`, `metadata`, `media_type_id`, `created_at`, `updated_at`) VALUES (345, 45, 'iure', 1, NULL, 3, '2018-09-09 06:28:33', '2018-12-20 10:39:35');
INSERT INTO `media` (`id`, `user_id`, `filename`, `size`, `metadata`, `media_type_id`, `created_at`, `updated_at`) VALUES (346, 46, 'maiores', 0, NULL, 4, '2016-11-14 06:48:48', '2014-06-21 04:43:18');
INSERT INTO `media` (`id`, `user_id`, `filename`, `size`, `metadata`, `media_type_id`, `created_at`, `updated_at`) VALUES (347, 47, 'earum', 7325448, NULL, 5, '2014-06-09 05:48:02', '2021-01-10 19:55:18');
INSERT INTO `media` (`id`, `user_id`, `filename`, `size`, `metadata`, `media_type_id`, `created_at`, `updated_at`) VALUES (348, 48, 'aperiam', 8282, NULL, 6, '2014-08-04 05:35:31', '2018-04-08 01:06:57');
INSERT INTO `media` (`id`, `user_id`, `filename`, `size`, `metadata`, `media_type_id`, `created_at`, `updated_at`) VALUES (349, 49, 'delectus', 581, NULL, 1, '2013-12-20 16:59:29', '2020-12-08 18:23:23');
INSERT INTO `media` (`id`, `user_id`, `filename`, `size`, `metadata`, `media_type_id`, `created_at`, `updated_at`) VALUES (350, 50, 'est', 951436128, NULL, 2, '2013-10-26 21:02:40', '2017-09-27 15:33:41');
INSERT INTO `media` (`id`, `user_id`, `filename`, `size`, `metadata`, `media_type_id`, `created_at`, `updated_at`) VALUES (351, 51, 'in', 115307, NULL, 3, '2017-12-27 00:21:52', '2018-10-29 05:12:22');
INSERT INTO `media` (`id`, `user_id`, `filename`, `size`, `metadata`, `media_type_id`, `created_at`, `updated_at`) VALUES (352, 52, 'eum', 20682233, NULL, 4, '2012-01-15 20:50:12', '2014-07-11 03:28:18');
INSERT INTO `media` (`id`, `user_id`, `filename`, `size`, `metadata`, `media_type_id`, `created_at`, `updated_at`) VALUES (353, 53, 'qui', 3593, NULL, 5, '2020-09-10 18:18:14', '2011-09-24 20:08:18');
INSERT INTO `media` (`id`, `user_id`, `filename`, `size`, `metadata`, `media_type_id`, `created_at`, `updated_at`) VALUES (354, 54, 'nihil', 4961, NULL, 6, '2015-01-24 23:46:49', '2012-06-26 18:17:22');
INSERT INTO `media` (`id`, `user_id`, `filename`, `size`, `metadata`, `media_type_id`, `created_at`, `updated_at`) VALUES (355, 55, 'at', 13841, NULL, 1, '2012-01-12 16:51:01', '2017-07-26 07:08:56');
INSERT INTO `media` (`id`, `user_id`, `filename`, `size`, `metadata`, `media_type_id`, `created_at`, `updated_at`) VALUES (356, 56, 'dolor', 972, NULL, 2, '2011-12-21 05:06:30', '2017-12-03 20:48:58');
INSERT INTO `media` (`id`, `user_id`, `filename`, `size`, `metadata`, `media_type_id`, `created_at`, `updated_at`) VALUES (357, 57, 'nihil', 145, NULL, 3, '2018-09-15 05:19:03', '2013-02-11 07:33:49');
INSERT INTO `media` (`id`, `user_id`, `filename`, `size`, `metadata`, `media_type_id`, `created_at`, `updated_at`) VALUES (358, 58, 'culpa', 0, NULL, 4, '2021-02-11 06:14:46', '2011-10-24 21:19:42');
INSERT INTO `media` (`id`, `user_id`, `filename`, `size`, `metadata`, `media_type_id`, `created_at`, `updated_at`) VALUES (359, 59, 'adipisci', 655057, NULL, 5, '2015-11-23 11:26:36', '2020-10-29 18:08:47');
INSERT INTO `media` (`id`, `user_id`, `filename`, `size`, `metadata`, `media_type_id`, `created_at`, `updated_at`) VALUES (360, 60, 'nisi', 0, NULL, 6, '2018-10-28 07:23:19', '2014-06-29 14:50:00');
INSERT INTO `media` (`id`, `user_id`, `filename`, `size`, `metadata`, `media_type_id`, `created_at`, `updated_at`) VALUES (361, 61, 'velit', 126579550, NULL, 1, '2013-03-09 20:35:20', '2014-11-30 21:47:40');
INSERT INTO `media` (`id`, `user_id`, `filename`, `size`, `metadata`, `media_type_id`, `created_at`, `updated_at`) VALUES (362, 62, 'recusandae', 206625357, NULL, 2, '2012-11-25 14:17:35', '2021-01-03 04:48:48');
INSERT INTO `media` (`id`, `user_id`, `filename`, `size`, `metadata`, `media_type_id`, `created_at`, `updated_at`) VALUES (363, 63, 'necessitatibus', 0, NULL, 3, '2013-02-06 03:18:36', '2020-08-18 12:41:30');
INSERT INTO `media` (`id`, `user_id`, `filename`, `size`, `metadata`, `media_type_id`, `created_at`, `updated_at`) VALUES (364, 64, 'qui', 69, NULL, 4, '2016-03-18 00:04:02', '2018-05-25 09:03:59');
INSERT INTO `media` (`id`, `user_id`, `filename`, `size`, `metadata`, `media_type_id`, `created_at`, `updated_at`) VALUES (365, 65, 'temporibus', 215, NULL, 5, '2020-05-08 05:14:20', '2013-06-08 09:10:47');
INSERT INTO `media` (`id`, `user_id`, `filename`, `size`, `metadata`, `media_type_id`, `created_at`, `updated_at`) VALUES (366, 66, 'illo', 84219147, NULL, 6, '2013-03-03 20:42:21', '2016-10-26 20:52:07');
INSERT INTO `media` (`id`, `user_id`, `filename`, `size`, `metadata`, `media_type_id`, `created_at`, `updated_at`) VALUES (367, 67, 'laudantium', 0, NULL, 1, '2018-06-04 14:13:58', '2019-10-20 08:53:59');
INSERT INTO `media` (`id`, `user_id`, `filename`, `size`, `metadata`, `media_type_id`, `created_at`, `updated_at`) VALUES (368, 68, 'consequatur', 525, NULL, 2, '2018-08-28 03:08:29', '2019-07-13 07:43:39');
INSERT INTO `media` (`id`, `user_id`, `filename`, `size`, `metadata`, `media_type_id`, `created_at`, `updated_at`) VALUES (369, 69, 'neque', 26, NULL, 3, '2012-07-27 14:56:31', '2019-05-19 21:44:54');
INSERT INTO `media` (`id`, `user_id`, `filename`, `size`, `metadata`, `media_type_id`, `created_at`, `updated_at`) VALUES (370, 70, 'molestiae', 9945084, NULL, 4, '2012-09-27 23:11:14', '2015-11-29 04:35:42');
INSERT INTO `media` (`id`, `user_id`, `filename`, `size`, `metadata`, `media_type_id`, `created_at`, `updated_at`) VALUES (371, 71, 'labore', 0, NULL, 5, '2017-10-25 15:31:15', '2017-12-19 21:44:30');
INSERT INTO `media` (`id`, `user_id`, `filename`, `size`, `metadata`, `media_type_id`, `created_at`, `updated_at`) VALUES (372, 72, 'natus', 317340, NULL, 6, '2018-04-17 15:56:49', '2013-09-03 10:04:36');
INSERT INTO `media` (`id`, `user_id`, `filename`, `size`, `metadata`, `media_type_id`, `created_at`, `updated_at`) VALUES (373, 73, 'ea', 21327, NULL, 1, '2020-10-28 14:33:01', '2019-12-02 23:42:44');
INSERT INTO `media` (`id`, `user_id`, `filename`, `size`, `metadata`, `media_type_id`, `created_at`, `updated_at`) VALUES (374, 74, 'repellat', 895750, NULL, 2, '2021-06-06 16:07:57', '2016-12-11 06:26:23');
INSERT INTO `media` (`id`, `user_id`, `filename`, `size`, `metadata`, `media_type_id`, `created_at`, `updated_at`) VALUES (375, 75, 'labore', 5, NULL, 3, '2016-04-20 20:20:01', '2017-09-13 04:25:44');
INSERT INTO `media` (`id`, `user_id`, `filename`, `size`, `metadata`, `media_type_id`, `created_at`, `updated_at`) VALUES (376, 76, 'at', 184084, NULL, 4, '2020-07-30 16:00:29', '2019-09-27 22:59:21');
INSERT INTO `media` (`id`, `user_id`, `filename`, `size`, `metadata`, `media_type_id`, `created_at`, `updated_at`) VALUES (377, 77, 'animi', 0, NULL, 5, '2016-03-27 08:33:23', '2015-01-15 15:27:47');
INSERT INTO `media` (`id`, `user_id`, `filename`, `size`, `metadata`, `media_type_id`, `created_at`, `updated_at`) VALUES (378, 78, 'harum', 4266989, NULL, 6, '2019-12-14 23:14:41', '2016-09-05 16:40:29');
INSERT INTO `media` (`id`, `user_id`, `filename`, `size`, `metadata`, `media_type_id`, `created_at`, `updated_at`) VALUES (379, 79, 'praesentium', 66750112, NULL, 1, '2016-12-28 06:55:54', '2020-03-15 13:52:53');
INSERT INTO `media` (`id`, `user_id`, `filename`, `size`, `metadata`, `media_type_id`, `created_at`, `updated_at`) VALUES (380, 80, 'deleniti', 5243, NULL, 2, '2020-03-03 06:40:44', '2020-12-17 01:16:01');
INSERT INTO `media` (`id`, `user_id`, `filename`, `size`, `metadata`, `media_type_id`, `created_at`, `updated_at`) VALUES (381, 81, 'laborum', 837, NULL, 3, '2014-07-01 06:57:22', '2016-09-25 13:42:15');
INSERT INTO `media` (`id`, `user_id`, `filename`, `size`, `metadata`, `media_type_id`, `created_at`, `updated_at`) VALUES (382, 82, 'nam', 34695434, NULL, 4, '2013-07-24 00:45:27', '2019-11-26 09:19:29');
INSERT INTO `media` (`id`, `user_id`, `filename`, `size`, `metadata`, `media_type_id`, `created_at`, `updated_at`) VALUES (383, 83, 'quia', 0, NULL, 5, '2017-06-12 23:10:02', '2019-10-14 21:57:43');
INSERT INTO `media` (`id`, `user_id`, `filename`, `size`, `metadata`, `media_type_id`, `created_at`, `updated_at`) VALUES (384, 84, 'quasi', 262, NULL, 6, '2015-04-28 08:19:03', '2014-09-26 20:29:24');
INSERT INTO `media` (`id`, `user_id`, `filename`, `size`, `metadata`, `media_type_id`, `created_at`, `updated_at`) VALUES (385, 85, 'recusandae', 409220, NULL, 1, '2011-09-19 21:06:05', '2012-05-13 14:21:10');
INSERT INTO `media` (`id`, `user_id`, `filename`, `size`, `metadata`, `media_type_id`, `created_at`, `updated_at`) VALUES (386, 86, 'vel', 507911575, NULL, 2, '2011-08-14 22:38:37', '2016-10-23 07:33:56');
INSERT INTO `media` (`id`, `user_id`, `filename`, `size`, `metadata`, `media_type_id`, `created_at`, `updated_at`) VALUES (387, 87, 'id', 921076, NULL, 3, '2020-09-17 05:16:18', '2021-01-24 21:50:40');
INSERT INTO `media` (`id`, `user_id`, `filename`, `size`, `metadata`, `media_type_id`, `created_at`, `updated_at`) VALUES (388, 88, 'qui', 855098580, NULL, 4, '2021-05-06 09:30:54', '2021-01-12 17:30:27');
INSERT INTO `media` (`id`, `user_id`, `filename`, `size`, `metadata`, `media_type_id`, `created_at`, `updated_at`) VALUES (389, 89, 'iste', 157341775, NULL, 5, '2015-09-09 15:00:19', '2011-08-13 19:06:24');
INSERT INTO `media` (`id`, `user_id`, `filename`, `size`, `metadata`, `media_type_id`, `created_at`, `updated_at`) VALUES (390, 90, 'optio', 3, NULL, 6, '2011-11-12 08:24:45', '2019-05-11 08:57:31');
INSERT INTO `media` (`id`, `user_id`, `filename`, `size`, `metadata`, `media_type_id`, `created_at`, `updated_at`) VALUES (391, 91, 'aut', 5, NULL, 1, '2013-08-12 17:28:57', '2018-11-04 21:56:29');
INSERT INTO `media` (`id`, `user_id`, `filename`, `size`, `metadata`, `media_type_id`, `created_at`, `updated_at`) VALUES (392, 92, 'et', 6891, NULL, 2, '2012-04-27 03:02:59', '2014-02-14 12:34:25');
INSERT INTO `media` (`id`, `user_id`, `filename`, `size`, `metadata`, `media_type_id`, `created_at`, `updated_at`) VALUES (393, 93, 'voluptas', 573, NULL, 3, '2018-04-24 19:58:17', '2018-03-27 01:23:35');
INSERT INTO `media` (`id`, `user_id`, `filename`, `size`, `metadata`, `media_type_id`, `created_at`, `updated_at`) VALUES (394, 94, 'non', 8133, NULL, 4, '2020-04-23 13:35:14', '2016-12-24 10:59:03');
INSERT INTO `media` (`id`, `user_id`, `filename`, `size`, `metadata`, `media_type_id`, `created_at`, `updated_at`) VALUES (395, 95, 'voluptatum', 67039, NULL, 5, '2013-03-08 07:25:00', '2014-12-10 21:28:55');
INSERT INTO `media` (`id`, `user_id`, `filename`, `size`, `metadata`, `media_type_id`, `created_at`, `updated_at`) VALUES (396, 96, 'omnis', 124695, NULL, 6, '2016-07-24 08:28:45', '2018-11-24 07:41:54');
INSERT INTO `media` (`id`, `user_id`, `filename`, `size`, `metadata`, `media_type_id`, `created_at`, `updated_at`) VALUES (397, 97, 'aut', 563, NULL, 1, '2016-11-29 20:57:51', '2015-07-08 19:34:32');
INSERT INTO `media` (`id`, `user_id`, `filename`, `size`, `metadata`, `media_type_id`, `created_at`, `updated_at`) VALUES (398, 98, 'ut', 85, NULL, 2, '2016-01-26 10:10:11', '2018-11-21 18:03:59');
INSERT INTO `media` (`id`, `user_id`, `filename`, `size`, `metadata`, `media_type_id`, `created_at`, `updated_at`) VALUES (399, 99, 'cumque', 7472, NULL, 3, '2021-01-29 18:30:31', '2011-12-02 06:05:21');
INSERT INTO `media` (`id`, `user_id`, `filename`, `size`, `metadata`, `media_type_id`, `created_at`, `updated_at`) VALUES (400, 100, 'provident', 30823153, NULL, 4, '2015-09-25 17:55:11', '2020-05-27 16:22:37');


#
# TABLE STRUCTURE FOR: media_types
#

DROP TABLE IF EXISTS `media_types`;

CREATE TABLE `media_types` (
  `id` int(10) unsigned NOT NULL AUTO_INCREMENT COMMENT 'Идентификатор строки',
  `name` varchar(255) COLLATE utf8mb4_unicode_ci NOT NULL COMMENT 'Название типа',
  `created_at` datetime DEFAULT current_timestamp() COMMENT 'Время создания строки',
  `updated_at` datetime DEFAULT current_timestamp() ON UPDATE current_timestamp() COMMENT 'Время обновления строки',
  PRIMARY KEY (`id`),
  UNIQUE KEY `name` (`name`)
) ENGINE=InnoDB AUTO_INCREMENT=7 DEFAULT CHARSET=utf8mb4 COLLATE=utf8mb4_unicode_ci COMMENT='Типы медиафайлов';

INSERT INTO `media_types` (`id`, `name`, `created_at`, `updated_at`) VALUES (1, 'quos', '2012-08-03 09:41:27', '2016-08-10 06:14:02');
INSERT INTO `media_types` (`id`, `name`, `created_at`, `updated_at`) VALUES (2, 'dolorem', '2015-08-12 11:19:40', '2017-05-03 21:55:48');
INSERT INTO `media_types` (`id`, `name`, `created_at`, `updated_at`) VALUES (3, 'aut', '2018-02-13 10:19:25', '2015-09-27 18:56:58');
INSERT INTO `media_types` (`id`, `name`, `created_at`, `updated_at`) VALUES (4, 'ut', '2014-04-17 18:42:10', '2013-05-14 11:32:20');
INSERT INTO `media_types` (`id`, `name`, `created_at`, `updated_at`) VALUES (5, 'in', '2012-02-25 11:51:26', '2013-10-21 22:51:31');
INSERT INTO `media_types` (`id`, `name`, `created_at`, `updated_at`) VALUES (6, 'doloremque', '2012-12-10 18:32:11', '2015-05-07 18:42:32');


#
# TABLE STRUCTURE FOR: messages
#

DROP TABLE IF EXISTS `messages`;

CREATE TABLE `messages` (
  `id` int(10) unsigned NOT NULL AUTO_INCREMENT COMMENT 'Идентификатор строки',
  `from_user_id` int(10) unsigned NOT NULL COMMENT 'Ссылка на отправителя сообщения',
  `to_user_id` int(10) unsigned NOT NULL COMMENT 'Ссылка на получателя сообщения',
  `body` text COLLATE utf8mb4_unicode_ci NOT NULL COMMENT 'Текст сообщения',
  `is_important` tinyint(1) DEFAULT NULL COMMENT 'Признак важности',
  `is_delivered` tinyint(1) DEFAULT NULL COMMENT 'Признак доставки',
  `created_at` datetime DEFAULT current_timestamp() COMMENT 'Время создания строки',
  PRIMARY KEY (`id`)
) ENGINE=InnoDB AUTO_INCREMENT=301 DEFAULT CHARSET=utf8mb4 COLLATE=utf8mb4_unicode_ci COMMENT='Сообщения';

INSERT INTO `messages` (`id`, `from_user_id`, `to_user_id`, `body`, `is_important`, `is_delivered`, `created_at`) VALUES (1, 1, 1, 'Fugit laborum labore repudiandae assumenda non excepturi. Necessitatibus id optio sequi voluptatem. Maxime doloribus expedita neque distinctio velit nam minus.', 0, 0, '2019-09-24 11:45:36');
INSERT INTO `messages` (`id`, `from_user_id`, `to_user_id`, `body`, `is_important`, `is_delivered`, `created_at`) VALUES (2, 2, 2, 'Asperiores et dolor sed nihil qui animi. Nihil et consequuntur qui impedit. Adipisci quos fugit qui architecto esse non totam. Enim voluptatibus ipsum fugit sit voluptatem maiores alias excepturi.', 0, 0, '2019-06-23 14:32:05');
INSERT INTO `messages` (`id`, `from_user_id`, `to_user_id`, `body`, `is_important`, `is_delivered`, `created_at`) VALUES (3, 3, 3, 'Laborum sed iste rem recusandae aut quidem dolores. Tempore ut aspernatur est autem exercitationem dolorem consequatur. Et quo voluptatem qui soluta amet.', 1, 1, '2012-12-02 06:57:21');
INSERT INTO `messages` (`id`, `from_user_id`, `to_user_id`, `body`, `is_important`, `is_delivered`, `created_at`) VALUES (4, 4, 4, 'Aut at alias veniam ex occaecati aspernatur. Omnis reiciendis ipsa ea nostrum omnis officiis id. Aut qui pariatur rerum ea maiores laudantium asperiores.', 0, 0, '2018-05-19 18:40:21');
INSERT INTO `messages` (`id`, `from_user_id`, `to_user_id`, `body`, `is_important`, `is_delivered`, `created_at`) VALUES (5, 5, 5, 'Totam consequatur corporis porro accusantium. Vero dolores quaerat perspiciatis. Itaque voluptatibus eum omnis repellendus.', 0, 1, '2017-08-30 03:44:18');
INSERT INTO `messages` (`id`, `from_user_id`, `to_user_id`, `body`, `is_important`, `is_delivered`, `created_at`) VALUES (6, 6, 6, 'Aut delectus vel vel non autem aliquam ipsum. Ut minima eligendi dolor vel velit aut. Neque molestiae sapiente sequi quis et ut vel.', 1, 0, '2015-12-30 12:50:32');
INSERT INTO `messages` (`id`, `from_user_id`, `to_user_id`, `body`, `is_important`, `is_delivered`, `created_at`) VALUES (7, 7, 7, 'Labore accusamus deserunt corrupti cum magnam ratione illo. Occaecati error incidunt beatae possimus dolore sit debitis. Minus officia repudiandae laudantium explicabo asperiores reprehenderit. Nihil ut rerum officia dignissimos est doloribus.', 1, 0, '2013-05-12 00:35:42');
INSERT INTO `messages` (`id`, `from_user_id`, `to_user_id`, `body`, `is_important`, `is_delivered`, `created_at`) VALUES (8, 8, 8, 'Dolores assumenda aspernatur a animi autem vel. Illum quae eum ea quo vel. Officia harum est omnis nesciunt et.', 0, 1, '2019-09-24 05:29:21');
INSERT INTO `messages` (`id`, `from_user_id`, `to_user_id`, `body`, `is_important`, `is_delivered`, `created_at`) VALUES (9, 9, 9, 'Est provident ipsa labore vitae velit iste eos. Qui placeat ipsa voluptatibus rerum dolor. Eius consequatur est temporibus autem.', 0, 1, '2021-05-05 20:21:56');
INSERT INTO `messages` (`id`, `from_user_id`, `to_user_id`, `body`, `is_important`, `is_delivered`, `created_at`) VALUES (10, 10, 10, 'Aut molestiae laboriosam temporibus quis dolor. Et aut qui at officiis. Et ut laborum modi occaecati maxime. Et alias qui voluptatum voluptatem fugit voluptates.', 1, 0, '2020-12-02 12:05:04');
INSERT INTO `messages` (`id`, `from_user_id`, `to_user_id`, `body`, `is_important`, `is_delivered`, `created_at`) VALUES (11, 11, 11, 'Neque consequatur molestias quis rerum ratione voluptatem sint. Id et et nemo rerum distinctio reiciendis iure. Quae quisquam deleniti quia.', 1, 1, '2015-01-18 03:47:58');
INSERT INTO `messages` (`id`, `from_user_id`, `to_user_id`, `body`, `is_important`, `is_delivered`, `created_at`) VALUES (12, 12, 12, 'Est maxime et consequatur et tempore id facilis. Assumenda dolores rerum iure ad neque quo. Ipsam illo et est. Commodi quas et provident aliquam.', 1, 1, '2019-07-13 06:39:05');
INSERT INTO `messages` (`id`, `from_user_id`, `to_user_id`, `body`, `is_important`, `is_delivered`, `created_at`) VALUES (13, 13, 13, 'Ullam adipisci sed iste enim libero. Modi placeat ex possimus et eligendi voluptas qui aut. Qui beatae aut temporibus. Et reiciendis iste non corrupti. Est libero voluptas qui sunt iure aut.', 1, 0, '2012-05-24 05:34:19');
INSERT INTO `messages` (`id`, `from_user_id`, `to_user_id`, `body`, `is_important`, `is_delivered`, `created_at`) VALUES (14, 14, 14, 'Saepe doloremque quis tempora necessitatibus deleniti veniam. Facilis iusto est est. Earum sit sint molestiae ut excepturi. Voluptatem cupiditate et laudantium doloremque temporibus excepturi quas. Ducimus ducimus incidunt velit cum.', 1, 0, '2012-01-15 00:43:07');
INSERT INTO `messages` (`id`, `from_user_id`, `to_user_id`, `body`, `is_important`, `is_delivered`, `created_at`) VALUES (15, 15, 15, 'Minima at corrupti facilis repudiandae aut laborum officiis. Repellendus dolorem quidem neque. Est exercitationem velit asperiores blanditiis fuga. Ex adipisci et voluptatibus possimus est. Explicabo ducimus ratione amet maiores corporis.', 1, 1, '2018-06-18 18:51:03');
INSERT INTO `messages` (`id`, `from_user_id`, `to_user_id`, `body`, `is_important`, `is_delivered`, `created_at`) VALUES (16, 16, 16, 'Animi suscipit dolorem qui et dicta similique. Quos corporis delectus fuga.', 0, 1, '2013-03-31 17:22:42');
INSERT INTO `messages` (`id`, `from_user_id`, `to_user_id`, `body`, `is_important`, `is_delivered`, `created_at`) VALUES (17, 17, 17, 'Asperiores perferendis aspernatur sunt suscipit sed consectetur quia. Omnis facilis repudiandae doloribus magnam perferendis et qui possimus. Assumenda fuga id molestiae debitis fuga debitis quos consequuntur. Neque labore minus porro dolorum voluptatibus. Porro et dolor hic ut facere.', 1, 1, '2020-11-25 10:50:27');
INSERT INTO `messages` (`id`, `from_user_id`, `to_user_id`, `body`, `is_important`, `is_delivered`, `created_at`) VALUES (18, 18, 18, 'Magnam minima dolorem voluptates ab. In necessitatibus qui pariatur laudantium. Enim enim est repellat qui. Recusandae consequatur pariatur totam necessitatibus modi.', 0, 1, '2019-06-03 07:57:43');
INSERT INTO `messages` (`id`, `from_user_id`, `to_user_id`, `body`, `is_important`, `is_delivered`, `created_at`) VALUES (19, 19, 19, 'Perferendis laudantium distinctio tenetur aperiam perferendis deserunt facere. Quo sit quis aut. Enim odit rerum nisi nemo reprehenderit. Rem ullam rerum voluptatem eaque consequuntur.', 0, 0, '2020-04-21 13:55:48');
INSERT INTO `messages` (`id`, `from_user_id`, `to_user_id`, `body`, `is_important`, `is_delivered`, `created_at`) VALUES (20, 20, 20, 'Mollitia neque autem nam voluptas nesciunt aut ullam. Commodi veritatis ea nulla.', 1, 1, '2014-12-02 13:33:27');
INSERT INTO `messages` (`id`, `from_user_id`, `to_user_id`, `body`, `is_important`, `is_delivered`, `created_at`) VALUES (21, 21, 21, 'Similique est dolor odit veniam et est. Quisquam qui consequuntur corrupti dolorem qui quae animi quibusdam.', 0, 0, '2020-10-08 03:00:55');
INSERT INTO `messages` (`id`, `from_user_id`, `to_user_id`, `body`, `is_important`, `is_delivered`, `created_at`) VALUES (22, 22, 22, 'Natus nulla quidem quis possimus. Et eius aut aut corrupti sunt. Quisquam blanditiis id excepturi. Quae ipsum officia aperiam unde.', 0, 0, '2011-08-08 01:06:06');
INSERT INTO `messages` (`id`, `from_user_id`, `to_user_id`, `body`, `is_important`, `is_delivered`, `created_at`) VALUES (23, 23, 23, 'Aliquam nostrum ut tempora ad est sit maiores. Est voluptatem in et laudantium eaque iste minus.', 0, 1, '2013-09-07 22:48:38');
INSERT INTO `messages` (`id`, `from_user_id`, `to_user_id`, `body`, `is_important`, `is_delivered`, `created_at`) VALUES (24, 24, 24, 'Aut voluptatem quae magni ad velit impedit autem. Necessitatibus fugiat qui consequatur sapiente eaque est. Qui et illo et qui maiores est voluptate.', 0, 0, '2017-10-16 23:54:16');
INSERT INTO `messages` (`id`, `from_user_id`, `to_user_id`, `body`, `is_important`, `is_delivered`, `created_at`) VALUES (25, 25, 25, 'Molestias nihil laboriosam error autem earum sed. Labore magni quidem sapiente dolorum nam quo. Dolorem sunt non aut earum hic sed. Non consectetur illum consequuntur necessitatibus doloremque ut eligendi.', 0, 0, '2021-03-25 17:01:44');
INSERT INTO `messages` (`id`, `from_user_id`, `to_user_id`, `body`, `is_important`, `is_delivered`, `created_at`) VALUES (26, 26, 26, 'Autem accusantium quam et quae. Nobis ipsum odio aspernatur totam voluptatem. Eius harum ut quam quibusdam voluptatem. Rerum et expedita quos est.', 0, 1, '2013-09-13 23:17:09');
INSERT INTO `messages` (`id`, `from_user_id`, `to_user_id`, `body`, `is_important`, `is_delivered`, `created_at`) VALUES (27, 27, 27, 'Itaque qui voluptatem blanditiis id. Est voluptatem recusandae voluptatem et. Consequatur dolor unde quo autem sint enim quasi. Non voluptatem officiis nihil sequi numquam.', 1, 1, '2017-06-20 03:18:46');
INSERT INTO `messages` (`id`, `from_user_id`, `to_user_id`, `body`, `is_important`, `is_delivered`, `created_at`) VALUES (28, 28, 28, 'Quos praesentium nisi ipsum excepturi est fugit laudantium. Enim soluta voluptatem error itaque voluptatem iure sapiente. Cum officiis quia voluptatem repellat. Fugit reiciendis sit vitae sed earum.', 1, 1, '2012-04-22 14:21:38');
INSERT INTO `messages` (`id`, `from_user_id`, `to_user_id`, `body`, `is_important`, `is_delivered`, `created_at`) VALUES (29, 29, 29, 'Inventore ad reprehenderit fugit modi accusantium ea libero. Omnis quasi consectetur quaerat alias expedita cumque tenetur. Et placeat exercitationem ut odio. Cumque sequi maiores sunt nesciunt fugiat nam.', 0, 0, '2013-06-02 07:04:26');
INSERT INTO `messages` (`id`, `from_user_id`, `to_user_id`, `body`, `is_important`, `is_delivered`, `created_at`) VALUES (30, 30, 30, 'Facere eum iste dolor et. Repudiandae distinctio aliquam in voluptas deleniti maxime. Praesentium velit eligendi optio qui.', 1, 0, '2019-12-02 22:40:59');
INSERT INTO `messages` (`id`, `from_user_id`, `to_user_id`, `body`, `is_important`, `is_delivered`, `created_at`) VALUES (31, 31, 31, 'Illum placeat aut quod beatae. Consequuntur aperiam expedita cumque enim. Quae quod occaecati atque velit.', 0, 0, '2013-04-18 00:36:00');
INSERT INTO `messages` (`id`, `from_user_id`, `to_user_id`, `body`, `is_important`, `is_delivered`, `created_at`) VALUES (32, 32, 32, 'Ipsam qui dolores qui nemo aspernatur odio est. Inventore ut quo corrupti eius deserunt nihil voluptas. Consequatur id quisquam illum voluptates. Alias odio qui voluptas laborum rerum voluptate.', 0, 0, '2012-08-25 08:59:48');
INSERT INTO `messages` (`id`, `from_user_id`, `to_user_id`, `body`, `is_important`, `is_delivered`, `created_at`) VALUES (33, 33, 33, 'Ratione itaque quo mollitia vitae perspiciatis dolorem distinctio aut. Et ad voluptate dolores dolorem eum culpa veniam. Consectetur nulla omnis laboriosam sunt dolores aliquid.', 0, 1, '2017-07-27 23:09:21');
INSERT INTO `messages` (`id`, `from_user_id`, `to_user_id`, `body`, `is_important`, `is_delivered`, `created_at`) VALUES (34, 34, 34, 'Voluptatem saepe dolor eius doloremque laborum quisquam. Consequatur consequatur aut ullam autem iste officia. Fugit quod omnis quo.', 0, 0, '2015-12-20 17:37:14');
INSERT INTO `messages` (`id`, `from_user_id`, `to_user_id`, `body`, `is_important`, `is_delivered`, `created_at`) VALUES (35, 35, 35, 'Qui et est tempore nesciunt amet. Temporibus quibusdam harum ducimus. Rerum dolore sint consectetur assumenda sunt sapiente et. Sit ea tempora qui corporis cum voluptas animi.', 0, 0, '2013-10-03 02:15:00');
INSERT INTO `messages` (`id`, `from_user_id`, `to_user_id`, `body`, `is_important`, `is_delivered`, `created_at`) VALUES (36, 36, 36, 'Distinctio labore unde velit corporis. Consectetur necessitatibus dolores perferendis. Cum alias quod voluptatem et sunt voluptas. Reprehenderit qui excepturi sit quibusdam.', 0, 1, '2021-07-02 14:36:07');
INSERT INTO `messages` (`id`, `from_user_id`, `to_user_id`, `body`, `is_important`, `is_delivered`, `created_at`) VALUES (37, 37, 37, 'Ut corrupti qui est. Et sint voluptatibus molestias beatae aut atque error quaerat. Vitae commodi qui ut et.', 1, 1, '2019-03-29 03:36:18');
INSERT INTO `messages` (`id`, `from_user_id`, `to_user_id`, `body`, `is_important`, `is_delivered`, `created_at`) VALUES (38, 38, 38, 'Tempore rerum aut commodi earum possimus a ad ut. Ex reiciendis porro voluptatibus eum ipsam est ad. Illo ducimus quod tempore fuga temporibus.', 1, 0, '2020-06-01 05:13:44');
INSERT INTO `messages` (`id`, `from_user_id`, `to_user_id`, `body`, `is_important`, `is_delivered`, `created_at`) VALUES (39, 39, 39, 'Quis et dolore cumque qui dolorem maiores voluptas et. Explicabo deserunt earum repudiandae numquam quia unde. Qui necessitatibus et sed similique. Aut reprehenderit corrupti inventore quibusdam.', 1, 1, '2012-10-14 19:47:26');
INSERT INTO `messages` (`id`, `from_user_id`, `to_user_id`, `body`, `is_important`, `is_delivered`, `created_at`) VALUES (40, 40, 40, 'Voluptas pariatur rerum et atque vel et natus. Vitae assumenda exercitationem distinctio laborum voluptatum sapiente unde. Porro dolorum odit ducimus laudantium modi.', 1, 1, '2013-03-06 15:57:34');
INSERT INTO `messages` (`id`, `from_user_id`, `to_user_id`, `body`, `is_important`, `is_delivered`, `created_at`) VALUES (41, 41, 41, 'Quaerat accusantium adipisci consequatur eligendi accusantium quae. Quo at quidem unde sunt. Beatae et laborum aut aperiam aut et.', 1, 0, '2019-05-17 14:08:59');
INSERT INTO `messages` (`id`, `from_user_id`, `to_user_id`, `body`, `is_important`, `is_delivered`, `created_at`) VALUES (42, 42, 42, 'Quis impedit iste sit animi. Vero laudantium necessitatibus qui deserunt illum cumque velit consequatur. Et et illo et ad.', 1, 0, '2017-12-15 03:46:26');
INSERT INTO `messages` (`id`, `from_user_id`, `to_user_id`, `body`, `is_important`, `is_delivered`, `created_at`) VALUES (43, 43, 43, 'Aut et quasi sunt suscipit. Deserunt mollitia et neque et. Commodi saepe voluptatum debitis libero et. Cum impedit iure eum possimus possimus.', 1, 0, '2017-03-21 18:32:40');
INSERT INTO `messages` (`id`, `from_user_id`, `to_user_id`, `body`, `is_important`, `is_delivered`, `created_at`) VALUES (44, 44, 44, 'Quia explicabo neque non sunt illo id iste. Quo exercitationem laboriosam hic quidem tempore repudiandae. Modi repudiandae tempora qui sunt autem rerum.', 1, 1, '2012-03-06 23:24:01');
INSERT INTO `messages` (`id`, `from_user_id`, `to_user_id`, `body`, `is_important`, `is_delivered`, `created_at`) VALUES (45, 45, 45, 'Odio doloribus eum sed quis sint assumenda occaecati beatae. Vel recusandae id blanditiis commodi. Voluptatem voluptas enim eligendi facere quisquam. Accusantium officiis dignissimos quia pariatur omnis laborum ut. Dolores sed error magnam doloremque dicta exercitationem.', 0, 1, '2014-04-23 21:46:20');
INSERT INTO `messages` (`id`, `from_user_id`, `to_user_id`, `body`, `is_important`, `is_delivered`, `created_at`) VALUES (46, 46, 46, 'Natus et voluptas adipisci harum non. Itaque aperiam maxime ullam excepturi quas voluptatem incidunt. Quod voluptatem quidem officiis et sapiente.', 1, 1, '2020-03-31 00:42:13');
INSERT INTO `messages` (`id`, `from_user_id`, `to_user_id`, `body`, `is_important`, `is_delivered`, `created_at`) VALUES (47, 47, 47, 'Enim temporibus id minima totam. Quo accusamus in voluptas neque quo quis asperiores. Est possimus aut tempore doloremque enim voluptates.', 0, 1, '2018-01-04 07:10:56');
INSERT INTO `messages` (`id`, `from_user_id`, `to_user_id`, `body`, `is_important`, `is_delivered`, `created_at`) VALUES (48, 48, 48, 'Dolores nostrum laudantium commodi. Omnis explicabo aut maiores est ipsam at quae. Consequatur et laboriosam laudantium rerum.', 0, 1, '2020-05-29 08:20:24');
INSERT INTO `messages` (`id`, `from_user_id`, `to_user_id`, `body`, `is_important`, `is_delivered`, `created_at`) VALUES (49, 49, 49, 'Qui itaque consequatur voluptatem unde est omnis voluptates. Ullam vel quidem quisquam porro id. Qui quidem et omnis sed nam dolores qui.', 0, 1, '2014-02-04 01:10:23');
INSERT INTO `messages` (`id`, `from_user_id`, `to_user_id`, `body`, `is_important`, `is_delivered`, `created_at`) VALUES (50, 50, 50, 'Tempore voluptas cum dolorum non et sit omnis. Aliquid temporibus saepe ut nihil qui sequi. Ut consequatur fugiat non fugiat excepturi quia.', 0, 1, '2021-05-24 06:59:00');
INSERT INTO `messages` (`id`, `from_user_id`, `to_user_id`, `body`, `is_important`, `is_delivered`, `created_at`) VALUES (51, 51, 51, 'Quis in laudantium consequuntur aut est optio. Ducimus voluptatem occaecati ut ut.', 0, 0, '2012-11-23 04:42:37');
INSERT INTO `messages` (`id`, `from_user_id`, `to_user_id`, `body`, `is_important`, `is_delivered`, `created_at`) VALUES (52, 52, 52, 'Earum aut nihil voluptates et nisi. Qui quia et quibusdam alias. Neque dolor eius natus et. Est consequatur aut eum vel.', 0, 1, '2018-01-01 20:39:24');
INSERT INTO `messages` (`id`, `from_user_id`, `to_user_id`, `body`, `is_important`, `is_delivered`, `created_at`) VALUES (53, 53, 53, 'Deleniti aut nulla est voluptate numquam asperiores. Voluptatem sequi voluptas provident. Aliquam ipsum voluptatum itaque sit. Et provident porro neque adipisci nostrum.', 0, 1, '2011-12-26 04:11:04');
INSERT INTO `messages` (`id`, `from_user_id`, `to_user_id`, `body`, `is_important`, `is_delivered`, `created_at`) VALUES (54, 54, 54, 'Rem est accusamus aliquam non officiis beatae. Perspiciatis velit voluptatem illo minus qui et. Ex et sed facere in dolore eum et.', 1, 0, '2014-05-04 14:54:53');
INSERT INTO `messages` (`id`, `from_user_id`, `to_user_id`, `body`, `is_important`, `is_delivered`, `created_at`) VALUES (55, 55, 55, 'Molestias ex iure explicabo vel ea. Cupiditate sed quos incidunt vel eos. Alias ullam amet sed provident deserunt deserunt illo.', 0, 0, '2017-07-27 02:46:58');
INSERT INTO `messages` (`id`, `from_user_id`, `to_user_id`, `body`, `is_important`, `is_delivered`, `created_at`) VALUES (56, 56, 56, 'Consequatur necessitatibus laudantium dolorem aut. Culpa sunt rem a voluptatem vel molestiae. Placeat quibusdam facere quibusdam quo vel ad quis. Nesciunt beatae animi maiores odit.', 0, 0, '2018-05-31 19:10:58');
INSERT INTO `messages` (`id`, `from_user_id`, `to_user_id`, `body`, `is_important`, `is_delivered`, `created_at`) VALUES (57, 57, 57, 'Dignissimos quis nesciunt quia error modi ea. Libero alias id temporibus dolores qui. Ut commodi est molestiae et qui asperiores omnis. Ratione quis eos voluptatem laudantium beatae suscipit.', 1, 1, '2014-12-28 18:09:52');
INSERT INTO `messages` (`id`, `from_user_id`, `to_user_id`, `body`, `is_important`, `is_delivered`, `created_at`) VALUES (58, 58, 58, 'Aliquid adipisci ipsam doloribus quod cupiditate quam. Facilis quia minima a. Rerum voluptates voluptas omnis amet dicta error. Ex ratione in voluptas sit nostrum est velit nemo. Unde nulla nulla necessitatibus.', 1, 0, '2018-04-28 12:20:28');
INSERT INTO `messages` (`id`, `from_user_id`, `to_user_id`, `body`, `is_important`, `is_delivered`, `created_at`) VALUES (59, 59, 59, 'Voluptatem repellendus non alias consequatur. Nemo quo nobis nulla ea et accusamus nisi. Aliquam molestiae placeat rerum est maiores.', 1, 0, '2013-01-24 00:21:37');
INSERT INTO `messages` (`id`, `from_user_id`, `to_user_id`, `body`, `is_important`, `is_delivered`, `created_at`) VALUES (60, 60, 60, 'Error ratione suscipit vel ut. Et cum labore reiciendis nisi maxime dolor. Veniam temporibus eveniet doloremque quia qui quia.', 1, 1, '2019-03-17 12:40:14');
INSERT INTO `messages` (`id`, `from_user_id`, `to_user_id`, `body`, `is_important`, `is_delivered`, `created_at`) VALUES (61, 61, 61, 'Et qui alias consequatur aut cupiditate dolor. Consequatur ut eligendi cum officia odio.', 0, 1, '2021-06-08 09:00:44');
INSERT INTO `messages` (`id`, `from_user_id`, `to_user_id`, `body`, `is_important`, `is_delivered`, `created_at`) VALUES (62, 62, 62, 'Sunt voluptatibus quia hic unde. Et est voluptate quas et. Esse error blanditiis porro vel occaecati non dolorem harum.', 1, 1, '2012-08-17 00:11:45');
INSERT INTO `messages` (`id`, `from_user_id`, `to_user_id`, `body`, `is_important`, `is_delivered`, `created_at`) VALUES (63, 63, 63, 'Sint quisquam quo omnis facilis qui nesciunt. Perspiciatis deserunt facilis modi non molestiae consectetur beatae esse. Dignissimos aut a ab accusamus magnam.', 0, 1, '2019-07-26 22:16:07');
INSERT INTO `messages` (`id`, `from_user_id`, `to_user_id`, `body`, `is_important`, `is_delivered`, `created_at`) VALUES (64, 64, 64, 'Facere laboriosam placeat nihil distinctio distinctio sequi. Quos laborum voluptatem accusantium rerum vero fuga iure. Et occaecati cum quae blanditiis unde. Dolores ipsa rerum saepe eos asperiores corporis voluptatem. Beatae ea dicta mollitia est vitae.', 1, 0, '2020-08-15 12:45:57');
INSERT INTO `messages` (`id`, `from_user_id`, `to_user_id`, `body`, `is_important`, `is_delivered`, `created_at`) VALUES (65, 65, 65, 'Quam distinctio odio odit aliquam dolores vitae. Omnis occaecati quia qui modi accusantium. Dolor et architecto ea necessitatibus deserunt. Maiores et quia ullam est.', 1, 0, '2011-09-01 14:20:37');
INSERT INTO `messages` (`id`, `from_user_id`, `to_user_id`, `body`, `is_important`, `is_delivered`, `created_at`) VALUES (66, 66, 66, 'Quia labore nemo doloribus. Odio ipsum in ab et sed. Eligendi molestiae cupiditate fugiat corporis necessitatibus molestiae neque. Et quisquam beatae nobis occaecati excepturi veritatis accusamus.', 1, 1, '2017-09-29 05:06:15');
INSERT INTO `messages` (`id`, `from_user_id`, `to_user_id`, `body`, `is_important`, `is_delivered`, `created_at`) VALUES (67, 67, 67, 'Magnam id asperiores sed qui. Molestiae nesciunt et sit cum molestias qui. Quia et officiis ut quis dolores aspernatur. Dolorem maxime fugiat tempore libero non.', 0, 0, '2012-09-16 02:35:51');
INSERT INTO `messages` (`id`, `from_user_id`, `to_user_id`, `body`, `is_important`, `is_delivered`, `created_at`) VALUES (68, 68, 68, 'Sequi nemo aut molestiae explicabo quasi. Porro molestiae aut unde et. Tempora voluptas et vel odio. Neque consequatur exercitationem neque.', 0, 0, '2014-07-09 17:44:17');
INSERT INTO `messages` (`id`, `from_user_id`, `to_user_id`, `body`, `is_important`, `is_delivered`, `created_at`) VALUES (69, 69, 69, 'Quo ducimus ut nesciunt non. Suscipit ut et corporis illo voluptatum qui non. Et ipsum veniam velit ea sed ut quas. Temporibus non quasi aut quo aperiam reprehenderit.', 0, 1, '2018-03-04 18:36:47');
INSERT INTO `messages` (`id`, `from_user_id`, `to_user_id`, `body`, `is_important`, `is_delivered`, `created_at`) VALUES (70, 70, 70, 'Reiciendis dolorum cum qui et molestias qui sunt. Delectus consequatur aut sit ullam. Neque consectetur dolorem deserunt eum.', 0, 0, '2016-06-03 08:32:31');
INSERT INTO `messages` (`id`, `from_user_id`, `to_user_id`, `body`, `is_important`, `is_delivered`, `created_at`) VALUES (71, 71, 71, 'Deleniti et modi labore rerum. Sed qui et quibusdam reiciendis iusto sed. Quia qui fuga rem fugit fugiat. Cupiditate repellat vitae accusantium animi dignissimos fuga.', 1, 1, '2016-07-02 00:04:13');
INSERT INTO `messages` (`id`, `from_user_id`, `to_user_id`, `body`, `is_important`, `is_delivered`, `created_at`) VALUES (72, 72, 72, 'Esse quidem dolorem eaque eligendi laborum ut. Modi illum quaerat sint quae. Molestias aut corporis sit alias tempore suscipit. Quam qui libero et iste voluptas assumenda.', 0, 1, '2016-02-24 09:53:09');
INSERT INTO `messages` (`id`, `from_user_id`, `to_user_id`, `body`, `is_important`, `is_delivered`, `created_at`) VALUES (73, 73, 73, 'Repellat qui ut nulla eligendi. Dolor eaque corrupti magnam quo repellat. Earum esse labore temporibus consequatur.', 1, 1, '2012-08-20 15:38:28');
INSERT INTO `messages` (`id`, `from_user_id`, `to_user_id`, `body`, `is_important`, `is_delivered`, `created_at`) VALUES (74, 74, 74, 'Magnam temporibus reprehenderit velit error. Dolorem sit cumque esse. Beatae incidunt dignissimos velit animi doloribus eos est.', 1, 1, '2018-09-11 04:52:57');
INSERT INTO `messages` (`id`, `from_user_id`, `to_user_id`, `body`, `is_important`, `is_delivered`, `created_at`) VALUES (75, 75, 75, 'Consectetur molestias vel eos tempore inventore quo nemo. Ullam assumenda dignissimos in dolores dolorem repellat hic nam. Odio et mollitia facere beatae deleniti in ipsa. Fugiat deserunt occaecati maxime corrupti nihil.', 1, 1, '2012-11-28 18:03:28');
INSERT INTO `messages` (`id`, `from_user_id`, `to_user_id`, `body`, `is_important`, `is_delivered`, `created_at`) VALUES (76, 76, 76, 'Labore sed ut commodi at blanditiis et. Ut quaerat qui in exercitationem reprehenderit ipsa ut. Voluptate qui doloribus iusto quia. Dolor nemo consequatur totam dolores ea.', 1, 1, '2013-04-01 07:29:56');
INSERT INTO `messages` (`id`, `from_user_id`, `to_user_id`, `body`, `is_important`, `is_delivered`, `created_at`) VALUES (77, 77, 77, 'Eum dolorem ut unde sit sapiente dignissimos molestiae. Totam dignissimos placeat ut nihil alias accusamus dolores. Est ut optio voluptatem consequatur qui. Quam sit ex accusamus deserunt cupiditate ut cupiditate.', 0, 0, '2021-06-04 23:59:17');
INSERT INTO `messages` (`id`, `from_user_id`, `to_user_id`, `body`, `is_important`, `is_delivered`, `created_at`) VALUES (78, 78, 78, 'Ipsa aut ducimus sunt possimus. Et et consequatur labore magni porro aliquid voluptatem aut. Voluptas in vel et tempora totam mollitia.', 1, 0, '2011-10-22 04:18:35');
INSERT INTO `messages` (`id`, `from_user_id`, `to_user_id`, `body`, `is_important`, `is_delivered`, `created_at`) VALUES (79, 79, 79, 'Ea error omnis pariatur. Officia et est et voluptas et asperiores eum. Omnis mollitia corporis hic exercitationem totam.', 0, 0, '2015-07-03 14:00:06');
INSERT INTO `messages` (`id`, `from_user_id`, `to_user_id`, `body`, `is_important`, `is_delivered`, `created_at`) VALUES (80, 80, 80, 'Excepturi fugiat pariatur hic. Nostrum veritatis possimus quia et inventore. Tempora qui magnam maiores et odio quos.', 0, 0, '2016-06-21 17:59:31');
INSERT INTO `messages` (`id`, `from_user_id`, `to_user_id`, `body`, `is_important`, `is_delivered`, `created_at`) VALUES (81, 81, 81, 'Itaque illum possimus sit sint qui. Blanditiis expedita omnis quae quibusdam. Tenetur minus molestiae enim rem aut quo sit. Sed nihil ea at accusantium commodi dolorum.', 0, 0, '2013-08-04 04:50:32');
INSERT INTO `messages` (`id`, `from_user_id`, `to_user_id`, `body`, `is_important`, `is_delivered`, `created_at`) VALUES (82, 82, 82, 'Quo odit unde debitis voluptatem corrupti. Consequatur exercitationem et voluptatem et cumque. Ipsum nostrum culpa cumque consequuntur recusandae voluptatem. Est non et odio doloremque molestiae autem suscipit.', 1, 1, '2019-11-17 23:03:23');
INSERT INTO `messages` (`id`, `from_user_id`, `to_user_id`, `body`, `is_important`, `is_delivered`, `created_at`) VALUES (83, 83, 83, 'Perspiciatis assumenda sit necessitatibus iste. Reprehenderit et ipsa nemo et numquam. Eos harum totam autem earum excepturi tempore nemo nisi. Quo voluptatem laboriosam nostrum veniam.', 1, 0, '2020-11-22 10:34:25');
INSERT INTO `messages` (`id`, `from_user_id`, `to_user_id`, `body`, `is_important`, `is_delivered`, `created_at`) VALUES (84, 84, 84, 'Enim beatae enim magnam architecto eligendi vel cum soluta. Distinctio rerum eum enim repudiandae nisi labore velit consequatur. Aut minima accusantium aliquam dolores repudiandae.', 0, 1, '2016-01-18 04:37:40');
INSERT INTO `messages` (`id`, `from_user_id`, `to_user_id`, `body`, `is_important`, `is_delivered`, `created_at`) VALUES (85, 85, 85, 'Nesciunt aut quia in velit. Autem voluptas laboriosam est et iste. Deserunt aut corporis et labore minus. Voluptatem sed rerum minima et commodi excepturi sint. Dolorem molestias corrupti voluptatem doloremque deleniti laboriosam.', 1, 1, '2015-06-08 21:49:39');
INSERT INTO `messages` (`id`, `from_user_id`, `to_user_id`, `body`, `is_important`, `is_delivered`, `created_at`) VALUES (86, 86, 86, 'Eveniet possimus quae minus. In voluptatem sed et ut. Repellat rerum ipsam soluta quis. Repellat aut eligendi ex sed qui sit.', 0, 0, '2016-12-06 04:35:38');
INSERT INTO `messages` (`id`, `from_user_id`, `to_user_id`, `body`, `is_important`, `is_delivered`, `created_at`) VALUES (87, 87, 87, 'Et mollitia aliquid repellendus deserunt atque. Dicta magni tempore non quia.', 1, 1, '2013-10-23 11:06:18');
INSERT INTO `messages` (`id`, `from_user_id`, `to_user_id`, `body`, `is_important`, `is_delivered`, `created_at`) VALUES (88, 88, 88, 'Natus beatae vitae et ducimus optio qui qui. Placeat eos dicta quia id. Cum sit delectus eligendi saepe quasi quia.', 0, 0, '2011-08-03 17:57:06');
INSERT INTO `messages` (`id`, `from_user_id`, `to_user_id`, `body`, `is_important`, `is_delivered`, `created_at`) VALUES (89, 89, 89, 'Repellendus voluptas sit quasi at nisi consequatur deserunt. Et vitae praesentium ut quibusdam. Officiis soluta non quis rem laboriosam cupiditate a.', 0, 1, '2017-10-13 13:20:49');
INSERT INTO `messages` (`id`, `from_user_id`, `to_user_id`, `body`, `is_important`, `is_delivered`, `created_at`) VALUES (90, 90, 90, 'Voluptatem nesciunt beatae est laudantium esse. Sed et id nesciunt iste et id aut. Nihil odit qui aut voluptates officia. Ullam aliquam ut alias unde quia rerum est modi.', 1, 1, '2015-11-06 18:06:49');
INSERT INTO `messages` (`id`, `from_user_id`, `to_user_id`, `body`, `is_important`, `is_delivered`, `created_at`) VALUES (91, 91, 91, 'Veniam voluptatum dolore magnam voluptas voluptas. Earum voluptas sit aut minima dolorem magni. Omnis ut ad ducimus. Voluptas quod aut enim esse nam accusamus odit. Dicta temporibus sint odio sit blanditiis iure.', 0, 1, '2019-03-07 17:24:24');
INSERT INTO `messages` (`id`, `from_user_id`, `to_user_id`, `body`, `is_important`, `is_delivered`, `created_at`) VALUES (92, 92, 92, 'Laborum illo adipisci natus distinctio laudantium nostrum adipisci. Explicabo quo aspernatur sunt aliquid accusantium doloremque. Qui exercitationem maiores quae enim repellat.', 0, 0, '2013-09-21 14:41:58');
INSERT INTO `messages` (`id`, `from_user_id`, `to_user_id`, `body`, `is_important`, `is_delivered`, `created_at`) VALUES (93, 93, 93, 'Ut quas ut tenetur facilis aspernatur sed. Est eos molestiae est vero expedita deleniti ex dolorem. Ipsa cupiditate molestiae voluptatem quasi distinctio. Illo mollitia magnam aut aperiam facere. Exercitationem et architecto quos distinctio.', 1, 1, '2017-09-20 17:49:29');
INSERT INTO `messages` (`id`, `from_user_id`, `to_user_id`, `body`, `is_important`, `is_delivered`, `created_at`) VALUES (94, 94, 94, 'Ea commodi pariatur sint odit. Assumenda facilis et delectus blanditiis. Magni vitae rerum eos et eligendi.', 1, 0, '2013-01-12 12:07:08');
INSERT INTO `messages` (`id`, `from_user_id`, `to_user_id`, `body`, `is_important`, `is_delivered`, `created_at`) VALUES (95, 95, 95, 'Et omnis dolore qui qui voluptatem minima. Error ad odio et quia adipisci iure officiis quis. Voluptatem qui vel fuga aut. Voluptas sapiente illum aperiam hic voluptatem et.', 0, 1, '2017-07-01 04:19:55');
INSERT INTO `messages` (`id`, `from_user_id`, `to_user_id`, `body`, `is_important`, `is_delivered`, `created_at`) VALUES (96, 96, 96, 'Est accusamus qui optio dolores dolorum aut. Consequatur ut consequatur et rerum quaerat. Alias soluta sint sequi et harum.', 1, 1, '2020-08-18 07:37:41');
INSERT INTO `messages` (`id`, `from_user_id`, `to_user_id`, `body`, `is_important`, `is_delivered`, `created_at`) VALUES (97, 97, 97, 'Neque voluptate sint minus est iste asperiores. Et earum aut et aut. Vitae inventore nemo deserunt tenetur quasi ea ullam. Quisquam at et tempora ut qui molestiae quia ipsa.', 0, 1, '2014-05-08 14:44:14');
INSERT INTO `messages` (`id`, `from_user_id`, `to_user_id`, `body`, `is_important`, `is_delivered`, `created_at`) VALUES (98, 98, 98, 'Vitae dolorem id modi. Doloremque cupiditate sed magnam facilis. Ipsum dolorem est saepe quae. Cumque laboriosam quam dolores sint aut.', 1, 1, '2017-11-29 19:09:01');
INSERT INTO `messages` (`id`, `from_user_id`, `to_user_id`, `body`, `is_important`, `is_delivered`, `created_at`) VALUES (99, 99, 99, 'Ratione quae ullam iure enim eveniet quis qui. Molestias sed beatae nihil qui ducimus consectetur. Necessitatibus tenetur facilis quis quod et. Soluta et quaerat aut adipisci. Qui saepe magni quibusdam sint rerum ut.', 0, 1, '2016-02-24 15:07:45');
INSERT INTO `messages` (`id`, `from_user_id`, `to_user_id`, `body`, `is_important`, `is_delivered`, `created_at`) VALUES (100, 100, 100, 'Eos aut ut nesciunt quam. Sit distinctio magnam repudiandae est. Dolore cum veritatis doloribus dolores. Aperiam consequuntur quia vero sapiente qui occaecati.', 1, 1, '2019-10-11 11:07:52');
INSERT INTO `messages` (`id`, `from_user_id`, `to_user_id`, `body`, `is_important`, `is_delivered`, `created_at`) VALUES (101, 1, 1, 'Dolorem ipsum praesentium accusamus aut maiores. Cumque in voluptas impedit. Sunt modi asperiores tenetur deleniti dolor occaecati velit.', 0, 1, '2011-11-03 20:32:17');
INSERT INTO `messages` (`id`, `from_user_id`, `to_user_id`, `body`, `is_important`, `is_delivered`, `created_at`) VALUES (102, 2, 2, 'Et dolore sed officiis voluptatibus distinctio accusantium ratione. Libero et et ullam ut omnis. Reprehenderit quo perspiciatis et.', 1, 0, '2017-11-23 03:14:15');
INSERT INTO `messages` (`id`, `from_user_id`, `to_user_id`, `body`, `is_important`, `is_delivered`, `created_at`) VALUES (103, 3, 3, 'Consectetur a enim vero ad consequatur rerum iusto in. Culpa recusandae consequatur esse. Ut dignissimos porro officiis possimus consequatur.', 1, 1, '2018-01-13 16:14:03');
INSERT INTO `messages` (`id`, `from_user_id`, `to_user_id`, `body`, `is_important`, `is_delivered`, `created_at`) VALUES (104, 4, 4, 'Voluptatum modi in mollitia quae itaque. Pariatur non in vel dolorem. Aut totam ut et deleniti.', 0, 0, '2015-11-24 08:46:45');
INSERT INTO `messages` (`id`, `from_user_id`, `to_user_id`, `body`, `is_important`, `is_delivered`, `created_at`) VALUES (105, 5, 5, 'Voluptatem aut repellat ducimus doloribus dicta recusandae eaque vitae. Eius est molestiae asperiores qui assumenda non sunt. Dignissimos rerum incidunt consequatur.', 0, 1, '2016-12-21 06:59:28');
INSERT INTO `messages` (`id`, `from_user_id`, `to_user_id`, `body`, `is_important`, `is_delivered`, `created_at`) VALUES (106, 6, 6, 'Cumque nam adipisci ut voluptatibus at reprehenderit quibusdam veniam. Praesentium rerum qui ipsam velit laborum et. Architecto qui pariatur expedita nihil sed ea corrupti.', 0, 1, '2012-05-19 13:27:41');
INSERT INTO `messages` (`id`, `from_user_id`, `to_user_id`, `body`, `is_important`, `is_delivered`, `created_at`) VALUES (107, 7, 7, 'Id voluptate alias et praesentium eos. Aliquid perspiciatis id dolor quo. Temporibus aut voluptatem non accusamus aliquid nobis. Similique in rem mollitia dignissimos. Magnam asperiores libero tempore velit pariatur quia iure consequatur.', 0, 0, '2016-11-16 07:12:39');
INSERT INTO `messages` (`id`, `from_user_id`, `to_user_id`, `body`, `is_important`, `is_delivered`, `created_at`) VALUES (108, 8, 8, 'Nesciunt ut ipsa quis repellendus sed ut enim. Maiores natus alias exercitationem officia laborum quod.', 1, 1, '2013-10-11 18:31:33');
INSERT INTO `messages` (`id`, `from_user_id`, `to_user_id`, `body`, `is_important`, `is_delivered`, `created_at`) VALUES (109, 9, 9, 'Quis velit tempore ullam aut qui nihil in temporibus. Esse molestias quo commodi voluptatibus. Et cupiditate suscipit rerum error architecto. Soluta eius nam consequuntur quia assumenda.', 0, 1, '2020-11-04 07:47:14');
INSERT INTO `messages` (`id`, `from_user_id`, `to_user_id`, `body`, `is_important`, `is_delivered`, `created_at`) VALUES (110, 10, 10, 'Aut soluta ipsa id omnis repellat omnis. Vitae sit ut aut eos beatae. Provident nisi error amet numquam dolores incidunt occaecati. Porro maiores quia sit et.', 1, 0, '2015-10-21 02:43:44');
INSERT INTO `messages` (`id`, `from_user_id`, `to_user_id`, `body`, `is_important`, `is_delivered`, `created_at`) VALUES (111, 11, 11, 'Adipisci debitis eos iste reiciendis voluptas tempora maxime. Aliquid libero id sunt doloremque officia rem sint. Possimus error ut ipsam sit.', 0, 0, '2012-09-18 05:31:50');
INSERT INTO `messages` (`id`, `from_user_id`, `to_user_id`, `body`, `is_important`, `is_delivered`, `created_at`) VALUES (112, 12, 12, 'Qui perspiciatis consequatur dolores ullam asperiores velit possimus est. Ut molestiae qui consequatur ab aliquid perspiciatis soluta iusto. Maiores voluptates reprehenderit dicta tempora rerum ullam et minima. Voluptas corrupti dolor quidem aut sed ab eos repudiandae.', 1, 1, '2020-01-25 07:14:20');
INSERT INTO `messages` (`id`, `from_user_id`, `to_user_id`, `body`, `is_important`, `is_delivered`, `created_at`) VALUES (113, 13, 13, 'Commodi tempora praesentium non. Rem voluptatem corporis omnis cumque. Cumque aspernatur fugiat repellendus quod. Et quasi rerum placeat perspiciatis aut quidem. Et eius odio et ipsum quis quia.', 0, 0, '2016-06-30 09:40:07');
INSERT INTO `messages` (`id`, `from_user_id`, `to_user_id`, `body`, `is_important`, `is_delivered`, `created_at`) VALUES (114, 14, 14, 'Nisi consequatur sint mollitia et nam. Dolorum possimus omnis nemo officia rerum quae. Rem dignissimos aut qui quaerat consectetur ad porro omnis. Non maxime sit sit voluptatem. Commodi cupiditate vitae facilis quae et dicta itaque qui.', 0, 1, '2019-04-06 16:19:01');
INSERT INTO `messages` (`id`, `from_user_id`, `to_user_id`, `body`, `is_important`, `is_delivered`, `created_at`) VALUES (115, 15, 15, 'Dolor error quis consequatur dignissimos doloribus sed tenetur. Qui accusamus asperiores a aperiam enim. Quod delectus possimus quis veritatis totam optio.', 1, 0, '2021-05-10 21:44:23');
INSERT INTO `messages` (`id`, `from_user_id`, `to_user_id`, `body`, `is_important`, `is_delivered`, `created_at`) VALUES (116, 16, 16, 'Unde tempora ut facilis. Molestias earum quaerat nulla consequuntur et molestiae ipsam. Et molestiae voluptas cupiditate. At sunt enim accusamus.', 0, 0, '2020-03-22 13:58:41');
INSERT INTO `messages` (`id`, `from_user_id`, `to_user_id`, `body`, `is_important`, `is_delivered`, `created_at`) VALUES (117, 17, 17, 'Pariatur vel in odit iste ut dolorem nesciunt. Quia aut est qui quam nostrum quis debitis. Ea ad necessitatibus natus ullam sit consectetur.', 1, 0, '2017-11-01 16:52:49');
INSERT INTO `messages` (`id`, `from_user_id`, `to_user_id`, `body`, `is_important`, `is_delivered`, `created_at`) VALUES (118, 18, 18, 'Cum ab omnis quidem iusto rerum. A et sit ex architecto officia autem. Officia ipsam officia laudantium saepe est nam.', 1, 1, '2016-02-18 17:18:40');
INSERT INTO `messages` (`id`, `from_user_id`, `to_user_id`, `body`, `is_important`, `is_delivered`, `created_at`) VALUES (119, 19, 19, 'Et eveniet facere voluptas blanditiis fuga. Voluptatibus minima vitae rerum et.', 1, 1, '2012-05-10 18:44:45');
INSERT INTO `messages` (`id`, `from_user_id`, `to_user_id`, `body`, `is_important`, `is_delivered`, `created_at`) VALUES (120, 20, 20, 'Rerum exercitationem aut officiis. Quas consequatur laudantium dolorum et qui quam deserunt. Rerum accusamus dolores minus inventore fugit. Unde ut et mollitia omnis soluta nisi deleniti.', 0, 1, '2015-03-21 10:53:55');
INSERT INTO `messages` (`id`, `from_user_id`, `to_user_id`, `body`, `is_important`, `is_delivered`, `created_at`) VALUES (121, 21, 21, 'Maxime aut temporibus et ipsam distinctio. Quia repellendus enim dolore rerum libero nemo accusantium quia. Aut quo facilis quia id.', 0, 0, '2017-02-26 14:19:50');
INSERT INTO `messages` (`id`, `from_user_id`, `to_user_id`, `body`, `is_important`, `is_delivered`, `created_at`) VALUES (122, 22, 22, 'Beatae facilis voluptates aut aliquid cupiditate et. Cupiditate est ipsa iure quo dolorem. Numquam aut delectus fugit ut explicabo molestiae veritatis est. Et eius est quis quasi dolor a. Voluptatem alias ullam voluptatem est.', 0, 0, '2015-01-12 03:48:15');
INSERT INTO `messages` (`id`, `from_user_id`, `to_user_id`, `body`, `is_important`, `is_delivered`, `created_at`) VALUES (123, 23, 23, 'In non iusto aut est qui reiciendis laborum. Et dolorum velit necessitatibus voluptatem modi neque aperiam. Modi odit aspernatur et quia ullam rem impedit. Perferendis molestias voluptatem quia nulla reiciendis modi reiciendis. Praesentium beatae et qui.', 1, 0, '2016-11-28 16:48:31');
INSERT INTO `messages` (`id`, `from_user_id`, `to_user_id`, `body`, `is_important`, `is_delivered`, `created_at`) VALUES (124, 24, 24, 'Quia consequatur et aspernatur quasi et culpa cumque. Quibusdam labore ut repellendus eos voluptas et.', 1, 0, '2013-09-30 18:45:19');
INSERT INTO `messages` (`id`, `from_user_id`, `to_user_id`, `body`, `is_important`, `is_delivered`, `created_at`) VALUES (125, 25, 25, 'Eius dolores eaque cupiditate sit et. Quas hic dolor aperiam nemo corrupti. Eos asperiores eum fugiat sit et aspernatur molestiae. Adipisci omnis ab nihil libero.', 0, 0, '2015-11-01 19:42:47');
INSERT INTO `messages` (`id`, `from_user_id`, `to_user_id`, `body`, `is_important`, `is_delivered`, `created_at`) VALUES (126, 26, 26, 'Modi dolor id dolorem rerum laborum quidem magni. Mollitia sequi maiores neque reprehenderit. Ratione alias mollitia voluptas.', 0, 0, '2014-06-24 20:24:26');
INSERT INTO `messages` (`id`, `from_user_id`, `to_user_id`, `body`, `is_important`, `is_delivered`, `created_at`) VALUES (127, 27, 27, 'Aliquid eius aut neque. Molestiae excepturi enim rerum perspiciatis. Assumenda eos commodi accusamus optio eos. Amet est distinctio nihil fugiat.', 0, 0, '2016-04-04 23:20:42');
INSERT INTO `messages` (`id`, `from_user_id`, `to_user_id`, `body`, `is_important`, `is_delivered`, `created_at`) VALUES (128, 28, 28, 'Vel alias omnis eos velit eum qui et. Minima adipisci qui voluptates ut. Dolorum et beatae labore est quia amet explicabo.', 1, 0, '2017-06-07 12:07:15');
INSERT INTO `messages` (`id`, `from_user_id`, `to_user_id`, `body`, `is_important`, `is_delivered`, `created_at`) VALUES (129, 29, 29, 'Quo mollitia consequatur perferendis porro. Quas deleniti eius ut sit tempora quis. Enim inventore eos qui. Odit est distinctio sit autem praesentium magnam dolorem.', 0, 1, '2016-03-26 23:03:14');
INSERT INTO `messages` (`id`, `from_user_id`, `to_user_id`, `body`, `is_important`, `is_delivered`, `created_at`) VALUES (130, 30, 30, 'Itaque dolores et voluptas assumenda. Voluptates dolorum rerum nam. Aperiam voluptas minima perferendis debitis dolorem.', 1, 0, '2011-07-24 05:29:20');
INSERT INTO `messages` (`id`, `from_user_id`, `to_user_id`, `body`, `is_important`, `is_delivered`, `created_at`) VALUES (131, 31, 31, 'Sed necessitatibus consequuntur et minima provident voluptate sed. Fugit magni ea aut. Debitis eos dolorem autem assumenda. Hic dolores fuga facilis tenetur.', 1, 1, '2016-05-24 08:42:29');
INSERT INTO `messages` (`id`, `from_user_id`, `to_user_id`, `body`, `is_important`, `is_delivered`, `created_at`) VALUES (132, 32, 32, 'Et consectetur voluptatem et corporis voluptatem. Voluptas asperiores autem necessitatibus quo culpa. Ducimus recusandae consequuntur aut ipsa explicabo architecto omnis.', 1, 0, '2013-09-11 21:54:23');
INSERT INTO `messages` (`id`, `from_user_id`, `to_user_id`, `body`, `is_important`, `is_delivered`, `created_at`) VALUES (133, 33, 33, 'Velit et ut facere deleniti. Aperiam sint quos iure nisi quae. Et maiores aut odio laboriosam aliquam natus sit.', 1, 1, '2020-06-08 14:17:11');
INSERT INTO `messages` (`id`, `from_user_id`, `to_user_id`, `body`, `is_important`, `is_delivered`, `created_at`) VALUES (134, 34, 34, 'Exercitationem quasi voluptas odit dolores molestiae adipisci. Unde omnis rerum commodi libero qui sint deserunt. Nam placeat culpa tempora in.', 1, 0, '2017-02-19 14:45:04');
INSERT INTO `messages` (`id`, `from_user_id`, `to_user_id`, `body`, `is_important`, `is_delivered`, `created_at`) VALUES (135, 35, 35, 'Voluptatem nihil necessitatibus earum nihil. Praesentium modi et et qui. Sunt omnis rem quibusdam blanditiis optio voluptatem ut.', 0, 1, '2018-06-01 11:54:06');
INSERT INTO `messages` (`id`, `from_user_id`, `to_user_id`, `body`, `is_important`, `is_delivered`, `created_at`) VALUES (136, 36, 36, 'Rerum voluptas nisi voluptatem odio ipsa et dicta dolorem. Delectus voluptatem soluta et tempore. Quia vel est excepturi nam omnis est fuga eos.', 1, 1, '2019-09-02 19:28:27');
INSERT INTO `messages` (`id`, `from_user_id`, `to_user_id`, `body`, `is_important`, `is_delivered`, `created_at`) VALUES (137, 37, 37, 'Eligendi quidem ducimus eaque et voluptas aut consequatur. Saepe et quos libero aut at. Fugiat tempore sapiente aliquam accusamus sit quos. Eligendi eos iusto labore ratione reiciendis porro.', 0, 1, '2017-10-19 23:12:11');
INSERT INTO `messages` (`id`, `from_user_id`, `to_user_id`, `body`, `is_important`, `is_delivered`, `created_at`) VALUES (138, 38, 38, 'Similique quas sit ipsa velit quasi beatae. Inventore officia voluptatem nobis voluptatem qui aut enim. Amet ducimus repellat est similique ex.', 0, 1, '2011-08-25 07:07:58');
INSERT INTO `messages` (`id`, `from_user_id`, `to_user_id`, `body`, `is_important`, `is_delivered`, `created_at`) VALUES (139, 39, 39, 'Dolorum culpa cum corporis voluptatem aut provident ratione. Mollitia reprehenderit dolorem ut inventore est molestiae sed. Et ad expedita veniam accusantium. Ut quasi quia autem sed.', 0, 0, '2021-04-30 10:43:37');
INSERT INTO `messages` (`id`, `from_user_id`, `to_user_id`, `body`, `is_important`, `is_delivered`, `created_at`) VALUES (140, 40, 40, 'Saepe excepturi ipsam doloremque nihil ducimus. Labore et esse rerum dolorum maiores aut quas.', 0, 1, '2014-03-07 03:16:46');
INSERT INTO `messages` (`id`, `from_user_id`, `to_user_id`, `body`, `is_important`, `is_delivered`, `created_at`) VALUES (141, 41, 41, 'Qui qui veritatis ab amet. Totam sequi fugit et magni dignissimos non et. Facere enim vel repellat nemo aliquam nulla veniam. Quia voluptatem eos sit tenetur sunt quibusdam.', 1, 0, '2020-05-29 09:16:58');
INSERT INTO `messages` (`id`, `from_user_id`, `to_user_id`, `body`, `is_important`, `is_delivered`, `created_at`) VALUES (142, 42, 42, 'Officiis quis et omnis voluptas cupiditate vero id. Et esse at id voluptatibus unde unde. Illum qui voluptatum debitis corporis assumenda eligendi illum.', 0, 0, '2014-05-13 01:20:17');
INSERT INTO `messages` (`id`, `from_user_id`, `to_user_id`, `body`, `is_important`, `is_delivered`, `created_at`) VALUES (143, 43, 43, 'Aliquid blanditiis sed voluptas consequatur expedita et eligendi. Quo neque fugit ducimus error qui enim. Qui blanditiis ut numquam omnis.', 0, 0, '2011-12-28 16:37:24');
INSERT INTO `messages` (`id`, `from_user_id`, `to_user_id`, `body`, `is_important`, `is_delivered`, `created_at`) VALUES (144, 44, 44, 'Odio dolorem praesentium dolorem nostrum optio eligendi. Alias hic ex placeat quidem ut. Reiciendis et rem et odio numquam quod ipsa autem. Quia ut repellendus assumenda.', 1, 0, '2017-01-04 14:32:17');
INSERT INTO `messages` (`id`, `from_user_id`, `to_user_id`, `body`, `is_important`, `is_delivered`, `created_at`) VALUES (145, 45, 45, 'Cupiditate perferendis corporis est aut autem amet enim. Exercitationem ut inventore impedit accusantium ipsum perspiciatis ratione. Iusto sequi autem blanditiis aut.', 0, 1, '2018-06-05 01:49:25');
INSERT INTO `messages` (`id`, `from_user_id`, `to_user_id`, `body`, `is_important`, `is_delivered`, `created_at`) VALUES (146, 46, 46, 'Provident distinctio possimus quaerat exercitationem mollitia omnis quia. Modi quo rerum eos. Dolorum et veritatis et minus in quas et quia.', 0, 1, '2014-07-14 01:08:53');
INSERT INTO `messages` (`id`, `from_user_id`, `to_user_id`, `body`, `is_important`, `is_delivered`, `created_at`) VALUES (147, 47, 47, 'Repudiandae architecto quaerat officiis fugit. Quasi dolore voluptas esse unde expedita nihil assumenda. Illum consequatur illo eligendi quaerat consequuntur ipsa. Dolorem nisi consequuntur minima sequi deserunt tenetur ut officia.', 0, 0, '2015-04-08 10:37:11');
INSERT INTO `messages` (`id`, `from_user_id`, `to_user_id`, `body`, `is_important`, `is_delivered`, `created_at`) VALUES (148, 48, 48, 'Deleniti recusandae quisquam recusandae deleniti excepturi et perspiciatis. Placeat et amet rem. Sunt rerum aspernatur ad saepe a. Totam nihil quia voluptate id.', 0, 1, '2018-07-10 07:00:11');
INSERT INTO `messages` (`id`, `from_user_id`, `to_user_id`, `body`, `is_important`, `is_delivered`, `created_at`) VALUES (149, 49, 49, 'Velit cum quasi et expedita. Voluptas corporis officia sed quo esse facilis distinctio reiciendis. Natus possimus dolorem dolor non quibusdam magni veniam quam.', 0, 1, '2013-06-06 03:50:54');
INSERT INTO `messages` (`id`, `from_user_id`, `to_user_id`, `body`, `is_important`, `is_delivered`, `created_at`) VALUES (150, 50, 50, 'Possimus voluptates et sed ipsum temporibus quaerat blanditiis. Debitis eveniet quos nostrum iusto eligendi ut quia. Distinctio cupiditate possimus maxime dicta. Vel incidunt saepe expedita.', 1, 0, '2020-06-05 05:22:13');
INSERT INTO `messages` (`id`, `from_user_id`, `to_user_id`, `body`, `is_important`, `is_delivered`, `created_at`) VALUES (151, 51, 51, 'Molestias facilis illum eos minima temporibus nihil non. Qui consequuntur velit eum ea nesciunt. Dolor non voluptatem nesciunt dicta impedit et quam.', 1, 0, '2015-04-26 08:40:41');
INSERT INTO `messages` (`id`, `from_user_id`, `to_user_id`, `body`, `is_important`, `is_delivered`, `created_at`) VALUES (152, 52, 52, 'Adipisci maxime placeat accusamus ut rerum eos impedit. Est dolores et commodi quia totam est. Excepturi nemo in facere eum et. Ipsum pariatur quas aliquid.', 1, 0, '2013-03-14 18:39:54');
INSERT INTO `messages` (`id`, `from_user_id`, `to_user_id`, `body`, `is_important`, `is_delivered`, `created_at`) VALUES (153, 53, 53, 'Sed et expedita animi delectus. Sit ut est ullam et. Quod sapiente consequatur molestiae assumenda. Placeat sit dolor est vel nulla veniam accusantium.', 0, 1, '2016-08-02 18:17:44');
INSERT INTO `messages` (`id`, `from_user_id`, `to_user_id`, `body`, `is_important`, `is_delivered`, `created_at`) VALUES (154, 54, 54, 'Dolores accusantium possimus at et non at. Quo soluta ab aut architecto. Sit et aliquid iste placeat. Autem ipsa nihil ut magnam.', 1, 1, '2012-02-22 11:19:22');
INSERT INTO `messages` (`id`, `from_user_id`, `to_user_id`, `body`, `is_important`, `is_delivered`, `created_at`) VALUES (155, 55, 55, 'Saepe sapiente alias eos consequuntur quis reiciendis facilis. Sed enim eligendi cumque. Temporibus possimus ut facilis qui necessitatibus cupiditate et natus. Dolor et consequatur nisi dolor quis fuga.', 0, 0, '2013-05-26 01:28:46');
INSERT INTO `messages` (`id`, `from_user_id`, `to_user_id`, `body`, `is_important`, `is_delivered`, `created_at`) VALUES (156, 56, 56, 'Eum adipisci eaque aut reprehenderit libero in soluta sint. Odit ut tempore ut modi placeat eos dolorum. Voluptas quis est qui deleniti ipsum accusamus animi.', 0, 1, '2014-01-28 02:57:49');
INSERT INTO `messages` (`id`, `from_user_id`, `to_user_id`, `body`, `is_important`, `is_delivered`, `created_at`) VALUES (157, 57, 57, 'Ex debitis pariatur et mollitia. Excepturi error sequi dolores dolorem est. Minus totam dicta ut reiciendis qui velit.', 1, 0, '2019-02-20 12:09:51');
INSERT INTO `messages` (`id`, `from_user_id`, `to_user_id`, `body`, `is_important`, `is_delivered`, `created_at`) VALUES (158, 58, 58, 'Consequatur est alias ipsa debitis repellat eius deserunt. Sapiente sequi dolore vel. Voluptatem est rerum suscipit quo. Et possimus quia laboriosam eum odit rerum quia.', 0, 0, '2014-06-19 00:40:00');
INSERT INTO `messages` (`id`, `from_user_id`, `to_user_id`, `body`, `is_important`, `is_delivered`, `created_at`) VALUES (159, 59, 59, 'Illum ullam assumenda molestiae et temporibus saepe qui sit. Beatae sunt at optio earum. Magni et soluta quisquam praesentium iste quos.', 0, 1, '2020-08-05 19:51:42');
INSERT INTO `messages` (`id`, `from_user_id`, `to_user_id`, `body`, `is_important`, `is_delivered`, `created_at`) VALUES (160, 60, 60, 'Iusto perferendis perspiciatis aut eius eius eum. Veniam accusamus officia ut a dolorem. Enim quaerat sit eveniet. Laborum eaque dicta sit dolor.', 1, 1, '2013-03-22 10:28:38');
INSERT INTO `messages` (`id`, `from_user_id`, `to_user_id`, `body`, `is_important`, `is_delivered`, `created_at`) VALUES (161, 61, 61, 'Eos accusamus iste ut ducimus eos. Veniam quis et tenetur magni quis. Qui nostrum perferendis alias quos rem ex.', 0, 1, '2017-02-09 18:34:36');
INSERT INTO `messages` (`id`, `from_user_id`, `to_user_id`, `body`, `is_important`, `is_delivered`, `created_at`) VALUES (162, 62, 62, 'Iure natus quam inventore quibusdam. Exercitationem accusantium sapiente autem. Quia porro omnis rerum mollitia. Accusamus molestias maiores voluptatum aliquid.', 0, 0, '2020-01-08 15:44:44');
INSERT INTO `messages` (`id`, `from_user_id`, `to_user_id`, `body`, `is_important`, `is_delivered`, `created_at`) VALUES (163, 63, 63, 'Adipisci dolorem id ut et ut dolorum adipisci. Commodi vel deserunt nisi nam exercitationem. Autem tempora ea corporis.', 1, 1, '2014-03-06 03:57:37');
INSERT INTO `messages` (`id`, `from_user_id`, `to_user_id`, `body`, `is_important`, `is_delivered`, `created_at`) VALUES (164, 64, 64, 'Et officiis veritatis quia. Facilis quidem ut quia repudiandae reprehenderit deserunt corrupti. Nobis suscipit omnis alias omnis magnam et ducimus sequi. Voluptate rerum rem ut eos repudiandae.', 1, 1, '2014-11-23 09:05:08');
INSERT INTO `messages` (`id`, `from_user_id`, `to_user_id`, `body`, `is_important`, `is_delivered`, `created_at`) VALUES (165, 65, 65, 'Eum et nulla non deserunt. Est velit iusto neque. Qui excepturi enim est asperiores aut rerum corrupti. Quae reiciendis sapiente consequatur suscipit repudiandae.', 1, 1, '2013-04-01 15:12:34');
INSERT INTO `messages` (`id`, `from_user_id`, `to_user_id`, `body`, `is_important`, `is_delivered`, `created_at`) VALUES (166, 66, 66, 'Culpa temporibus a dolorum reprehenderit eum et omnis reiciendis. Minima modi mollitia voluptatum cupiditate ut excepturi sequi. Nisi nesciunt nam non id quia ut quisquam nulla. Non id omnis libero explicabo.', 0, 0, '2017-11-10 07:17:59');
INSERT INTO `messages` (`id`, `from_user_id`, `to_user_id`, `body`, `is_important`, `is_delivered`, `created_at`) VALUES (167, 67, 67, 'Dolore numquam aperiam enim culpa doloremque ratione blanditiis earum. Sit sed eaque cupiditate vitae deleniti ab itaque. Et recusandae dicta officiis porro esse error. Voluptas voluptas deleniti veniam eos nemo.', 0, 0, '2015-03-02 22:36:22');
INSERT INTO `messages` (`id`, `from_user_id`, `to_user_id`, `body`, `is_important`, `is_delivered`, `created_at`) VALUES (168, 68, 68, 'Vitae ea rem facere ut aperiam. Provident minima sed et at molestias. Dolorum beatae qui natus dolore veritatis qui ut.', 1, 1, '2015-02-27 16:21:35');
INSERT INTO `messages` (`id`, `from_user_id`, `to_user_id`, `body`, `is_important`, `is_delivered`, `created_at`) VALUES (169, 69, 69, 'Reprehenderit laudantium sit voluptas id blanditiis. Officia non possimus quo culpa aut. Ut optio et laborum adipisci enim exercitationem.', 1, 0, '2014-04-06 01:49:45');
INSERT INTO `messages` (`id`, `from_user_id`, `to_user_id`, `body`, `is_important`, `is_delivered`, `created_at`) VALUES (170, 70, 70, 'Non quaerat non doloribus quae. Reiciendis sunt quo eveniet saepe. Autem in id laborum iure blanditiis. Labore sit reprehenderit tempora. Quia soluta consequuntur aliquam eaque vel.', 1, 0, '2020-07-26 08:58:37');
INSERT INTO `messages` (`id`, `from_user_id`, `to_user_id`, `body`, `is_important`, `is_delivered`, `created_at`) VALUES (171, 71, 71, 'Sit non facilis rerum quibusdam. Consequatur aspernatur fugiat voluptas sed a. Qui odit hic odit dolores fuga laborum exercitationem.', 0, 0, '2013-09-16 12:50:01');
INSERT INTO `messages` (`id`, `from_user_id`, `to_user_id`, `body`, `is_important`, `is_delivered`, `created_at`) VALUES (172, 72, 72, 'Sed id eum reprehenderit eum dolorem et eum. Eveniet consequuntur tempora pariatur consectetur. Accusantium distinctio voluptas impedit omnis autem dolores. Provident et cum molestias illo.', 0, 1, '2016-12-25 14:23:07');
INSERT INTO `messages` (`id`, `from_user_id`, `to_user_id`, `body`, `is_important`, `is_delivered`, `created_at`) VALUES (173, 73, 73, 'Nulla accusamus aut itaque. Vel et et adipisci est quibusdam molestiae. Et culpa hic non. Suscipit saepe ea in ut aut optio distinctio quia.', 1, 0, '2018-01-17 14:54:25');
INSERT INTO `messages` (`id`, `from_user_id`, `to_user_id`, `body`, `is_important`, `is_delivered`, `created_at`) VALUES (174, 74, 74, 'Dolor laboriosam nesciunt nostrum culpa aut modi et. Consequatur quis accusamus cum repellendus rem harum. Molestiae explicabo debitis enim rerum aut veritatis. Qui id facere occaecati dolor ullam nihil fugiat.', 0, 1, '2018-01-28 00:22:47');
INSERT INTO `messages` (`id`, `from_user_id`, `to_user_id`, `body`, `is_important`, `is_delivered`, `created_at`) VALUES (175, 75, 75, 'Mollitia voluptatem vero ipsa voluptatem ab ut. Ab molestias earum autem incidunt sed quo ipsam. Illo mollitia autem in quibusdam quia.', 0, 1, '2018-05-17 19:45:12');
INSERT INTO `messages` (`id`, `from_user_id`, `to_user_id`, `body`, `is_important`, `is_delivered`, `created_at`) VALUES (176, 76, 76, 'Accusamus et aperiam nam vel consequuntur laborum aliquid. Et nesciunt minus delectus expedita. Voluptatem voluptatem cupiditate porro quo.', 1, 1, '2014-01-15 06:44:38');
INSERT INTO `messages` (`id`, `from_user_id`, `to_user_id`, `body`, `is_important`, `is_delivered`, `created_at`) VALUES (177, 77, 77, 'Explicabo voluptates et incidunt quia. Eum ut necessitatibus iusto quos error et distinctio. Qui dolorem in nobis dolores voluptatem ratione vero. Magni maxime cupiditate vitae eos autem non at inventore.', 1, 0, '2016-12-20 23:35:29');
INSERT INTO `messages` (`id`, `from_user_id`, `to_user_id`, `body`, `is_important`, `is_delivered`, `created_at`) VALUES (178, 78, 78, 'Nobis delectus voluptates fuga ipsa recusandae error officiis. Eligendi natus quo animi sit accusamus quo est. Fuga voluptatibus sunt repellat aut explicabo similique. Quos quia earum adipisci aperiam.', 1, 1, '2019-03-05 18:09:00');
INSERT INTO `messages` (`id`, `from_user_id`, `to_user_id`, `body`, `is_important`, `is_delivered`, `created_at`) VALUES (179, 79, 79, 'Ea omnis sequi sed aut saepe tempore. Laudantium eius optio velit quis fuga neque. Voluptatem ex officia sunt ex rerum ut incidunt.', 0, 0, '2019-01-12 07:23:40');
INSERT INTO `messages` (`id`, `from_user_id`, `to_user_id`, `body`, `is_important`, `is_delivered`, `created_at`) VALUES (180, 80, 80, 'Consequatur mollitia iusto laborum consequatur ea quia. Omnis deserunt quidem officiis asperiores error molestiae distinctio. Omnis eveniet quasi impedit aut esse dolor. Non quia autem accusantium fugiat.', 1, 0, '2014-12-10 11:13:38');
INSERT INTO `messages` (`id`, `from_user_id`, `to_user_id`, `body`, `is_important`, `is_delivered`, `created_at`) VALUES (181, 81, 81, 'Incidunt praesentium hic delectus nisi ut aliquid doloremque. Dolorum voluptatem modi assumenda voluptates dolorem aliquam vitae. Qui quas nam ut quibusdam.', 1, 0, '2012-07-06 12:12:55');
INSERT INTO `messages` (`id`, `from_user_id`, `to_user_id`, `body`, `is_important`, `is_delivered`, `created_at`) VALUES (182, 82, 82, 'Iure omnis cupiditate et. Veniam molestias voluptatem quaerat omnis quasi reprehenderit neque. Voluptatum soluta qui ad totam perspiciatis consectetur et. Occaecati odit ad velit quam assumenda voluptatibus exercitationem laboriosam.', 0, 0, '2018-11-08 08:32:46');
INSERT INTO `messages` (`id`, `from_user_id`, `to_user_id`, `body`, `is_important`, `is_delivered`, `created_at`) VALUES (183, 83, 83, 'Explicabo vero dolorem ab quia tempore consequatur nulla temporibus. Tenetur ducimus incidunt maiores. Iusto at ut nisi. Magni voluptas occaecati molestias ducimus eum. Sit harum iusto nihil voluptatem tenetur pariatur veniam.', 0, 1, '2012-09-01 14:09:38');
INSERT INTO `messages` (`id`, `from_user_id`, `to_user_id`, `body`, `is_important`, `is_delivered`, `created_at`) VALUES (184, 84, 84, 'Velit velit rerum qui modi sed. Ut asperiores quibusdam facilis harum. Voluptatem sed temporibus numquam ratione et eum.', 1, 0, '2020-04-22 07:46:48');
INSERT INTO `messages` (`id`, `from_user_id`, `to_user_id`, `body`, `is_important`, `is_delivered`, `created_at`) VALUES (185, 85, 85, 'Quidem fugit fugit sit molestias. Illo ipsum maxime dicta ullam. Voluptatem odit aspernatur tempore omnis illum et magni qui. Facilis accusantium qui sit sit et. Sint ut totam architecto quod eveniet recusandae beatae quas.', 0, 1, '2011-12-25 21:25:53');
INSERT INTO `messages` (`id`, `from_user_id`, `to_user_id`, `body`, `is_important`, `is_delivered`, `created_at`) VALUES (186, 86, 86, 'Iusto quia dolorem est velit occaecati autem ut. Facilis est saepe consequatur. Qui ipsam ex sequi et. Est est voluptas omnis omnis ut dolores.', 1, 1, '2017-03-21 03:31:46');
INSERT INTO `messages` (`id`, `from_user_id`, `to_user_id`, `body`, `is_important`, `is_delivered`, `created_at`) VALUES (187, 87, 87, 'Quia expedita aut id labore. Veniam impedit magni autem laboriosam. Illo quidem illum illum omnis omnis asperiores.', 1, 1, '2018-08-16 05:43:22');
INSERT INTO `messages` (`id`, `from_user_id`, `to_user_id`, `body`, `is_important`, `is_delivered`, `created_at`) VALUES (188, 88, 88, 'Molestias aliquid totam atque explicabo. Ipsam dolorum asperiores enim et consequatur. Cupiditate sed ad ea perspiciatis. Accusantium quia ad beatae vitae.', 0, 0, '2016-09-04 07:48:44');
INSERT INTO `messages` (`id`, `from_user_id`, `to_user_id`, `body`, `is_important`, `is_delivered`, `created_at`) VALUES (189, 89, 89, 'Itaque ducimus velit impedit possimus perferendis laborum fuga. Quaerat rerum vitae magni ex. Delectus reprehenderit sequi debitis sit odio in officia.', 0, 0, '2013-08-30 12:35:17');
INSERT INTO `messages` (`id`, `from_user_id`, `to_user_id`, `body`, `is_important`, `is_delivered`, `created_at`) VALUES (190, 90, 90, 'Delectus tenetur quaerat blanditiis molestiae possimus ipsum aut et. Est perferendis ut enim illum porro perspiciatis. Illo odio eligendi eius a vero amet sed. Consequatur corporis est magnam sint adipisci cupiditate.', 0, 0, '2016-08-10 11:40:00');
INSERT INTO `messages` (`id`, `from_user_id`, `to_user_id`, `body`, `is_important`, `is_delivered`, `created_at`) VALUES (191, 91, 91, 'Tenetur qui harum est. Architecto vero molestiae iure porro architecto qui et. Aut quidem et eius consequuntur ut iure autem quia.', 0, 0, '2011-10-08 09:38:18');
INSERT INTO `messages` (`id`, `from_user_id`, `to_user_id`, `body`, `is_important`, `is_delivered`, `created_at`) VALUES (192, 92, 92, 'Iure ullam nisi tenetur cum est quisquam. Eum sint maxime laborum rerum aliquid. Assumenda dolorem hic exercitationem eum accusamus accusamus sed.', 0, 0, '2019-05-25 08:16:38');
INSERT INTO `messages` (`id`, `from_user_id`, `to_user_id`, `body`, `is_important`, `is_delivered`, `created_at`) VALUES (193, 93, 93, 'Dignissimos doloribus sint animi fugit. Ullam natus recusandae earum rerum earum. Praesentium ut asperiores et dignissimos aspernatur. Cum dolorem id reprehenderit voluptatum velit consequatur.', 0, 0, '2020-01-25 18:37:16');
INSERT INTO `messages` (`id`, `from_user_id`, `to_user_id`, `body`, `is_important`, `is_delivered`, `created_at`) VALUES (194, 94, 94, 'Sit alias veniam et. Dolores soluta distinctio sunt quisquam nulla itaque ex. Voluptatem quis aut velit architecto dignissimos debitis. Ea iste eum illo quam incidunt quod quo.', 1, 1, '2014-09-10 16:57:22');
INSERT INTO `messages` (`id`, `from_user_id`, `to_user_id`, `body`, `is_important`, `is_delivered`, `created_at`) VALUES (195, 95, 95, 'Odit totam praesentium consequatur necessitatibus. Aliquid mollitia id doloribus aut. Est animi nihil sint vel.', 0, 0, '2018-09-29 05:14:39');
INSERT INTO `messages` (`id`, `from_user_id`, `to_user_id`, `body`, `is_important`, `is_delivered`, `created_at`) VALUES (196, 96, 96, 'Ut velit voluptatem nesciunt ducimus blanditiis voluptate assumenda. Tempore at consectetur et voluptatibus mollitia eos doloribus. Et dicta porro laboriosam illo. Harum non dolorum aliquam neque eaque. Impedit incidunt omnis tempora animi dolore sint.', 0, 1, '2018-02-02 08:38:53');
INSERT INTO `messages` (`id`, `from_user_id`, `to_user_id`, `body`, `is_important`, `is_delivered`, `created_at`) VALUES (197, 97, 97, 'Vero vero veniam incidunt aliquam ut quam voluptas. Tenetur adipisci tempore facere consequatur illo aliquid. Nemo unde dolores aut ut praesentium vel libero.', 0, 1, '2014-05-20 14:33:39');
INSERT INTO `messages` (`id`, `from_user_id`, `to_user_id`, `body`, `is_important`, `is_delivered`, `created_at`) VALUES (198, 98, 98, 'Eius ut est quasi accusantium. Quo est molestiae autem id mollitia. Aut id delectus eos illum harum sint dicta.', 1, 1, '2018-08-22 20:34:12');
INSERT INTO `messages` (`id`, `from_user_id`, `to_user_id`, `body`, `is_important`, `is_delivered`, `created_at`) VALUES (199, 99, 99, 'Aut eos numquam facilis. Itaque laudantium libero beatae labore quia nulla. Minus voluptate quam veritatis reiciendis blanditiis. Quaerat distinctio unde repellat facilis.', 1, 1, '2014-06-05 15:18:40');
INSERT INTO `messages` (`id`, `from_user_id`, `to_user_id`, `body`, `is_important`, `is_delivered`, `created_at`) VALUES (200, 100, 100, 'Non totam voluptas laudantium architecto optio aspernatur culpa. Illo dolorem repudiandae facilis autem est et perferendis. Quia et error quis qui aliquid. Ut expedita eius deleniti. Expedita id id voluptas quo distinctio corporis quo.', 1, 0, '2019-03-28 15:19:06');
INSERT INTO `messages` (`id`, `from_user_id`, `to_user_id`, `body`, `is_important`, `is_delivered`, `created_at`) VALUES (201, 1, 1, 'Velit enim dolores hic odio. Eaque dolorem eligendi repudiandae et corporis iste sed. Nam et quos delectus ratione sit. Voluptatem voluptatem similique velit blanditiis quis est rerum.', 0, 0, '2017-12-14 16:41:44');
INSERT INTO `messages` (`id`, `from_user_id`, `to_user_id`, `body`, `is_important`, `is_delivered`, `created_at`) VALUES (202, 2, 2, 'Commodi cum voluptas deserunt id. Repellendus quia eius quis culpa consequatur veniam veritatis nisi. Veritatis est sunt exercitationem facilis architecto mollitia cumque. Dicta voluptatem rem aut illo quo. Iusto veniam voluptas eveniet sint eum non.', 0, 0, '2011-12-14 19:24:50');
INSERT INTO `messages` (`id`, `from_user_id`, `to_user_id`, `body`, `is_important`, `is_delivered`, `created_at`) VALUES (203, 3, 3, 'Dolor assumenda maiores qui recusandae tenetur. Delectus quia iusto et nesciunt facilis. Consectetur explicabo magnam sint dolorum quia deleniti ut.', 0, 0, '2020-04-02 11:26:18');
INSERT INTO `messages` (`id`, `from_user_id`, `to_user_id`, `body`, `is_important`, `is_delivered`, `created_at`) VALUES (204, 4, 4, 'Sed id magni quod doloribus minima. Voluptatum aliquam voluptate voluptatem. Rem eum praesentium voluptas assumenda sint. Sed sequi consequatur aut dolorum.', 1, 1, '2019-06-24 03:18:29');
INSERT INTO `messages` (`id`, `from_user_id`, `to_user_id`, `body`, `is_important`, `is_delivered`, `created_at`) VALUES (205, 5, 5, 'Ea et nobis fugit qui. Consequatur voluptas corrupti ut doloribus aut expedita eos sunt. Repellat voluptatem placeat est voluptatem aut.', 1, 0, '2012-05-29 07:38:06');
INSERT INTO `messages` (`id`, `from_user_id`, `to_user_id`, `body`, `is_important`, `is_delivered`, `created_at`) VALUES (206, 6, 6, 'Earum libero voluptatibus voluptates eveniet et ut. Amet quibusdam magni officiis et. Minus sed temporibus accusamus eum.', 0, 0, '2018-08-17 13:37:36');
INSERT INTO `messages` (`id`, `from_user_id`, `to_user_id`, `body`, `is_important`, `is_delivered`, `created_at`) VALUES (207, 7, 7, 'Aperiam repellat debitis odio dolores omnis fugiat. Sit quibusdam consequatur ea mollitia consectetur aliquam vero. Fuga sint est eum vitae qui vitae. Debitis recusandae officiis dolores culpa sed pariatur.', 1, 1, '2017-01-20 23:47:55');
INSERT INTO `messages` (`id`, `from_user_id`, `to_user_id`, `body`, `is_important`, `is_delivered`, `created_at`) VALUES (208, 8, 8, 'Nemo veniam in vero. Sunt asperiores ab illo debitis minus. Veritatis vero eveniet modi.', 0, 1, '2016-02-01 09:59:21');
INSERT INTO `messages` (`id`, `from_user_id`, `to_user_id`, `body`, `is_important`, `is_delivered`, `created_at`) VALUES (209, 9, 9, 'Est molestiae expedita nesciunt aut autem error quis blanditiis. Veritatis dolores quam officia at aliquam quasi. Fugiat ab aut omnis dolor nobis.', 1, 0, '2016-07-24 12:44:42');
INSERT INTO `messages` (`id`, `from_user_id`, `to_user_id`, `body`, `is_important`, `is_delivered`, `created_at`) VALUES (210, 10, 10, 'Quis maxime velit sunt. Dignissimos animi ea saepe totam et impedit sunt. Delectus sed id deleniti non. Quaerat doloribus consectetur laboriosam sit animi natus. Atque nobis ut beatae eligendi nam.', 1, 0, '2018-09-08 00:36:47');
INSERT INTO `messages` (`id`, `from_user_id`, `to_user_id`, `body`, `is_important`, `is_delivered`, `created_at`) VALUES (211, 11, 11, 'Consequatur nesciunt odio soluta qui vel. Quia ipsum quos rerum. Illum voluptas quam non atque quae molestiae. Aut nihil excepturi omnis corrupti et.', 0, 1, '2017-05-30 07:27:06');
INSERT INTO `messages` (`id`, `from_user_id`, `to_user_id`, `body`, `is_important`, `is_delivered`, `created_at`) VALUES (212, 12, 12, 'Aliquam odit in unde. Iure voluptas autem est ex dolores ut dignissimos. Qui commodi eligendi ut earum iste praesentium sit. Atque non et cum dolores nisi natus.', 0, 0, '2018-04-10 03:51:26');
INSERT INTO `messages` (`id`, `from_user_id`, `to_user_id`, `body`, `is_important`, `is_delivered`, `created_at`) VALUES (213, 13, 13, 'Minima error in quidem quaerat cupiditate quo ut. Debitis animi et deleniti laudantium perferendis velit modi. Voluptatem facere et totam dolorum maxime esse.', 0, 1, '2020-12-25 10:22:49');
INSERT INTO `messages` (`id`, `from_user_id`, `to_user_id`, `body`, `is_important`, `is_delivered`, `created_at`) VALUES (214, 14, 14, 'Quasi ipsa sunt odio quia rerum. Dolor aut quae pariatur placeat autem temporibus sunt. Unde a similique pariatur reprehenderit.', 1, 0, '2018-06-02 12:12:02');
INSERT INTO `messages` (`id`, `from_user_id`, `to_user_id`, `body`, `is_important`, `is_delivered`, `created_at`) VALUES (215, 15, 15, 'Earum quisquam voluptas assumenda a sit sit facilis eaque. Recusandae qui molestiae hic nihil et laudantium necessitatibus. Itaque labore facilis voluptatem ipsum suscipit nihil.', 1, 1, '2016-12-10 06:06:32');
INSERT INTO `messages` (`id`, `from_user_id`, `to_user_id`, `body`, `is_important`, `is_delivered`, `created_at`) VALUES (216, 16, 16, 'Labore temporibus ut expedita quos totam aperiam nostrum. Nemo officiis ut sint ratione animi recusandae.', 1, 0, '2016-02-15 16:24:26');
INSERT INTO `messages` (`id`, `from_user_id`, `to_user_id`, `body`, `is_important`, `is_delivered`, `created_at`) VALUES (217, 17, 17, 'Eius magni laborum quis nisi corporis. Tempora sit voluptatum autem. Amet culpa qui cupiditate cupiditate dolores. Nobis et voluptatem nam id.', 1, 1, '2013-05-27 16:21:04');
INSERT INTO `messages` (`id`, `from_user_id`, `to_user_id`, `body`, `is_important`, `is_delivered`, `created_at`) VALUES (218, 18, 18, 'Alias error est nemo et recusandae. Molestiae consequatur vel et et et velit fugit. Sunt quibusdam et cupiditate sint aut.', 0, 1, '2016-07-23 04:04:32');
INSERT INTO `messages` (`id`, `from_user_id`, `to_user_id`, `body`, `is_important`, `is_delivered`, `created_at`) VALUES (219, 19, 19, 'Dolor eveniet velit eius fugit laborum. Ut tempora perferendis et est inventore reprehenderit. Corporis rerum quia repudiandae ut aut non aut. Non ipsa in suscipit corporis consequatur.', 1, 0, '2014-07-12 06:01:56');
INSERT INTO `messages` (`id`, `from_user_id`, `to_user_id`, `body`, `is_important`, `is_delivered`, `created_at`) VALUES (220, 20, 20, 'Porro rem non et accusamus placeat molestiae itaque. Qui id molestias natus. Et esse possimus dolores reiciendis voluptas est nisi repellendus. Blanditiis qui perspiciatis eaque laborum ipsam ex.', 1, 0, '2014-06-18 23:34:18');
INSERT INTO `messages` (`id`, `from_user_id`, `to_user_id`, `body`, `is_important`, `is_delivered`, `created_at`) VALUES (221, 21, 21, 'Officia quia sequi quaerat in praesentium. Illum tempore rerum nesciunt. Modi consequatur totam temporibus possimus fugiat. Eum tenetur voluptatum dolores quaerat qui nostrum quia.', 1, 1, '2012-06-18 13:23:15');
INSERT INTO `messages` (`id`, `from_user_id`, `to_user_id`, `body`, `is_important`, `is_delivered`, `created_at`) VALUES (222, 22, 22, 'Similique consequatur rem eum. Iusto cumque et rerum fuga a. Cum provident magnam nesciunt quis ullam.', 0, 0, '2011-08-25 18:07:33');
INSERT INTO `messages` (`id`, `from_user_id`, `to_user_id`, `body`, `is_important`, `is_delivered`, `created_at`) VALUES (223, 23, 23, 'Animi doloremque magni tenetur suscipit rem et voluptate. Sed itaque sint cum autem. Quod reprehenderit veniam velit eum ex temporibus odio.', 0, 0, '2021-05-12 18:41:14');
INSERT INTO `messages` (`id`, `from_user_id`, `to_user_id`, `body`, `is_important`, `is_delivered`, `created_at`) VALUES (224, 24, 24, 'Quis provident in reiciendis ea reiciendis. Ad eum sed perspiciatis reiciendis qui et praesentium. Sit tenetur natus aut nesciunt vitae quibusdam id. Iure sed minima dolor minima voluptatem.', 1, 1, '2015-03-11 18:36:44');
INSERT INTO `messages` (`id`, `from_user_id`, `to_user_id`, `body`, `is_important`, `is_delivered`, `created_at`) VALUES (225, 25, 25, 'Ut quam nam eveniet molestiae sint vitae quo. Molestiae sunt consequatur similique corporis corporis eum. Laboriosam id rerum aut et hic facilis.', 0, 1, '2015-11-22 17:22:58');
INSERT INTO `messages` (`id`, `from_user_id`, `to_user_id`, `body`, `is_important`, `is_delivered`, `created_at`) VALUES (226, 26, 26, 'Quaerat similique iure accusamus quae excepturi enim totam. Ut aut delectus itaque amet dolores numquam. Quo quos architecto non quod ut. Nostrum odit fugit est dolores ab. Voluptas quas cupiditate qui dolor sed sed.', 1, 0, '2013-05-29 04:58:32');
INSERT INTO `messages` (`id`, `from_user_id`, `to_user_id`, `body`, `is_important`, `is_delivered`, `created_at`) VALUES (227, 27, 27, 'Error et commodi voluptatem. Nihil eius dolorem hic omnis. Nulla ut dignissimos ut ducimus nostrum. Modi consequuntur excepturi recusandae quia delectus accusamus earum iusto.', 0, 1, '2013-05-03 11:18:38');
INSERT INTO `messages` (`id`, `from_user_id`, `to_user_id`, `body`, `is_important`, `is_delivered`, `created_at`) VALUES (228, 28, 28, 'Exercitationem et quo laborum aliquam autem adipisci fuga. Est et vitae id officia saepe animi iste. Est aspernatur sunt debitis voluptatem a.', 1, 0, '2012-12-22 01:40:20');
INSERT INTO `messages` (`id`, `from_user_id`, `to_user_id`, `body`, `is_important`, `is_delivered`, `created_at`) VALUES (229, 29, 29, 'Fugiat voluptas soluta nemo. Provident tempore deleniti incidunt id aliquam at quidem qui. Illo qui sit hic expedita voluptatibus deserunt ut.', 0, 1, '2016-06-06 07:42:24');
INSERT INTO `messages` (`id`, `from_user_id`, `to_user_id`, `body`, `is_important`, `is_delivered`, `created_at`) VALUES (230, 30, 30, 'Sequi veniam deserunt quis unde expedita. Dignissimos delectus libero nihil et nisi. Velit ullam aut illum reiciendis qui ut voluptatem. Mollitia quia et molestiae distinctio sequi quo.', 1, 0, '2013-07-21 02:40:22');
INSERT INTO `messages` (`id`, `from_user_id`, `to_user_id`, `body`, `is_important`, `is_delivered`, `created_at`) VALUES (231, 31, 31, 'Dolor voluptates quis ad dicta similique odit. Et soluta similique ut. Sapiente tempora et explicabo sint voluptas rerum ut.', 1, 1, '2012-04-22 12:54:37');
INSERT INTO `messages` (`id`, `from_user_id`, `to_user_id`, `body`, `is_important`, `is_delivered`, `created_at`) VALUES (232, 32, 32, 'Qui iste ipsum laborum recusandae id maiores similique facere. Distinctio libero voluptatem doloribus magnam hic corrupti quibusdam nostrum. Expedita consequuntur et quidem reiciendis magni enim debitis.', 1, 0, '2012-03-24 07:48:14');
INSERT INTO `messages` (`id`, `from_user_id`, `to_user_id`, `body`, `is_important`, `is_delivered`, `created_at`) VALUES (233, 33, 33, 'Aut soluta nisi quasi laboriosam. Laudantium quibusdam reprehenderit dolorum. Optio quibusdam voluptas rem et aliquid similique inventore.', 1, 0, '2018-03-15 10:52:46');
INSERT INTO `messages` (`id`, `from_user_id`, `to_user_id`, `body`, `is_important`, `is_delivered`, `created_at`) VALUES (234, 34, 34, 'Sapiente et et sit veniam. Officia corrupti ut fugiat dolorem enim est illo. Nulla quis architecto occaecati tenetur nesciunt.', 1, 1, '2017-11-30 03:05:07');
INSERT INTO `messages` (`id`, `from_user_id`, `to_user_id`, `body`, `is_important`, `is_delivered`, `created_at`) VALUES (235, 35, 35, 'Deserunt corrupti autem est praesentium non consequatur enim. Qui sint et eum placeat nesciunt explicabo quam. Qui vel qui quod aut optio. Et accusamus dolore eos non quia facilis animi.', 1, 1, '2020-06-12 14:46:34');
INSERT INTO `messages` (`id`, `from_user_id`, `to_user_id`, `body`, `is_important`, `is_delivered`, `created_at`) VALUES (236, 36, 36, 'Voluptatem et est veritatis quidem omnis dolorem illo ratione. Ipsum esse cupiditate iure ad. Similique debitis placeat sed ullam consequatur quos maiores. Possimus commodi nihil est ex in perspiciatis assumenda.', 0, 0, '2017-10-04 12:50:02');
INSERT INTO `messages` (`id`, `from_user_id`, `to_user_id`, `body`, `is_important`, `is_delivered`, `created_at`) VALUES (237, 37, 37, 'Eius neque nesciunt dolorem voluptatem. Natus inventore sint doloremque temporibus. Magnam provident dolor minus. Ipsam voluptatem at nulla similique.', 0, 1, '2011-08-19 17:51:06');
INSERT INTO `messages` (`id`, `from_user_id`, `to_user_id`, `body`, `is_important`, `is_delivered`, `created_at`) VALUES (238, 38, 38, 'Laboriosam aliquam laboriosam unde et unde et aut. Amet sed id accusamus velit temporibus repudiandae ut. Consectetur et voluptas sapiente cum. Facere architecto in eaque sed excepturi repudiandae repellat.', 0, 0, '2012-09-08 17:13:47');
INSERT INTO `messages` (`id`, `from_user_id`, `to_user_id`, `body`, `is_important`, `is_delivered`, `created_at`) VALUES (239, 39, 39, 'Corrupti in odio esse et ut numquam. Voluptate sed doloribus reiciendis distinctio quae. Placeat nam unde rerum repudiandae quo modi. Et tempora aut architecto qui beatae eaque.', 1, 0, '2015-01-02 09:46:23');
INSERT INTO `messages` (`id`, `from_user_id`, `to_user_id`, `body`, `is_important`, `is_delivered`, `created_at`) VALUES (240, 40, 40, 'Cupiditate at rerum et excepturi veniam autem laudantium. Aperiam optio commodi quia voluptas ut eaque. Ratione vitae enim quis ratione autem. Vel ipsum facilis vel sint nobis iure consequatur odit.', 1, 1, '2015-11-29 22:25:39');
INSERT INTO `messages` (`id`, `from_user_id`, `to_user_id`, `body`, `is_important`, `is_delivered`, `created_at`) VALUES (241, 41, 41, 'Molestiae officiis saepe possimus laborum ipsa ea sit. Delectus non a ut et sequi. Explicabo assumenda quis dicta et.', 0, 0, '2019-04-16 23:17:51');
INSERT INTO `messages` (`id`, `from_user_id`, `to_user_id`, `body`, `is_important`, `is_delivered`, `created_at`) VALUES (242, 42, 42, 'Deleniti velit autem ducimus sint quibusdam adipisci perspiciatis. Voluptatum corrupti et at. Consequuntur sed nostrum saepe aperiam hic asperiores. Eligendi dolor magnam ipsam dolores sunt.', 0, 0, '2013-05-25 15:49:57');
INSERT INTO `messages` (`id`, `from_user_id`, `to_user_id`, `body`, `is_important`, `is_delivered`, `created_at`) VALUES (243, 43, 43, 'Provident exercitationem voluptatibus tempora dolore a pariatur voluptatibus. Consequatur asperiores tempora dignissimos nihil quos earum. Voluptas ipsum placeat laboriosam eum quisquam. Tempora voluptatem ut et itaque.', 0, 0, '2015-01-20 08:56:38');
INSERT INTO `messages` (`id`, `from_user_id`, `to_user_id`, `body`, `is_important`, `is_delivered`, `created_at`) VALUES (244, 44, 44, 'Enim ut vel eligendi qui amet porro necessitatibus. Vero consequatur repudiandae nam voluptas laudantium non eos. Sit nulla dolor exercitationem temporibus nihil non ea.', 1, 0, '2012-11-14 22:04:17');
INSERT INTO `messages` (`id`, `from_user_id`, `to_user_id`, `body`, `is_important`, `is_delivered`, `created_at`) VALUES (245, 45, 45, 'Molestiae unde voluptatum laudantium esse corrupti laborum. Accusantium quia occaecati ab qui repellendus ut quod. Maxime ut doloribus neque.', 1, 0, '2019-12-28 07:57:44');
INSERT INTO `messages` (`id`, `from_user_id`, `to_user_id`, `body`, `is_important`, `is_delivered`, `created_at`) VALUES (246, 46, 46, 'Sit minus esse doloribus. Ab aut esse sint tenetur laboriosam totam hic molestias. Sit asperiores quasi voluptatem non necessitatibus qui nisi nulla.', 0, 1, '2012-05-14 05:41:28');
INSERT INTO `messages` (`id`, `from_user_id`, `to_user_id`, `body`, `is_important`, `is_delivered`, `created_at`) VALUES (247, 47, 47, 'Deserunt consequuntur quaerat consequuntur vero aliquid vel et. Facere porro inventore suscipit dolorem. Autem excepturi ipsa quia quidem provident nihil at porro. Incidunt et voluptatem rerum sunt adipisci.', 0, 1, '2021-07-01 17:37:03');
INSERT INTO `messages` (`id`, `from_user_id`, `to_user_id`, `body`, `is_important`, `is_delivered`, `created_at`) VALUES (248, 48, 48, 'Ut et est molestiae sapiente. Suscipit laborum est dolor adipisci. Et ex facilis et necessitatibus unde dolor. Et consequatur consequatur et molestias et. Dignissimos qui labore accusantium.', 1, 1, '2017-06-10 17:16:13');
INSERT INTO `messages` (`id`, `from_user_id`, `to_user_id`, `body`, `is_important`, `is_delivered`, `created_at`) VALUES (249, 49, 49, 'In incidunt et nemo illo molestiae omnis. Ex quia totam consequatur occaecati temporibus est. Iusto quas iusto officia et quae aut.', 0, 0, '2018-12-26 23:33:21');
INSERT INTO `messages` (`id`, `from_user_id`, `to_user_id`, `body`, `is_important`, `is_delivered`, `created_at`) VALUES (250, 50, 50, 'Voluptas et aspernatur quos doloribus hic. Ex mollitia tempora blanditiis modi dolor aspernatur eligendi. Est sapiente animi aut fuga vero vero dicta. Laboriosam illo molestiae velit at fugit quos sequi.', 1, 1, '2020-05-27 08:44:14');
INSERT INTO `messages` (`id`, `from_user_id`, `to_user_id`, `body`, `is_important`, `is_delivered`, `created_at`) VALUES (251, 51, 51, 'Ex aut illo non non nisi excepturi nisi. Soluta sint nesciunt officia qui et reprehenderit. Aut assumenda consequatur voluptatem occaecati doloribus eius.', 1, 0, '2014-07-02 04:50:32');
INSERT INTO `messages` (`id`, `from_user_id`, `to_user_id`, `body`, `is_important`, `is_delivered`, `created_at`) VALUES (252, 52, 52, 'In blanditiis enim quo magni dignissimos odit. Est quod consequuntur corrupti ut numquam tempora eligendi aliquid. Occaecati rerum incidunt illum voluptas sit.', 0, 0, '2013-03-20 03:33:04');
INSERT INTO `messages` (`id`, `from_user_id`, `to_user_id`, `body`, `is_important`, `is_delivered`, `created_at`) VALUES (253, 53, 53, 'Quibusdam ut totam aut eveniet est mollitia. Omnis asperiores aspernatur qui quia sed ea maiores.', 0, 1, '2015-08-26 10:51:50');
INSERT INTO `messages` (`id`, `from_user_id`, `to_user_id`, `body`, `is_important`, `is_delivered`, `created_at`) VALUES (254, 54, 54, 'Natus natus exercitationem exercitationem autem molestiae voluptatem. Sequi ut doloribus qui et sit. Architecto nihil quo cum dolorum est.', 0, 1, '2018-05-22 00:09:08');
INSERT INTO `messages` (`id`, `from_user_id`, `to_user_id`, `body`, `is_important`, `is_delivered`, `created_at`) VALUES (255, 55, 55, 'Nobis nulla quia maxime corrupti vel provident cumque. Ipsam quis quisquam laborum quo. Adipisci ullam enim eveniet maxime libero in. Culpa molestiae nostrum omnis qui soluta fugit sunt.', 0, 1, '2017-01-19 12:54:16');
INSERT INTO `messages` (`id`, `from_user_id`, `to_user_id`, `body`, `is_important`, `is_delivered`, `created_at`) VALUES (256, 56, 56, 'Et ut dolorem voluptatem natus nemo sapiente harum. Amet quas magnam consequuntur vel praesentium dolor error. Neque delectus recusandae et nulla ad sunt.', 1, 0, '2019-12-03 23:18:04');
INSERT INTO `messages` (`id`, `from_user_id`, `to_user_id`, `body`, `is_important`, `is_delivered`, `created_at`) VALUES (257, 57, 57, 'Cum dolor eaque nulla quia esse ipsam. Consectetur fugit aut aut a dicta et similique. Voluptate est dolores numquam voluptates accusantium.', 1, 1, '2019-04-30 15:53:16');
INSERT INTO `messages` (`id`, `from_user_id`, `to_user_id`, `body`, `is_important`, `is_delivered`, `created_at`) VALUES (258, 58, 58, 'Illo quia architecto nobis et est. Aut nostrum omnis ut quos provident voluptas qui. Deleniti rerum illum reiciendis. Asperiores voluptas ea deleniti quis aut totam quia aut.', 0, 0, '2017-09-25 03:33:15');
INSERT INTO `messages` (`id`, `from_user_id`, `to_user_id`, `body`, `is_important`, `is_delivered`, `created_at`) VALUES (259, 59, 59, 'Et deleniti et quia ipsa ea laboriosam sint quidem. Et ducimus fuga ut. Tenetur dolor iusto facere et similique asperiores.', 0, 0, '2016-06-22 14:20:27');
INSERT INTO `messages` (`id`, `from_user_id`, `to_user_id`, `body`, `is_important`, `is_delivered`, `created_at`) VALUES (260, 60, 60, 'Ducimus voluptatem et asperiores quos. Voluptates autem quis distinctio recusandae. Qui aperiam assumenda debitis unde minima dolorem rerum.', 1, 0, '2014-10-29 21:15:20');
INSERT INTO `messages` (`id`, `from_user_id`, `to_user_id`, `body`, `is_important`, `is_delivered`, `created_at`) VALUES (261, 61, 61, 'Quaerat quisquam et omnis non ut vitae. Sunt accusantium omnis veniam deleniti sequi reprehenderit. Et laboriosam et consequatur labore maiores dolor quaerat quis. Voluptatem id suscipit est in. Dicta facilis eum aut natus doloribus blanditiis corrupti.', 1, 0, '2013-10-03 05:22:55');
INSERT INTO `messages` (`id`, `from_user_id`, `to_user_id`, `body`, `is_important`, `is_delivered`, `created_at`) VALUES (262, 62, 62, 'Tempora tempore quo temporibus consequatur quisquam minima sint dolores. Officiis excepturi in qui laborum. Aut laborum ut explicabo nulla dicta ullam. Maxime voluptas cum ex et.', 0, 0, '2019-01-14 06:56:57');
INSERT INTO `messages` (`id`, `from_user_id`, `to_user_id`, `body`, `is_important`, `is_delivered`, `created_at`) VALUES (263, 63, 63, 'Rerum laudantium ad ut et qui est. Ullam perferendis alias sit. Dolorem aut qui quibusdam quas temporibus.', 1, 0, '2019-08-01 18:55:07');
INSERT INTO `messages` (`id`, `from_user_id`, `to_user_id`, `body`, `is_important`, `is_delivered`, `created_at`) VALUES (264, 64, 64, 'Exercitationem aut a dolorem rerum. Nam voluptatibus aperiam architecto numquam id accusamus sunt. Adipisci consequuntur aperiam quo corrupti cupiditate animi.', 1, 0, '2018-04-27 10:42:44');
INSERT INTO `messages` (`id`, `from_user_id`, `to_user_id`, `body`, `is_important`, `is_delivered`, `created_at`) VALUES (265, 65, 65, 'Aut ut enim doloribus facilis quibusdam fugiat numquam enim. Qui voluptatem recusandae non est atque quo aliquam et. Officiis consequatur hic eius aut quo sed nesciunt quia.', 0, 0, '2012-05-31 23:01:17');
INSERT INTO `messages` (`id`, `from_user_id`, `to_user_id`, `body`, `is_important`, `is_delivered`, `created_at`) VALUES (266, 66, 66, 'Occaecati atque aut assumenda ullam cupiditate qui voluptates similique. Aut repellat dolores nihil facilis dolores. Maiores error cupiditate maiores vero ipsam qui. Deserunt consequatur expedita sint architecto dolores. Distinctio et mollitia quae officiis inventore eligendi.', 0, 1, '2013-04-05 22:34:17');
INSERT INTO `messages` (`id`, `from_user_id`, `to_user_id`, `body`, `is_important`, `is_delivered`, `created_at`) VALUES (267, 67, 67, 'Et quos laudantium soluta sit quia. Non et quis id sint. Minima laboriosam ut vero ullam error. Qui odio animi cupiditate quos et ipsum rerum.', 1, 1, '2016-04-25 09:50:08');
INSERT INTO `messages` (`id`, `from_user_id`, `to_user_id`, `body`, `is_important`, `is_delivered`, `created_at`) VALUES (268, 68, 68, 'Sit aut quod voluptatem. Perspiciatis ut debitis aspernatur a repellat quaerat pariatur. Asperiores quasi rerum ipsa facere ut maiores dolores.', 1, 0, '2013-03-28 15:04:35');
INSERT INTO `messages` (`id`, `from_user_id`, `to_user_id`, `body`, `is_important`, `is_delivered`, `created_at`) VALUES (269, 69, 69, 'Doloremque impedit qui placeat rerum libero nihil. Asperiores odio quae facere. Dolor officia neque commodi provident esse suscipit rerum et.', 1, 1, '2015-01-03 17:49:36');
INSERT INTO `messages` (`id`, `from_user_id`, `to_user_id`, `body`, `is_important`, `is_delivered`, `created_at`) VALUES (270, 70, 70, 'Adipisci maxime repellendus incidunt nesciunt atque natus ut. Non qui ut accusantium amet aut consequatur. Rerum dicta repudiandae exercitationem. Dolores qui cumque ex consequatur et dolores.', 0, 1, '2012-08-25 15:09:31');
INSERT INTO `messages` (`id`, `from_user_id`, `to_user_id`, `body`, `is_important`, `is_delivered`, `created_at`) VALUES (271, 71, 71, 'Blanditiis id magnam exercitationem suscipit et aut non. Quas nihil esse perspiciatis. Nesciunt ut quis est. Et cumque dolorum ipsa at in unde.', 1, 1, '2013-10-30 16:06:40');
INSERT INTO `messages` (`id`, `from_user_id`, `to_user_id`, `body`, `is_important`, `is_delivered`, `created_at`) VALUES (272, 72, 72, 'Cupiditate debitis distinctio neque placeat culpa sed reiciendis. Voluptate porro velit excepturi laboriosam sunt. Enim quis eum et distinctio sit velit.', 0, 1, '2016-05-16 11:06:56');
INSERT INTO `messages` (`id`, `from_user_id`, `to_user_id`, `body`, `is_important`, `is_delivered`, `created_at`) VALUES (273, 73, 73, 'Omnis aliquam possimus dolor id harum. Animi eum perspiciatis tenetur exercitationem ad.', 1, 0, '2019-06-07 11:38:16');
INSERT INTO `messages` (`id`, `from_user_id`, `to_user_id`, `body`, `is_important`, `is_delivered`, `created_at`) VALUES (274, 74, 74, 'Optio veritatis tenetur enim rerum nisi ea vitae. Quod nostrum enim ratione libero facilis. Vel consectetur doloribus optio quam assumenda odio.', 1, 1, '2017-10-15 22:13:58');
INSERT INTO `messages` (`id`, `from_user_id`, `to_user_id`, `body`, `is_important`, `is_delivered`, `created_at`) VALUES (275, 75, 75, 'Autem nobis ratione nihil nobis ab. Ipsam placeat nulla exercitationem quae ducimus amet consequuntur dolorem. Qui magni rerum pariatur sed quasi ex.', 1, 1, '2013-01-05 10:48:00');
INSERT INTO `messages` (`id`, `from_user_id`, `to_user_id`, `body`, `is_important`, `is_delivered`, `created_at`) VALUES (276, 76, 76, 'In error rerum voluptate exercitationem libero illum aut. Error eum id ut voluptas. Odio necessitatibus explicabo ad nam. Corporis doloribus sint praesentium nesciunt error dolores.', 1, 1, '2015-02-26 02:39:15');
INSERT INTO `messages` (`id`, `from_user_id`, `to_user_id`, `body`, `is_important`, `is_delivered`, `created_at`) VALUES (277, 77, 77, 'Quisquam et adipisci ratione a velit voluptatem. Quam debitis vel debitis sit. Consequatur omnis rem sunt qui qui dignissimos qui sunt.', 0, 0, '2011-08-01 04:57:46');
INSERT INTO `messages` (`id`, `from_user_id`, `to_user_id`, `body`, `is_important`, `is_delivered`, `created_at`) VALUES (278, 78, 78, 'Numquam veniam quasi et enim ex placeat. Quia est eos ullam. Debitis mollitia natus aut sint eligendi. Dolor qui veritatis voluptatem quae a deserunt necessitatibus.', 1, 0, '2018-12-10 10:26:12');
INSERT INTO `messages` (`id`, `from_user_id`, `to_user_id`, `body`, `is_important`, `is_delivered`, `created_at`) VALUES (279, 79, 79, 'Ea odit aliquam ut molestiae qui facilis consectetur est. Et aut optio voluptates porro quia eaque. Dolorem atque natus reprehenderit assumenda officia.', 1, 1, '2013-01-06 09:37:59');
INSERT INTO `messages` (`id`, `from_user_id`, `to_user_id`, `body`, `is_important`, `is_delivered`, `created_at`) VALUES (280, 80, 80, 'Deserunt aut corrupti omnis aut possimus et. Eos sint omnis quia culpa repudiandae eum. Corrupti minima cumque qui. Corrupti at tenetur ut dolor.', 1, 1, '2012-07-16 18:18:22');
INSERT INTO `messages` (`id`, `from_user_id`, `to_user_id`, `body`, `is_important`, `is_delivered`, `created_at`) VALUES (281, 81, 81, 'Quia asperiores qui non eaque repellendus dolorem. Enim et at et vel sint voluptas quos. Eum voluptatem iusto laboriosam omnis maxime ea commodi. Quia tempora illo enim laborum illum.', 0, 0, '2014-03-07 17:10:20');
INSERT INTO `messages` (`id`, `from_user_id`, `to_user_id`, `body`, `is_important`, `is_delivered`, `created_at`) VALUES (282, 82, 82, 'Aspernatur quis explicabo architecto optio quos voluptatem molestiae. Aut sapiente deserunt illum rerum. Modi praesentium quidem alias consequuntur facilis corrupti quis quo.', 1, 1, '2021-06-11 21:06:06');
INSERT INTO `messages` (`id`, `from_user_id`, `to_user_id`, `body`, `is_important`, `is_delivered`, `created_at`) VALUES (283, 83, 83, 'Odit saepe vel omnis illo. Quam consequatur rerum et totam aliquam at. Facilis et asperiores optio beatae aliquid. Ut voluptatem et consequatur voluptate.', 1, 0, '2019-09-15 09:44:16');
INSERT INTO `messages` (`id`, `from_user_id`, `to_user_id`, `body`, `is_important`, `is_delivered`, `created_at`) VALUES (284, 84, 84, 'Placeat quaerat commodi mollitia id. Porro quas nihil cumque corporis laborum. Ut dolor maxime earum.', 1, 1, '2017-03-14 02:43:58');
INSERT INTO `messages` (`id`, `from_user_id`, `to_user_id`, `body`, `is_important`, `is_delivered`, `created_at`) VALUES (285, 85, 85, 'Harum accusantium enim sunt a repellendus nisi sunt sed. Labore voluptas blanditiis voluptatum minus voluptas et. Consequatur quae porro sequi voluptatibus perferendis. Quis enim minus nemo.', 0, 1, '2015-07-15 17:43:47');
INSERT INTO `messages` (`id`, `from_user_id`, `to_user_id`, `body`, `is_important`, `is_delivered`, `created_at`) VALUES (286, 86, 86, 'Incidunt voluptatem facilis enim corrupti voluptatibus quasi. Qui qui aperiam accusantium ipsum numquam nisi id. Voluptates tempore consequatur aut debitis veritatis.', 1, 1, '2018-08-20 15:07:42');
INSERT INTO `messages` (`id`, `from_user_id`, `to_user_id`, `body`, `is_important`, `is_delivered`, `created_at`) VALUES (287, 87, 87, 'Et magnam molestiae aut porro. Unde quia et ut magni repellat ullam assumenda perspiciatis. Harum non autem tempore optio nulla rem voluptatem.', 0, 0, '2018-01-23 13:33:38');
INSERT INTO `messages` (`id`, `from_user_id`, `to_user_id`, `body`, `is_important`, `is_delivered`, `created_at`) VALUES (288, 88, 88, 'Voluptatem soluta vel ea asperiores. Nihil ut eos unde. Est error ut accusantium. Dolore aut libero nisi facilis aliquid voluptas.', 0, 0, '2017-09-13 00:08:53');
INSERT INTO `messages` (`id`, `from_user_id`, `to_user_id`, `body`, `is_important`, `is_delivered`, `created_at`) VALUES (289, 89, 89, 'Et nemo quo reprehenderit tenetur maxime quia. Est et maiores enim quibusdam tempora nihil. Rerum et qui aut rerum adipisci voluptates ratione.', 1, 0, '2013-05-13 19:22:04');
INSERT INTO `messages` (`id`, `from_user_id`, `to_user_id`, `body`, `is_important`, `is_delivered`, `created_at`) VALUES (290, 90, 90, 'Consequuntur culpa in illo nulla libero nobis. Corrupti autem quidem optio sint. Nobis veniam quas suscipit itaque aspernatur soluta.', 1, 1, '2015-06-21 02:08:08');
INSERT INTO `messages` (`id`, `from_user_id`, `to_user_id`, `body`, `is_important`, `is_delivered`, `created_at`) VALUES (291, 91, 91, 'Molestiae dolor perferendis perspiciatis et. Omnis rem explicabo vitae omnis. Qui asperiores et ipsam necessitatibus. Aliquam earum tempore similique autem ut quis.', 1, 0, '2016-11-02 05:56:36');
INSERT INTO `messages` (`id`, `from_user_id`, `to_user_id`, `body`, `is_important`, `is_delivered`, `created_at`) VALUES (292, 92, 92, 'Velit rem reprehenderit aperiam blanditiis voluptatem quisquam voluptas. Dolorum et repudiandae dignissimos. Cumque sit doloribus autem eum. Dolore nihil praesentium dolorem quod non eos. Enim at explicabo sequi aut.', 1, 0, '2016-10-05 07:40:12');
INSERT INTO `messages` (`id`, `from_user_id`, `to_user_id`, `body`, `is_important`, `is_delivered`, `created_at`) VALUES (293, 93, 93, 'Nulla aliquam dolorem ut. Culpa ut omnis minima fugit praesentium delectus. Dolorem hic alias culpa et tempora. Necessitatibus ut possimus amet atque.', 1, 1, '2012-06-04 16:28:23');
INSERT INTO `messages` (`id`, `from_user_id`, `to_user_id`, `body`, `is_important`, `is_delivered`, `created_at`) VALUES (294, 94, 94, 'Magni id nostrum accusamus eum quisquam maxime. Sit nihil dolor earum commodi. Ut odio sunt ex eum ad.', 0, 1, '2020-01-06 10:49:45');
INSERT INTO `messages` (`id`, `from_user_id`, `to_user_id`, `body`, `is_important`, `is_delivered`, `created_at`) VALUES (295, 95, 95, 'Exercitationem doloremque velit ad et tempora quidem nemo. Expedita aut omnis exercitationem error et. Consequuntur sed unde voluptas quis autem consequatur.', 1, 0, '2018-09-17 02:15:54');
INSERT INTO `messages` (`id`, `from_user_id`, `to_user_id`, `body`, `is_important`, `is_delivered`, `created_at`) VALUES (296, 96, 96, 'Soluta magni vel aut sed molestias et consequatur. Quia temporibus et corrupti aut. Recusandae error magnam qui.', 0, 0, '2021-03-18 20:02:25');
INSERT INTO `messages` (`id`, `from_user_id`, `to_user_id`, `body`, `is_important`, `is_delivered`, `created_at`) VALUES (297, 97, 97, 'Et voluptas aut beatae maiores. Praesentium possimus qui earum sit. Nesciunt aperiam ex omnis dolorem optio necessitatibus aliquid. Cum ipsam nesciunt qui mollitia qui recusandae.', 1, 1, '2012-08-25 15:18:13');
INSERT INTO `messages` (`id`, `from_user_id`, `to_user_id`, `body`, `is_important`, `is_delivered`, `created_at`) VALUES (298, 98, 98, 'Consequatur voluptatem similique eius rerum omnis consequatur nihil. Autem voluptas consequuntur aspernatur rem et nemo. Ut reiciendis quisquam nostrum tenetur ad inventore consequuntur.', 1, 0, '2017-08-19 06:29:32');
INSERT INTO `messages` (`id`, `from_user_id`, `to_user_id`, `body`, `is_important`, `is_delivered`, `created_at`) VALUES (299, 99, 99, 'Odio consequuntur atque eum quia aperiam odio. Non vero nesciunt eius possimus consectetur.', 1, 1, '2013-01-04 01:44:40');
INSERT INTO `messages` (`id`, `from_user_id`, `to_user_id`, `body`, `is_important`, `is_delivered`, `created_at`) VALUES (300, 100, 100, 'Illo suscipit est quis quia totam ut magni omnis. Omnis voluptatibus veritatis rerum beatae id cupiditate. Cum molestias qui aut ad.', 0, 1, '2018-02-25 20:17:39');


#
# TABLE STRUCTURE FOR: profiles
#

DROP TABLE IF EXISTS `profiles`;

CREATE TABLE `profiles` (
  `user_id` int(10) unsigned NOT NULL COMMENT 'Ссылка на пользователя',
  `gender` char(1) COLLATE utf8mb4_unicode_ci NOT NULL COMMENT 'Пол',
  `birthday` date DEFAULT NULL COMMENT 'Дата рождения',
  `city_id` int(10) unsigned DEFAULT NULL COMMENT 'Ссылка на город проживания',
  `created_at` datetime DEFAULT current_timestamp() COMMENT 'Время создания строки',
  `updated_at` datetime DEFAULT current_timestamp() ON UPDATE current_timestamp() COMMENT 'Время обновления строки',
  PRIMARY KEY (`user_id`)
) ENGINE=InnoDB DEFAULT CHARSET=utf8mb4 COLLATE=utf8mb4_unicode_ci COMMENT='Профили';

INSERT INTO `profiles` (`user_id`, `gender`, `birthday`, `city_id`, `created_at`, `updated_at`) VALUES (1, 'm', '1972-09-21', 1, '2015-09-08 09:44:02', '2021-02-18 12:23:36');
INSERT INTO `profiles` (`user_id`, `gender`, `birthday`, `city_id`, `created_at`, `updated_at`) VALUES (2, 'm', '1982-07-29', 2, '2017-02-09 10:36:34', '2020-03-06 22:42:07');
INSERT INTO `profiles` (`user_id`, `gender`, `birthday`, `city_id`, `created_at`, `updated_at`) VALUES (3, 'f', '1986-09-21', 3, '2019-06-29 05:25:43', '2018-01-24 20:57:44');
INSERT INTO `profiles` (`user_id`, `gender`, `birthday`, `city_id`, `created_at`, `updated_at`) VALUES (4, 'm', '1981-04-03', 4, '2014-09-17 01:16:27', '2012-09-11 11:19:25');
INSERT INTO `profiles` (`user_id`, `gender`, `birthday`, `city_id`, `created_at`, `updated_at`) VALUES (5, 'f', '2012-09-06', 5, '2015-03-24 09:25:32', '2020-06-13 15:58:47');
INSERT INTO `profiles` (`user_id`, `gender`, `birthday`, `city_id`, `created_at`, `updated_at`) VALUES (6, 'm', '1987-08-03', 6, '2014-10-21 12:43:41', '2012-02-09 17:55:19');
INSERT INTO `profiles` (`user_id`, `gender`, `birthday`, `city_id`, `created_at`, `updated_at`) VALUES (7, 'f', '2000-04-11', 7, '2015-06-17 06:59:44', '2018-01-18 12:51:16');
INSERT INTO `profiles` (`user_id`, `gender`, `birthday`, `city_id`, `created_at`, `updated_at`) VALUES (8, 'm', '1996-10-31', 8, '2015-08-29 08:36:47', '2017-12-15 16:05:38');
INSERT INTO `profiles` (`user_id`, `gender`, `birthday`, `city_id`, `created_at`, `updated_at`) VALUES (9, 'f', '2000-09-18', 9, '2011-09-20 13:55:29', '2013-11-06 22:46:46');
INSERT INTO `profiles` (`user_id`, `gender`, `birthday`, `city_id`, `created_at`, `updated_at`) VALUES (10, 'f', '1973-07-10', 10, '2015-08-25 17:20:58', '2015-09-05 03:11:15');
INSERT INTO `profiles` (`user_id`, `gender`, `birthday`, `city_id`, `created_at`, `updated_at`) VALUES (11, 'f', '1978-05-23', 11, '2011-08-11 21:17:08', '2021-01-04 08:34:57');
INSERT INTO `profiles` (`user_id`, `gender`, `birthday`, `city_id`, `created_at`, `updated_at`) VALUES (12, 'm', '2010-11-17', 12, '2015-06-04 15:25:23', '2016-02-09 04:07:30');
INSERT INTO `profiles` (`user_id`, `gender`, `birthday`, `city_id`, `created_at`, `updated_at`) VALUES (13, 'f', '1985-02-23', 13, '2012-01-21 17:29:44', '2015-06-12 23:57:51');
INSERT INTO `profiles` (`user_id`, `gender`, `birthday`, `city_id`, `created_at`, `updated_at`) VALUES (14, 'm', '1997-06-20', 14, '2020-04-02 22:48:12', '2018-08-10 06:57:06');
INSERT INTO `profiles` (`user_id`, `gender`, `birthday`, `city_id`, `created_at`, `updated_at`) VALUES (15, 'f', '1982-01-05', 15, '2013-07-18 22:06:50', '2012-03-17 22:22:19');
INSERT INTO `profiles` (`user_id`, `gender`, `birthday`, `city_id`, `created_at`, `updated_at`) VALUES (16, 'm', '2012-03-03', 16, '2012-07-18 14:32:00', '2014-03-19 19:08:49');
INSERT INTO `profiles` (`user_id`, `gender`, `birthday`, `city_id`, `created_at`, `updated_at`) VALUES (17, 'm', '2009-11-23', 17, '2019-05-29 07:23:42', '2015-07-16 11:54:33');
INSERT INTO `profiles` (`user_id`, `gender`, `birthday`, `city_id`, `created_at`, `updated_at`) VALUES (18, 'f', '1975-03-01', 18, '2017-08-01 03:17:57', '2016-02-03 17:08:30');
INSERT INTO `profiles` (`user_id`, `gender`, `birthday`, `city_id`, `created_at`, `updated_at`) VALUES (19, 'f', '2005-02-28', 19, '2013-01-07 15:57:48', '2015-01-21 18:17:59');
INSERT INTO `profiles` (`user_id`, `gender`, `birthday`, `city_id`, `created_at`, `updated_at`) VALUES (20, 'f', '1984-04-16', 20, '2021-06-17 07:37:08', '2020-10-07 12:22:04');
INSERT INTO `profiles` (`user_id`, `gender`, `birthday`, `city_id`, `created_at`, `updated_at`) VALUES (21, 'f', '2017-01-31', 21, '2014-07-19 19:52:57', '2020-04-07 21:29:25');
INSERT INTO `profiles` (`user_id`, `gender`, `birthday`, `city_id`, `created_at`, `updated_at`) VALUES (22, 'm', '1993-08-23', 22, '2020-02-02 09:01:35', '2013-04-25 13:51:32');
INSERT INTO `profiles` (`user_id`, `gender`, `birthday`, `city_id`, `created_at`, `updated_at`) VALUES (23, 'f', '2007-02-24', 23, '2019-04-11 02:16:20', '2019-01-08 21:46:39');
INSERT INTO `profiles` (`user_id`, `gender`, `birthday`, `city_id`, `created_at`, `updated_at`) VALUES (24, 'f', '2007-12-26', 24, '2020-05-28 02:19:56', '2019-11-26 12:18:31');
INSERT INTO `profiles` (`user_id`, `gender`, `birthday`, `city_id`, `created_at`, `updated_at`) VALUES (25, 'm', '2000-07-04', 25, '2012-02-10 03:59:00', '2014-11-15 08:44:00');
INSERT INTO `profiles` (`user_id`, `gender`, `birthday`, `city_id`, `created_at`, `updated_at`) VALUES (26, 'f', '1990-04-13', 26, '2017-05-10 15:23:25', '2013-04-06 21:18:49');
INSERT INTO `profiles` (`user_id`, `gender`, `birthday`, `city_id`, `created_at`, `updated_at`) VALUES (27, 'f', '1991-10-18', 27, '2021-05-14 23:10:40', '2020-07-09 08:13:11');
INSERT INTO `profiles` (`user_id`, `gender`, `birthday`, `city_id`, `created_at`, `updated_at`) VALUES (28, 'f', '2001-10-23', 28, '2015-09-28 19:57:12', '2016-10-29 09:37:07');
INSERT INTO `profiles` (`user_id`, `gender`, `birthday`, `city_id`, `created_at`, `updated_at`) VALUES (29, 'f', '2006-05-04', 29, '2014-12-28 14:46:16', '2017-12-02 23:33:01');
INSERT INTO `profiles` (`user_id`, `gender`, `birthday`, `city_id`, `created_at`, `updated_at`) VALUES (30, 'f', '2000-12-16', 30, '2021-03-26 04:31:32', '2016-12-11 14:58:21');
INSERT INTO `profiles` (`user_id`, `gender`, `birthday`, `city_id`, `created_at`, `updated_at`) VALUES (31, 'f', '1993-04-08', 31, '2015-04-02 01:48:55', '2012-06-05 11:43:46');
INSERT INTO `profiles` (`user_id`, `gender`, `birthday`, `city_id`, `created_at`, `updated_at`) VALUES (32, 'm', '1979-09-25', 32, '2011-10-24 07:23:16', '2011-10-05 08:44:46');
INSERT INTO `profiles` (`user_id`, `gender`, `birthday`, `city_id`, `created_at`, `updated_at`) VALUES (33, 'f', '1985-05-21', 33, '2011-12-02 04:25:52', '2019-06-08 16:57:18');
INSERT INTO `profiles` (`user_id`, `gender`, `birthday`, `city_id`, `created_at`, `updated_at`) VALUES (34, 'm', '2020-05-13', 34, '2017-07-28 01:06:54', '2016-06-30 19:25:24');
INSERT INTO `profiles` (`user_id`, `gender`, `birthday`, `city_id`, `created_at`, `updated_at`) VALUES (35, 'f', '1981-04-22', 35, '2014-08-10 01:22:56', '2015-12-10 14:56:30');
INSERT INTO `profiles` (`user_id`, `gender`, `birthday`, `city_id`, `created_at`, `updated_at`) VALUES (36, 'f', '2004-11-29', 36, '2021-07-13 18:25:34', '2011-07-26 04:01:23');
INSERT INTO `profiles` (`user_id`, `gender`, `birthday`, `city_id`, `created_at`, `updated_at`) VALUES (37, 'f', '2015-07-22', 37, '2013-08-24 18:22:23', '2020-12-19 19:43:06');
INSERT INTO `profiles` (`user_id`, `gender`, `birthday`, `city_id`, `created_at`, `updated_at`) VALUES (38, 'f', '1999-12-19', 38, '2013-06-04 00:42:16', '2020-05-12 18:34:10');
INSERT INTO `profiles` (`user_id`, `gender`, `birthday`, `city_id`, `created_at`, `updated_at`) VALUES (39, 'm', '2003-08-18', 39, '2013-10-24 12:22:55', '2019-04-08 03:21:46');
INSERT INTO `profiles` (`user_id`, `gender`, `birthday`, `city_id`, `created_at`, `updated_at`) VALUES (40, 'm', '1991-12-13', 40, '2015-06-22 15:53:37', '2017-06-25 18:21:57');
INSERT INTO `profiles` (`user_id`, `gender`, `birthday`, `city_id`, `created_at`, `updated_at`) VALUES (41, 'm', '1979-01-30', 41, '2013-07-23 10:32:53', '2013-05-12 04:46:11');
INSERT INTO `profiles` (`user_id`, `gender`, `birthday`, `city_id`, `created_at`, `updated_at`) VALUES (42, 'm', '2014-09-20', 42, '2019-02-01 16:17:14', '2013-11-24 17:59:21');
INSERT INTO `profiles` (`user_id`, `gender`, `birthday`, `city_id`, `created_at`, `updated_at`) VALUES (43, 'f', '1987-06-04', 43, '2015-03-27 12:51:18', '2014-05-04 11:43:02');
INSERT INTO `profiles` (`user_id`, `gender`, `birthday`, `city_id`, `created_at`, `updated_at`) VALUES (44, 'm', '1978-07-07', 44, '2017-01-14 18:32:45', '2017-08-28 18:30:20');
INSERT INTO `profiles` (`user_id`, `gender`, `birthday`, `city_id`, `created_at`, `updated_at`) VALUES (45, 'f', '2015-08-11', 45, '2012-04-29 02:53:27', '2014-11-30 10:08:44');
INSERT INTO `profiles` (`user_id`, `gender`, `birthday`, `city_id`, `created_at`, `updated_at`) VALUES (46, 'f', '2021-03-10', 46, '2016-05-06 22:11:21', '2019-06-20 18:15:05');
INSERT INTO `profiles` (`user_id`, `gender`, `birthday`, `city_id`, `created_at`, `updated_at`) VALUES (47, 'f', '1987-03-26', 47, '2020-10-21 07:12:57', '2019-08-05 22:31:08');
INSERT INTO `profiles` (`user_id`, `gender`, `birthday`, `city_id`, `created_at`, `updated_at`) VALUES (48, 'f', '1999-08-25', 48, '2012-08-19 13:43:56', '2021-06-13 00:57:50');
INSERT INTO `profiles` (`user_id`, `gender`, `birthday`, `city_id`, `created_at`, `updated_at`) VALUES (49, 'f', '1998-08-15', 49, '2012-07-24 19:52:50', '2015-11-09 08:51:40');
INSERT INTO `profiles` (`user_id`, `gender`, `birthday`, `city_id`, `created_at`, `updated_at`) VALUES (50, 'm', '2010-07-05', 50, '2019-03-16 16:14:23', '2013-11-20 07:44:42');
INSERT INTO `profiles` (`user_id`, `gender`, `birthday`, `city_id`, `created_at`, `updated_at`) VALUES (51, 'f', '1973-01-23', 1, '2013-09-23 09:54:39', '2013-12-25 16:43:35');
INSERT INTO `profiles` (`user_id`, `gender`, `birthday`, `city_id`, `created_at`, `updated_at`) VALUES (52, 'm', '1997-10-26', 2, '2015-06-27 00:45:51', '2016-08-30 20:29:28');
INSERT INTO `profiles` (`user_id`, `gender`, `birthday`, `city_id`, `created_at`, `updated_at`) VALUES (53, 'm', '1975-10-14', 3, '2019-05-13 11:57:17', '2014-06-10 17:02:25');
INSERT INTO `profiles` (`user_id`, `gender`, `birthday`, `city_id`, `created_at`, `updated_at`) VALUES (54, 'f', '1973-07-10', 4, '2011-11-18 05:51:34', '2015-06-05 08:03:26');
INSERT INTO `profiles` (`user_id`, `gender`, `birthday`, `city_id`, `created_at`, `updated_at`) VALUES (55, 'f', '1972-06-20', 5, '2019-07-16 16:59:55', '2020-07-29 13:51:38');
INSERT INTO `profiles` (`user_id`, `gender`, `birthday`, `city_id`, `created_at`, `updated_at`) VALUES (56, 'f', '1985-12-12', 6, '2020-12-03 04:46:57', '2019-01-25 05:22:46');
INSERT INTO `profiles` (`user_id`, `gender`, `birthday`, `city_id`, `created_at`, `updated_at`) VALUES (57, 'f', '1993-08-20', 7, '2013-07-17 03:10:53', '2012-07-10 20:14:54');
INSERT INTO `profiles` (`user_id`, `gender`, `birthday`, `city_id`, `created_at`, `updated_at`) VALUES (58, 'm', '2010-03-30', 8, '2016-07-14 15:24:25', '2019-06-26 20:10:51');
INSERT INTO `profiles` (`user_id`, `gender`, `birthday`, `city_id`, `created_at`, `updated_at`) VALUES (59, 'm', '1987-07-23', 9, '2019-02-01 17:02:01', '2018-04-12 04:31:04');
INSERT INTO `profiles` (`user_id`, `gender`, `birthday`, `city_id`, `created_at`, `updated_at`) VALUES (60, 'f', '1974-08-28', 10, '2013-11-01 04:01:32', '2018-01-15 02:02:22');
INSERT INTO `profiles` (`user_id`, `gender`, `birthday`, `city_id`, `created_at`, `updated_at`) VALUES (61, 'f', '1989-01-30', 11, '2016-05-29 08:48:10', '2020-12-27 12:12:19');
INSERT INTO `profiles` (`user_id`, `gender`, `birthday`, `city_id`, `created_at`, `updated_at`) VALUES (62, 'f', '1989-03-12', 12, '2013-11-16 07:23:16', '2011-10-01 09:21:25');
INSERT INTO `profiles` (`user_id`, `gender`, `birthday`, `city_id`, `created_at`, `updated_at`) VALUES (63, 'f', '1977-10-02', 13, '2012-05-30 08:19:09', '2015-10-12 01:59:46');
INSERT INTO `profiles` (`user_id`, `gender`, `birthday`, `city_id`, `created_at`, `updated_at`) VALUES (64, 'm', '2005-01-03', 14, '2011-09-28 08:47:33', '2013-04-15 03:51:09');
INSERT INTO `profiles` (`user_id`, `gender`, `birthday`, `city_id`, `created_at`, `updated_at`) VALUES (65, 'm', '1973-03-02', 15, '2019-05-19 13:36:23', '2021-05-21 15:41:12');
INSERT INTO `profiles` (`user_id`, `gender`, `birthday`, `city_id`, `created_at`, `updated_at`) VALUES (66, 'f', '2019-02-19', 16, '2013-09-24 17:47:47', '2021-03-26 22:26:34');
INSERT INTO `profiles` (`user_id`, `gender`, `birthday`, `city_id`, `created_at`, `updated_at`) VALUES (67, 'm', '2001-08-30', 17, '2018-05-17 06:51:11', '2012-04-24 12:29:59');
INSERT INTO `profiles` (`user_id`, `gender`, `birthday`, `city_id`, `created_at`, `updated_at`) VALUES (68, 'm', '2005-07-08', 18, '2016-01-07 05:50:06', '2020-07-11 14:18:52');
INSERT INTO `profiles` (`user_id`, `gender`, `birthday`, `city_id`, `created_at`, `updated_at`) VALUES (69, 'f', '1974-08-30', 19, '2016-04-14 13:12:22', '2018-12-31 17:53:38');
INSERT INTO `profiles` (`user_id`, `gender`, `birthday`, `city_id`, `created_at`, `updated_at`) VALUES (70, 'f', '1982-05-17', 20, '2013-05-14 14:26:42', '2016-07-20 02:22:45');
INSERT INTO `profiles` (`user_id`, `gender`, `birthday`, `city_id`, `created_at`, `updated_at`) VALUES (71, 'f', '1981-05-01', 21, '2014-11-15 08:48:50', '2018-10-13 06:30:12');
INSERT INTO `profiles` (`user_id`, `gender`, `birthday`, `city_id`, `created_at`, `updated_at`) VALUES (72, 'm', '2008-05-01', 22, '2017-06-28 00:15:00', '2016-10-05 02:22:14');
INSERT INTO `profiles` (`user_id`, `gender`, `birthday`, `city_id`, `created_at`, `updated_at`) VALUES (73, 'f', '1972-05-31', 23, '2018-03-16 08:18:12', '2017-09-16 06:17:20');
INSERT INTO `profiles` (`user_id`, `gender`, `birthday`, `city_id`, `created_at`, `updated_at`) VALUES (74, 'm', '1981-06-14', 24, '2013-03-11 01:49:47', '2015-08-17 02:54:51');
INSERT INTO `profiles` (`user_id`, `gender`, `birthday`, `city_id`, `created_at`, `updated_at`) VALUES (75, 'f', '1980-12-19', 25, '2016-08-07 15:40:23', '2012-03-26 14:50:17');
INSERT INTO `profiles` (`user_id`, `gender`, `birthday`, `city_id`, `created_at`, `updated_at`) VALUES (76, 'f', '2012-01-13', 26, '2021-06-18 07:05:00', '2019-05-23 14:36:01');
INSERT INTO `profiles` (`user_id`, `gender`, `birthday`, `city_id`, `created_at`, `updated_at`) VALUES (77, 'm', '1998-11-14', 27, '2011-08-17 07:07:03', '2019-10-20 01:48:28');
INSERT INTO `profiles` (`user_id`, `gender`, `birthday`, `city_id`, `created_at`, `updated_at`) VALUES (78, 'm', '1979-08-15', 28, '2013-10-31 00:36:29', '2021-03-15 02:48:54');
INSERT INTO `profiles` (`user_id`, `gender`, `birthday`, `city_id`, `created_at`, `updated_at`) VALUES (79, 'f', '1988-11-23', 29, '2015-10-04 15:09:42', '2019-11-11 10:45:43');
INSERT INTO `profiles` (`user_id`, `gender`, `birthday`, `city_id`, `created_at`, `updated_at`) VALUES (80, 'f', '1985-01-26', 30, '2012-02-18 05:22:31', '2016-08-08 13:57:55');
INSERT INTO `profiles` (`user_id`, `gender`, `birthday`, `city_id`, `created_at`, `updated_at`) VALUES (81, 'm', '1994-05-18', 31, '2017-10-16 03:18:53', '2013-12-11 20:40:06');
INSERT INTO `profiles` (`user_id`, `gender`, `birthday`, `city_id`, `created_at`, `updated_at`) VALUES (82, 'm', '1994-12-19', 32, '2011-11-22 12:19:28', '2018-08-24 06:39:07');
INSERT INTO `profiles` (`user_id`, `gender`, `birthday`, `city_id`, `created_at`, `updated_at`) VALUES (83, 'm', '1982-08-30', 33, '2013-02-08 10:53:06', '2012-01-20 22:21:26');
INSERT INTO `profiles` (`user_id`, `gender`, `birthday`, `city_id`, `created_at`, `updated_at`) VALUES (84, 'm', '2000-01-06', 34, '2016-11-26 15:11:18', '2021-04-10 07:00:51');
INSERT INTO `profiles` (`user_id`, `gender`, `birthday`, `city_id`, `created_at`, `updated_at`) VALUES (85, 'f', '1982-08-03', 35, '2020-07-06 05:57:19', '2012-01-09 15:52:34');
INSERT INTO `profiles` (`user_id`, `gender`, `birthday`, `city_id`, `created_at`, `updated_at`) VALUES (86, 'f', '2002-06-16', 36, '2016-09-23 14:35:27', '2019-12-06 07:08:46');
INSERT INTO `profiles` (`user_id`, `gender`, `birthday`, `city_id`, `created_at`, `updated_at`) VALUES (87, 'f', '1980-10-16', 37, '2014-10-23 15:45:11', '2012-05-27 19:34:31');
INSERT INTO `profiles` (`user_id`, `gender`, `birthday`, `city_id`, `created_at`, `updated_at`) VALUES (88, 'f', '1976-08-17', 38, '2012-06-20 00:14:17', '2017-05-28 16:59:27');
INSERT INTO `profiles` (`user_id`, `gender`, `birthday`, `city_id`, `created_at`, `updated_at`) VALUES (89, 'm', '1989-12-01', 39, '2012-09-23 08:18:38', '2019-11-13 15:20:03');
INSERT INTO `profiles` (`user_id`, `gender`, `birthday`, `city_id`, `created_at`, `updated_at`) VALUES (90, 'm', '1988-12-24', 40, '2019-07-29 02:04:31', '2018-06-09 02:46:07');
INSERT INTO `profiles` (`user_id`, `gender`, `birthday`, `city_id`, `created_at`, `updated_at`) VALUES (91, 'f', '2020-11-09', 41, '2021-06-03 21:11:21', '2015-07-31 04:04:19');
INSERT INTO `profiles` (`user_id`, `gender`, `birthday`, `city_id`, `created_at`, `updated_at`) VALUES (92, 'm', '1973-03-07', 42, '2020-12-07 11:21:51', '2013-10-02 18:49:54');
INSERT INTO `profiles` (`user_id`, `gender`, `birthday`, `city_id`, `created_at`, `updated_at`) VALUES (93, 'f', '1997-02-26', 43, '2016-12-14 00:45:14', '2018-01-18 14:21:24');
INSERT INTO `profiles` (`user_id`, `gender`, `birthday`, `city_id`, `created_at`, `updated_at`) VALUES (94, 'm', '1986-04-16', 44, '2016-02-28 16:30:31', '2013-01-04 13:31:32');
INSERT INTO `profiles` (`user_id`, `gender`, `birthday`, `city_id`, `created_at`, `updated_at`) VALUES (95, 'm', '2001-01-28', 45, '2021-03-28 05:44:36', '2014-08-18 15:35:34');
INSERT INTO `profiles` (`user_id`, `gender`, `birthday`, `city_id`, `created_at`, `updated_at`) VALUES (96, 'f', '2001-02-05', 46, '2020-09-07 05:32:28', '2020-02-05 14:20:53');
INSERT INTO `profiles` (`user_id`, `gender`, `birthday`, `city_id`, `created_at`, `updated_at`) VALUES (97, 'f', '1985-06-30', 47, '2021-05-05 20:20:50', '2014-11-29 00:21:16');
INSERT INTO `profiles` (`user_id`, `gender`, `birthday`, `city_id`, `created_at`, `updated_at`) VALUES (98, 'f', '1993-11-24', 48, '2017-04-05 17:18:29', '2012-01-19 09:06:24');
INSERT INTO `profiles` (`user_id`, `gender`, `birthday`, `city_id`, `created_at`, `updated_at`) VALUES (99, 'm', '2011-02-04', 49, '2019-02-10 00:58:11', '2016-03-29 11:10:13');
INSERT INTO `profiles` (`user_id`, `gender`, `birthday`, `city_id`, `created_at`, `updated_at`) VALUES (100, 'f', '2006-04-20', 50, '2021-04-22 00:13:40', '2020-02-17 03:06:20');


#
# TABLE STRUCTURE FOR: users
#

DROP TABLE IF EXISTS `users`;

CREATE TABLE `users` (
  `id` int(10) unsigned NOT NULL AUTO_INCREMENT COMMENT 'Идентификатор строки',
  `first_name` varchar(100) COLLATE utf8mb4_unicode_ci NOT NULL COMMENT 'Имя пользователя',
  `last_name` varchar(100) COLLATE utf8mb4_unicode_ci NOT NULL COMMENT 'Фамилия пользователя',
  `email` varchar(100) COLLATE utf8mb4_unicode_ci NOT NULL COMMENT 'Почта',
  `phone` varchar(100) COLLATE utf8mb4_unicode_ci NOT NULL COMMENT 'Телефон',
  `created_at` datetime DEFAULT current_timestamp() COMMENT 'Время создания строки',
  `updated_at` datetime DEFAULT current_timestamp() ON UPDATE current_timestamp() COMMENT 'Время обновления строки',
  PRIMARY KEY (`id`),
  UNIQUE KEY `email` (`email`),
  UNIQUE KEY `phone` (`phone`)
) ENGINE=InnoDB AUTO_INCREMENT=101 DEFAULT CHARSET=utf8mb4 COLLATE=utf8mb4_unicode_ci COMMENT='Пользователи';

INSERT INTO `users` (`id`, `first_name`, `last_name`, `email`, `phone`, `created_at`, `updated_at`) VALUES (1, 'Dave', 'Heaney', 'ophelia.reynolds@example.net', '1-135-342-8369', '2016-05-30 12:45:26', '2013-01-21 20:26:38');
INSERT INTO `users` (`id`, `first_name`, `last_name`, `email`, `phone`, `created_at`, `updated_at`) VALUES (2, 'Caroline', 'Lindgren', 'qmorissette@example.com', '(219)387-7798', '2020-11-25 20:17:21', '2018-02-06 02:34:36');
INSERT INTO `users` (`id`, `first_name`, `last_name`, `email`, `phone`, `created_at`, `updated_at`) VALUES (3, 'Hillary', 'VonRueden', 'mayra59@example.org', '(367)090-2360x125', '2013-12-20 12:24:50', '2017-11-08 05:54:44');
INSERT INTO `users` (`id`, `first_name`, `last_name`, `email`, `phone`, `created_at`, `updated_at`) VALUES (4, 'Tessie', 'Goldner', 'hcorkery@example.net', '(108)636-6796', '2013-01-05 09:26:06', '2018-07-26 17:34:00');
INSERT INTO `users` (`id`, `first_name`, `last_name`, `email`, `phone`, `created_at`, `updated_at`) VALUES (5, 'Laurianne', 'Fadel', 'emmet.smith@example.net', '1-193-374-4868', '2020-03-16 05:49:31', '2016-12-28 03:51:28');
INSERT INTO `users` (`id`, `first_name`, `last_name`, `email`, `phone`, `created_at`, `updated_at`) VALUES (6, 'Chanelle', 'Parisian', 'magdalena22@example.net', '08888795476', '2015-07-07 12:53:58', '2019-06-13 17:45:03');
INSERT INTO `users` (`id`, `first_name`, `last_name`, `email`, `phone`, `created_at`, `updated_at`) VALUES (7, 'Flo', 'Jones', 'caleb.kuphal@example.org', '169-918-1095x3376', '2014-10-12 00:51:47', '2016-11-04 00:46:14');
INSERT INTO `users` (`id`, `first_name`, `last_name`, `email`, `phone`, `created_at`, `updated_at`) VALUES (8, 'Marie', 'Rempel', 'sibyl57@example.org', '(526)089-5066x83785', '2013-10-04 02:51:38', '2018-08-25 07:38:16');
INSERT INTO `users` (`id`, `first_name`, `last_name`, `email`, `phone`, `created_at`, `updated_at`) VALUES (9, 'Francisca', 'McCullough', 'fharber@example.org', '1-651-218-8928x391', '2018-04-13 05:17:47', '2014-07-07 07:20:16');
INSERT INTO `users` (`id`, `first_name`, `last_name`, `email`, `phone`, `created_at`, `updated_at`) VALUES (10, 'Marcia', 'Johnston', 'kshields@example.net', '245.677.6606x289', '2015-12-04 11:10:37', '2020-08-14 23:32:52');
INSERT INTO `users` (`id`, `first_name`, `last_name`, `email`, `phone`, `created_at`, `updated_at`) VALUES (11, 'Amelie', 'Kiehn', 'beahan.reina@example.org', '09547155582', '2017-03-13 13:21:55', '2013-10-20 21:47:46');
INSERT INTO `users` (`id`, `first_name`, `last_name`, `email`, `phone`, `created_at`, `updated_at`) VALUES (12, 'Floy', 'Gorczany', 'bobbie86@example.com', '892.847.2296x8557', '2016-12-23 22:55:12', '2015-05-14 10:01:28');
INSERT INTO `users` (`id`, `first_name`, `last_name`, `email`, `phone`, `created_at`, `updated_at`) VALUES (13, 'Jarod', 'Gaylord', 'ibrahim.champlin@example.com', '(700)507-0969x04606', '2019-06-21 00:41:50', '2012-03-12 20:13:54');
INSERT INTO `users` (`id`, `first_name`, `last_name`, `email`, `phone`, `created_at`, `updated_at`) VALUES (14, 'Mackenzie', 'Lang', 'hipolito.towne@example.net', '300.854.7110x682', '2020-09-20 11:48:13', '2013-05-22 05:47:44');
INSERT INTO `users` (`id`, `first_name`, `last_name`, `email`, `phone`, `created_at`, `updated_at`) VALUES (15, 'Rosalee', 'Sawayn', 'ashlee.mckenzie@example.com', '00414216489', '2015-05-21 02:08:58', '2019-02-13 21:46:42');
INSERT INTO `users` (`id`, `first_name`, `last_name`, `email`, `phone`, `created_at`, `updated_at`) VALUES (16, 'Rosamond', 'Ruecker', 'cdeckow@example.com', '696-078-9450x835', '2020-06-25 19:43:19', '2020-02-26 09:42:23');
INSERT INTO `users` (`id`, `first_name`, `last_name`, `email`, `phone`, `created_at`, `updated_at`) VALUES (17, 'Jaclyn', 'Kuhlman', 'harris.caroline@example.com', '1-852-615-1961x6404', '2017-10-26 10:31:34', '2016-09-13 18:46:56');
INSERT INTO `users` (`id`, `first_name`, `last_name`, `email`, `phone`, `created_at`, `updated_at`) VALUES (18, 'Macy', 'Friesen', 'yvon@example.com', '(335)604-5629', '2013-12-23 15:44:21', '2016-05-15 10:23:13');
INSERT INTO `users` (`id`, `first_name`, `last_name`, `email`, `phone`, `created_at`, `updated_at`) VALUES (19, 'Gerard', 'Gaylord', 'ahaag@example.net', '1-195-355-9610', '2012-08-06 15:07:46', '2019-10-10 03:27:14');
INSERT INTO `users` (`id`, `first_name`, `last_name`, `email`, `phone`, `created_at`, `updated_at`) VALUES (20, 'Marcelo', 'Legros', 'lenna06@example.org', '1-354-541-5979x224', '2011-08-11 12:24:51', '2017-02-05 04:21:03');
INSERT INTO `users` (`id`, `first_name`, `last_name`, `email`, `phone`, `created_at`, `updated_at`) VALUES (21, 'Sadie', 'Bosco', 'jacobi.eliza@example.net', '1-310-666-9950x486', '2013-10-23 21:50:11', '2016-05-18 08:19:24');
INSERT INTO `users` (`id`, `first_name`, `last_name`, `email`, `phone`, `created_at`, `updated_at`) VALUES (22, 'Linda', 'Hirthe', 'carroll.kelton@example.com', '1-362-561-0672', '2016-07-15 17:43:32', '2019-02-02 22:49:23');
INSERT INTO `users` (`id`, `first_name`, `last_name`, `email`, `phone`, `created_at`, `updated_at`) VALUES (23, 'Fausto', 'Lind', 'harrison00@example.net', '(636)837-4638x401', '2020-06-10 00:11:08', '2014-07-16 22:12:45');
INSERT INTO `users` (`id`, `first_name`, `last_name`, `email`, `phone`, `created_at`, `updated_at`) VALUES (24, 'Whitney', 'Kulas', 'jwunsch@example.org', '750.169.6189', '2018-12-01 09:46:02', '2016-01-18 16:53:15');
INSERT INTO `users` (`id`, `first_name`, `last_name`, `email`, `phone`, `created_at`, `updated_at`) VALUES (25, 'Shaylee', 'Little', 'carey.watsica@example.com', '908.252.3694x51448', '2011-12-12 10:37:35', '2011-10-30 23:54:23');
INSERT INTO `users` (`id`, `first_name`, `last_name`, `email`, `phone`, `created_at`, `updated_at`) VALUES (26, 'Lindsay', 'Wilkinson', 'ondricka.howell@example.com', '(789)591-2128', '2014-03-11 02:48:54', '2018-06-25 09:23:13');
INSERT INTO `users` (`id`, `first_name`, `last_name`, `email`, `phone`, `created_at`, `updated_at`) VALUES (27, 'Jett', 'Weber', 'zfunk@example.net', '03257271887', '2013-04-05 13:24:42', '2014-02-24 09:54:34');
INSERT INTO `users` (`id`, `first_name`, `last_name`, `email`, `phone`, `created_at`, `updated_at`) VALUES (28, 'Anjali', 'Grimes', 'nyah37@example.org', '565.910.3762', '2013-09-21 17:11:30', '2016-05-02 03:08:52');
INSERT INTO `users` (`id`, `first_name`, `last_name`, `email`, `phone`, `created_at`, `updated_at`) VALUES (29, 'Stephan', 'Bosco', 'dheller@example.org', '538.017.4458x2773', '2013-12-31 04:31:31', '2017-10-02 00:31:12');
INSERT INTO `users` (`id`, `first_name`, `last_name`, `email`, `phone`, `created_at`, `updated_at`) VALUES (30, 'Helga', 'Hartmann', 'tristin90@example.org', '436.653.1682', '2018-06-19 08:02:17', '2013-03-05 14:38:20');
INSERT INTO `users` (`id`, `first_name`, `last_name`, `email`, `phone`, `created_at`, `updated_at`) VALUES (31, 'Johnny', 'Stracke', 'jedidiah30@example.net', '04642300430', '2019-09-23 05:09:34', '2013-11-06 02:23:14');
INSERT INTO `users` (`id`, `first_name`, `last_name`, `email`, `phone`, `created_at`, `updated_at`) VALUES (32, 'Kelsi', 'Schuster', 'weimann.myrl@example.com', '(903)102-7840x514', '2018-05-22 14:19:29', '2013-07-30 13:09:05');
INSERT INTO `users` (`id`, `first_name`, `last_name`, `email`, `phone`, `created_at`, `updated_at`) VALUES (33, 'Earline', 'Sauer', 'emile.gottlieb@example.org', '637-035-7620x7952', '2013-02-23 11:55:42', '2015-08-03 23:46:19');
INSERT INTO `users` (`id`, `first_name`, `last_name`, `email`, `phone`, `created_at`, `updated_at`) VALUES (34, 'Carolyne', 'Medhurst', 'stokes.fausto@example.org', '(965)590-0762x3554', '2018-04-02 17:37:31', '2014-09-18 13:16:55');
INSERT INTO `users` (`id`, `first_name`, `last_name`, `email`, `phone`, `created_at`, `updated_at`) VALUES (35, 'Verona', 'Schroeder', 'porter01@example.net', '070.217.9524x50605', '2017-04-24 23:34:07', '2016-05-11 03:25:24');
INSERT INTO `users` (`id`, `first_name`, `last_name`, `email`, `phone`, `created_at`, `updated_at`) VALUES (36, 'Piper', 'Schaefer', 'sgerhold@example.org', '(871)649-2161', '2014-04-18 06:54:51', '2012-02-21 07:12:07');
INSERT INTO `users` (`id`, `first_name`, `last_name`, `email`, `phone`, `created_at`, `updated_at`) VALUES (37, 'Georgianna', 'Cremin', 'zion.yost@example.com', '882.335.4043x11148', '2017-04-30 04:37:13', '2019-10-06 13:11:51');
INSERT INTO `users` (`id`, `first_name`, `last_name`, `email`, `phone`, `created_at`, `updated_at`) VALUES (38, 'Kimberly', 'Dach', 'hipolito.abbott@example.com', '(813)352-1462x4182', '2014-02-12 06:13:19', '2020-09-11 04:01:24');
INSERT INTO `users` (`id`, `first_name`, `last_name`, `email`, `phone`, `created_at`, `updated_at`) VALUES (39, 'Christine', 'Hettinger', 'nayeli43@example.org', '+33(0)8910678586', '2020-03-17 15:05:23', '2018-02-04 07:26:43');
INSERT INTO `users` (`id`, `first_name`, `last_name`, `email`, `phone`, `created_at`, `updated_at`) VALUES (40, 'Sally', 'Wehner', 'jlabadie@example.org', '529.832.9136', '2019-02-13 05:39:03', '2016-05-26 02:22:29');
INSERT INTO `users` (`id`, `first_name`, `last_name`, `email`, `phone`, `created_at`, `updated_at`) VALUES (41, 'Kiel', 'Lesch', 'annamarie90@example.net', '+66(7)5197604041', '2015-11-20 13:50:11', '2016-03-14 00:43:04');
INSERT INTO `users` (`id`, `first_name`, `last_name`, `email`, `phone`, `created_at`, `updated_at`) VALUES (42, 'Myron', 'Mayer', 'nolan.nathanial@example.com', '+25(6)4309283032', '2016-03-14 20:14:29', '2013-01-15 06:39:13');
INSERT INTO `users` (`id`, `first_name`, `last_name`, `email`, `phone`, `created_at`, `updated_at`) VALUES (43, 'Royce', 'Fisher', 'beulah09@example.net', '(200)197-5828x133', '2017-05-03 21:49:21', '2013-07-06 03:45:57');
INSERT INTO `users` (`id`, `first_name`, `last_name`, `email`, `phone`, `created_at`, `updated_at`) VALUES (44, 'Logan', 'Nitzsche', 'heidenreich.jake@example.org', '1-023-938-8747', '2012-06-23 15:58:34', '2018-05-26 16:05:37');
INSERT INTO `users` (`id`, `first_name`, `last_name`, `email`, `phone`, `created_at`, `updated_at`) VALUES (45, 'Rosalinda', 'Howe', 'hegmann.bertha@example.com', '1-514-957-0153', '2014-09-05 02:51:01', '2018-12-15 03:05:52');
INSERT INTO `users` (`id`, `first_name`, `last_name`, `email`, `phone`, `created_at`, `updated_at`) VALUES (46, 'Nikki', 'Waters', 'aileen.oberbrunner@example.com', '(719)987-1083x37044', '2015-08-11 06:04:53', '2015-07-10 15:40:28');
INSERT INTO `users` (`id`, `first_name`, `last_name`, `email`, `phone`, `created_at`, `updated_at`) VALUES (47, 'Florida', 'Haag', 'amaya14@example.org', '+00(2)1727591266', '2013-07-20 00:21:45', '2017-04-22 05:56:45');
INSERT INTO `users` (`id`, `first_name`, `last_name`, `email`, `phone`, `created_at`, `updated_at`) VALUES (48, 'Addison', 'Stoltenberg', 'marley.cummerata@example.net', '+79(9)9894872235', '2017-05-30 14:52:26', '2015-05-06 10:29:40');
INSERT INTO `users` (`id`, `first_name`, `last_name`, `email`, `phone`, `created_at`, `updated_at`) VALUES (49, 'America', 'Grant', 'rebecca90@example.com', '(289)752-0860', '2017-04-12 07:21:58', '2014-02-24 08:29:13');
INSERT INTO `users` (`id`, `first_name`, `last_name`, `email`, `phone`, `created_at`, `updated_at`) VALUES (50, 'Maude', 'Langworth', 'marquise82@example.net', '1-802-894-8974x495', '2020-08-19 22:51:14', '2020-02-18 23:31:20');
INSERT INTO `users` (`id`, `first_name`, `last_name`, `email`, `phone`, `created_at`, `updated_at`) VALUES (51, 'Cali', 'Kertzmann', 'will.amya@example.net', '+03(9)2339510360', '2015-11-04 05:44:12', '2019-10-30 14:31:52');
INSERT INTO `users` (`id`, `first_name`, `last_name`, `email`, `phone`, `created_at`, `updated_at`) VALUES (52, 'Earline', 'Schoen', 'kreiger.quinn@example.net', '(942)898-1309', '2013-06-10 18:18:39', '2018-11-23 04:49:26');
INSERT INTO `users` (`id`, `first_name`, `last_name`, `email`, `phone`, `created_at`, `updated_at`) VALUES (53, 'Joanne', 'Tremblay', 'braun.mathilde@example.net', '+59(5)1092455200', '2013-02-23 19:26:14', '2012-09-03 10:43:57');
INSERT INTO `users` (`id`, `first_name`, `last_name`, `email`, `phone`, `created_at`, `updated_at`) VALUES (54, 'Emilie', 'Gaylord', 'dkoelpin@example.com', '(673)363-3187x013', '2012-02-22 07:05:48', '2015-02-24 23:17:03');
INSERT INTO `users` (`id`, `first_name`, `last_name`, `email`, `phone`, `created_at`, `updated_at`) VALUES (55, 'Jovanny', 'Hand', 'wilderman.katlynn@example.net', '(081)311-6779x818', '2014-06-27 13:11:44', '2017-02-14 04:27:47');
INSERT INTO `users` (`id`, `first_name`, `last_name`, `email`, `phone`, `created_at`, `updated_at`) VALUES (56, 'Fabiola', 'Schaefer', 'wilkinson.eulalia@example.org', '+58(9)2325079859', '2011-08-06 19:31:07', '2012-05-16 13:11:33');
INSERT INTO `users` (`id`, `first_name`, `last_name`, `email`, `phone`, `created_at`, `updated_at`) VALUES (57, 'Nettie', 'Rowe', 'zemlak.oma@example.org', '039-312-7988x87872', '2015-10-08 02:53:33', '2019-11-03 00:04:04');
INSERT INTO `users` (`id`, `first_name`, `last_name`, `email`, `phone`, `created_at`, `updated_at`) VALUES (58, 'Eveline', 'Olson', 'runte.isabell@example.com', '09386753757', '2018-04-21 16:57:58', '2017-06-23 23:02:09');
INSERT INTO `users` (`id`, `first_name`, `last_name`, `email`, `phone`, `created_at`, `updated_at`) VALUES (59, 'Darrion', 'Will', 'wcorkery@example.org', '1-403-634-4226', '2017-06-06 15:50:11', '2019-09-27 07:57:02');
INSERT INTO `users` (`id`, `first_name`, `last_name`, `email`, `phone`, `created_at`, `updated_at`) VALUES (60, 'Simone', 'Brown', 'benjamin.konopelski@example.org', '326-091-0517', '2020-12-07 18:05:05', '2020-07-22 15:02:15');
INSERT INTO `users` (`id`, `first_name`, `last_name`, `email`, `phone`, `created_at`, `updated_at`) VALUES (61, 'Stacey', 'Trantow', 'jquigley@example.org', '1-665-044-6982x7625', '2014-08-25 19:22:19', '2013-11-10 21:02:09');
INSERT INTO `users` (`id`, `first_name`, `last_name`, `email`, `phone`, `created_at`, `updated_at`) VALUES (62, 'Chyna', 'Bashirian', 'rlebsack@example.org', '(080)594-1608x0817', '2015-11-27 12:06:25', '2012-05-16 11:45:43');
INSERT INTO `users` (`id`, `first_name`, `last_name`, `email`, `phone`, `created_at`, `updated_at`) VALUES (63, 'Moses', 'Funk', 'ikuhic@example.com', '1-599-297-2829', '2011-09-27 21:27:30', '2018-06-13 17:20:48');
INSERT INTO `users` (`id`, `first_name`, `last_name`, `email`, `phone`, `created_at`, `updated_at`) VALUES (64, 'Jaime', 'Rutherford', 'mcclure.missouri@example.net', '03716173142', '2017-11-30 21:55:12', '2017-06-04 23:20:02');
INSERT INTO `users` (`id`, `first_name`, `last_name`, `email`, `phone`, `created_at`, `updated_at`) VALUES (65, 'Brandy', 'Rogahn', 'bauch.alfred@example.net', '1-173-278-9710x6609', '2021-01-13 20:36:14', '2014-12-29 04:19:01');
INSERT INTO `users` (`id`, `first_name`, `last_name`, `email`, `phone`, `created_at`, `updated_at`) VALUES (66, 'Alycia', 'Armstrong', 'xhomenick@example.com', '826-729-8144', '2015-08-23 03:14:40', '2019-01-04 14:06:57');
INSERT INTO `users` (`id`, `first_name`, `last_name`, `email`, `phone`, `created_at`, `updated_at`) VALUES (67, 'Sydney', 'Reilly', 'stanton.gretchen@example.net', '(639)492-2199x49488', '2013-07-11 03:18:37', '2019-04-11 11:45:34');
INSERT INTO `users` (`id`, `first_name`, `last_name`, `email`, `phone`, `created_at`, `updated_at`) VALUES (68, 'Louisa', 'Marks', 'lsmith@example.net', '(022)521-3694', '2019-11-03 03:58:07', '2016-11-02 04:50:12');
INSERT INTO `users` (`id`, `first_name`, `last_name`, `email`, `phone`, `created_at`, `updated_at`) VALUES (69, 'Theron', 'VonRueden', 'anita.waters@example.net', '1-706-713-8632', '2018-08-05 10:44:17', '2019-02-05 12:29:24');
INSERT INTO `users` (`id`, `first_name`, `last_name`, `email`, `phone`, `created_at`, `updated_at`) VALUES (70, 'Joy', 'Pouros', 'lera.brown@example.net', '1-715-121-9165x35839', '2012-10-16 08:14:16', '2020-10-20 14:22:52');
INSERT INTO `users` (`id`, `first_name`, `last_name`, `email`, `phone`, `created_at`, `updated_at`) VALUES (71, 'Aubree', 'Kovacek', 'antonina49@example.net', '731.885.3386x124', '2018-02-16 13:27:38', '2020-01-07 03:20:15');
INSERT INTO `users` (`id`, `first_name`, `last_name`, `email`, `phone`, `created_at`, `updated_at`) VALUES (72, 'Jamal', 'Cronin', 'jenkins.tania@example.com', '464-948-7803x09178', '2020-08-02 20:59:10', '2018-07-18 05:31:56');
INSERT INTO `users` (`id`, `first_name`, `last_name`, `email`, `phone`, `created_at`, `updated_at`) VALUES (73, 'Ima', 'Reichert', 'gislason.mozell@example.com', '(112)281-7467', '2016-07-03 02:04:58', '2013-10-22 07:10:05');
INSERT INTO `users` (`id`, `first_name`, `last_name`, `email`, `phone`, `created_at`, `updated_at`) VALUES (74, 'Fiona', 'Bogisich', 'trantow.myra@example.org', '(389)507-5001x9385', '2017-10-06 16:28:03', '2014-08-06 21:10:32');
INSERT INTO `users` (`id`, `first_name`, `last_name`, `email`, `phone`, `created_at`, `updated_at`) VALUES (75, 'Emelia', 'Wilkinson', 'iebert@example.org', '374-646-1832x825', '2019-02-25 06:53:42', '2020-07-07 04:18:51');
INSERT INTO `users` (`id`, `first_name`, `last_name`, `email`, `phone`, `created_at`, `updated_at`) VALUES (76, 'Birdie', 'Hammes', 'dickinson.katrina@example.org', '+38(5)4308684611', '2021-06-02 20:02:26', '2013-04-27 04:25:27');
INSERT INTO `users` (`id`, `first_name`, `last_name`, `email`, `phone`, `created_at`, `updated_at`) VALUES (77, 'Tressie', 'Schulist', 'schneider.elenor@example.org', '472-837-7937x39253', '2016-03-19 09:53:41', '2019-10-17 02:03:24');
INSERT INTO `users` (`id`, `first_name`, `last_name`, `email`, `phone`, `created_at`, `updated_at`) VALUES (78, 'Jerome', 'Reynolds', 'ola98@example.net', '(882)563-9972', '2019-01-31 19:52:14', '2015-05-22 01:14:33');
INSERT INTO `users` (`id`, `first_name`, `last_name`, `email`, `phone`, `created_at`, `updated_at`) VALUES (79, 'Malvina', 'Swaniawski', 'boehm.brooks@example.net', '299-044-7175', '2012-09-13 08:11:26', '2013-01-03 13:34:29');
INSERT INTO `users` (`id`, `first_name`, `last_name`, `email`, `phone`, `created_at`, `updated_at`) VALUES (80, 'Orlo', 'Denesik', 'hilll.claudie@example.com', '375-188-1731', '2017-01-08 05:44:46', '2013-03-08 23:40:41');
INSERT INTO `users` (`id`, `first_name`, `last_name`, `email`, `phone`, `created_at`, `updated_at`) VALUES (81, 'Garnet', 'Stoltenberg', 'danial39@example.net', '771.348.3247x85767', '2012-12-03 01:06:41', '2020-12-28 10:22:28');
INSERT INTO `users` (`id`, `first_name`, `last_name`, `email`, `phone`, `created_at`, `updated_at`) VALUES (82, 'Rosario', 'Dibbert', 'liam.okuneva@example.org', '919.486.0187', '2018-01-08 07:36:17', '2020-03-06 05:05:04');
INSERT INTO `users` (`id`, `first_name`, `last_name`, `email`, `phone`, `created_at`, `updated_at`) VALUES (83, 'Tevin', 'Doyle', 'celestine.senger@example.com', '034-495-2337x141', '2019-09-21 18:57:59', '2017-03-20 19:14:32');
INSERT INTO `users` (`id`, `first_name`, `last_name`, `email`, `phone`, `created_at`, `updated_at`) VALUES (84, 'Jordane', 'Bahringer', 'kaela.zemlak@example.net', '(625)787-2847', '2013-01-19 09:19:09', '2017-03-09 12:24:58');
INSERT INTO `users` (`id`, `first_name`, `last_name`, `email`, `phone`, `created_at`, `updated_at`) VALUES (85, 'Earlene', 'Kulas', 'sister70@example.net', '+54(6)8405553394', '2016-02-08 13:25:33', '2011-10-15 15:39:07');
INSERT INTO `users` (`id`, `first_name`, `last_name`, `email`, `phone`, `created_at`, `updated_at`) VALUES (86, 'Jovani', 'Dicki', 'wsatterfield@example.org', '308-149-2634', '2016-03-04 01:38:25', '2015-12-04 12:54:35');
INSERT INTO `users` (`id`, `first_name`, `last_name`, `email`, `phone`, `created_at`, `updated_at`) VALUES (87, 'Ocie', 'Bradtke', 'elliot.keebler@example.net', '09250895096', '2018-12-16 05:03:47', '2012-02-14 22:07:41');
INSERT INTO `users` (`id`, `first_name`, `last_name`, `email`, `phone`, `created_at`, `updated_at`) VALUES (88, 'Blaise', 'Wiza', 'kendrick68@example.net', '1-046-110-6595', '2021-04-18 02:59:23', '2014-11-03 11:27:18');
INSERT INTO `users` (`id`, `first_name`, `last_name`, `email`, `phone`, `created_at`, `updated_at`) VALUES (89, 'Viola', 'Corwin', 'gino46@example.com', '065.822.4897', '2019-07-05 19:24:13', '2017-11-10 13:27:45');
INSERT INTO `users` (`id`, `first_name`, `last_name`, `email`, `phone`, `created_at`, `updated_at`) VALUES (90, 'Dexter', 'Monahan', 'qlindgren@example.org', '086-307-9642', '2018-07-11 19:17:44', '2016-10-31 10:29:56');
INSERT INTO `users` (`id`, `first_name`, `last_name`, `email`, `phone`, `created_at`, `updated_at`) VALUES (91, 'Jammie', 'Mosciski', 'lesley90@example.org', '218-455-0982', '2015-12-15 11:23:35', '2012-10-12 09:01:50');
INSERT INTO `users` (`id`, `first_name`, `last_name`, `email`, `phone`, `created_at`, `updated_at`) VALUES (92, 'Tyree', 'Mraz', 'tlangworth@example.net', '875-669-4085', '2017-03-13 21:05:05', '2020-11-15 09:40:53');
INSERT INTO `users` (`id`, `first_name`, `last_name`, `email`, `phone`, `created_at`, `updated_at`) VALUES (93, 'Sim', 'Jakubowski', 'nikolaus.kelsie@example.org', '815-775-4756x4861', '2015-07-15 06:11:33', '2013-04-12 15:39:20');
INSERT INTO `users` (`id`, `first_name`, `last_name`, `email`, `phone`, `created_at`, `updated_at`) VALUES (94, 'Carolyne', 'Nader', 'angus97@example.net', '(264)635-5028', '2014-09-19 10:13:55', '2011-11-10 07:24:59');
INSERT INTO `users` (`id`, `first_name`, `last_name`, `email`, `phone`, `created_at`, `updated_at`) VALUES (95, 'Pasquale', 'Stehr', 'susana.prosacco@example.com', '085-826-3315x9695', '2020-07-19 20:41:55', '2020-02-15 10:03:32');
INSERT INTO `users` (`id`, `first_name`, `last_name`, `email`, `phone`, `created_at`, `updated_at`) VALUES (96, 'Karlee', 'Hintz', 'ramon10@example.com', '161-012-0437x3187', '2013-11-25 00:41:55', '2016-01-13 07:02:57');
INSERT INTO `users` (`id`, `first_name`, `last_name`, `email`, `phone`, `created_at`, `updated_at`) VALUES (97, 'Rusty', 'Haag', 'carmelo.dickens@example.org', '1-370-151-1257x297', '2014-03-25 02:55:22', '2013-10-27 00:02:37');
INSERT INTO `users` (`id`, `first_name`, `last_name`, `email`, `phone`, `created_at`, `updated_at`) VALUES (98, 'Dakota', 'Barton', 'ellen29@example.org', '01626498069', '2019-05-06 13:22:36', '2014-04-03 16:52:11');
INSERT INTO `users` (`id`, `first_name`, `last_name`, `email`, `phone`, `created_at`, `updated_at`) VALUES (99, 'Bridie', 'Carter', 'welch.arvilla@example.net', '(589)327-4997', '2012-08-06 19:28:01', '2014-01-18 17:04:08');
INSERT INTO `users` (`id`, `first_name`, `last_name`, `email`, `phone`, `created_at`, `updated_at`) VALUES (100, 'Broderick', 'Dibbert', 'lbrown@example.org', '+31(4)7785428603', '2014-03-23 17:39:20', '2014-01-07 16:01:39');


